date,estimator,allocator,pred_vol,real_vol,pred_var,real_var,enb,hhi,cond_number,eff_rank,top1_share,q,lambda_max,lambda_min
2022-01-06,sample,equal_weight,0.012192,0.010968,0.000149,0.000120,14.241822,0.062500,435.052486,5.329378,0.526823,0.063492,0.002729,0.000006
2022-01-06,sample,inverse_variance,0.010176,0.009902,0.000104,0.000098,13.684438,0.087826,435.052486,5.329378,0.526823,0.063492,0.002729,0.000006
2022-01-06,sample,minimum_variance,0.008166,0.009523,0.000067,0.000091,4.687556,0.218721,435.052486,5.329378,0.526823,0.063492,0.002729,0.000006
2022-01-06,sample,risk_parity,0.010688,0.009941,0.000114,0.000099,16.000000,0.073045,435.052486,5.329378,0.526823,0.063492,0.002729,0.000006
2022-01-06,sample,hrp,0.009720,0.009711,0.000094,0.000094,12.568753,0.102841,435.052486,5.329378,0.526823,0.063492,0.002729,0.000006
2022-01-06,sample,max_diversification,0.009936,0.009405,0.000099,0.000088,8.014797,0.157796,435.052486,5.329378,0.526823,0.063492,0.002729,0.000006
2022-01-06,ledoit_wolf,equal_weight,0.012036,0.010968,0.000145,0.000120,14.252691,0.062500,435.052486,5.329378,0.526823,0.063492,0.002729,0.000006
2022-01-06,ledoit_wolf,inverse_variance,0.010127,0.009920,0.000103,0.000098,13.885808,0.085671,435.052486,5.329378,0.526823,0.063492,0.002729,0.000006
2022-01-06,ledoit_wolf,minimum_variance,0.008156,0.009522,0.000067,0.000091,4.675048,0.218577,435.052486,5.329378,0.526823,0.063492,0.002729,0.000006
2022-01-06,ledoit_wolf,risk_parity,0.010576,0.009951,0.000112,0.000099,16.000000,0.072759,435.052486,5.329378,0.526823,0.063492,0.002729,0.000006
2022-01-06,ledoit_wolf,hrp,0.009667,0.009744,0.000093,0.000095,12.948461,0.098350,435.052486,5.329378,0.526823,0.063492,0.002729,0.000006
2022-01-06,ledoit_wolf,max_diversification,0.009833,0.009397,0.000097,0.000088,8.053168,0.156857,435.052486,5.329378,0.526823,0.063492,0.002729,0.000006
2022-01-06,constant_corr,equal_weight,0.012168,0.010968,0.000148,0.000120,14.241822,0.062500,435.052486,5.329378,0.526823,0.063492,0.002729,0.000006
2022-01-06,constant_corr,inverse_variance,0.010156,0.009902,0.000103,0.000098,13.684439,0.087826,435.052486,5.329378,0.526823,0.063492,0.002729,0.000006
2022-01-06,constant_corr,minimum_variance,0.008149,0.009523,0.000066,0.000091,4.687562,0.218721,435.052486,5.329378,0.526823,0.063492,0.002729,0.000006
2022-01-06,constant_corr,risk_parity,0.010667,0.009941,0.000114,0.000099,16.000000,0.073045,435.052486,5.329378,0.526823,0.063492,0.002729,0.000006
2022-01-06,constant_corr,hrp,0.009701,0.009711,0.000094,0.000094,12.568753,0.102841,435.052486,5.329378,0.526823,0.063492,0.002729,0.000006
2022-01-06,constant_corr,max_diversification,0.009917,0.009405,0.000098,0.000088,8.014796,0.157796,435.052486,5.329378,0.526823,0.063492,0.002729,0.000006
2022-01-06,rmt_hard,equal_weight,0.012195,0.010968,0.000149,0.000120,14.240777,0.062500,435.052486,5.329378,0.526823,0.063492,0.002729,0.000006
2022-01-06,rmt_hard,inverse_variance,0.010167,0.009883,0.000103,0.000098,13.961850,0.086559,435.052486,5.329378,0.526823,0.063492,0.002729,0.000006
2022-01-06,rmt_hard,minimum_variance,0.008132,0.009513,0.000066,0.000091,4.683726,0.218748,435.052486,5.329378,0.526823,0.063492,0.002729,0.000006
2022-01-06,rmt_hard,risk_parity,0.010685,0.009940,0.000114,0.000099,16.000000,0.073106,435.052486,5.329378,0.526823,0.063492,0.002729,0.000006
2022-01-06,rmt_hard,hrp,0.009719,0.009696,0.000094,0.000094,12.834230,0.101499,435.052486,5.329378,0.526823,0.063492,0.002729,0.000006
2022-01-06,rmt_hard,max_diversification,0.009721,0.009312,0.000094,0.000087,7.519127,0.167755,435.052486,5.329378,0.526823,0.063492,0.002729,0.000006
2022-01-06,rmt_soft,equal_weight,0.012196,0.010968,0.000149,0.000120,14.240288,0.062500,435.052486,5.329378,0.526823,0.063492,0.002729,0.000006
2022-01-06,rmt_soft,inverse_variance,0.010154,0.009886,0.000103,0.000098,13.828111,0.087461,435.052486,5.329378,0.526823,0.063492,0.002729,0.000006
2022-01-06,rmt_soft,minimum_variance,0.008163,0.009516,0.000067,0.000091,4.683979,0.218739,435.052486,5.329378,0.526823,0.063492,0.002729,0.000006
2022-01-06,rmt_soft,risk_parity,0.010690,0.009941,0.000114,0.000099,16.000000,0.073035,435.052486,5.329378,0.526823,0.063492,0.002729,0.000006
2022-01-06,rmt_soft,hrp,0.009716,0.009703,0.000094,0.000094,12.679252,0.102318,435.052486,5.329378,0.526823,0.063492,0.002729,0.000006
2022-01-06,rmt_soft,max_diversification,0.009913,0.009360,0.000098,0.000088,7.960244,0.159970,435.052486,5.329378,0.526823,0.063492,0.002729,0.000006
2022-01-06,rmt_rie,equal_weight,0.011448,0.010968,0.000131,0.000120,14.238710,0.062500,435.052486,5.329378,0.526823,0.063492,0.002729,0.000006
2022-01-06,rmt_rie,inverse_variance,0.009617,0.009940,0.000092,0.000099,13.555611,0.087495,435.052486,5.329378,0.526823,0.063492,0.002729,0.000006
2022-01-06,rmt_rie,minimum_variance,0.007839,0.009499,0.000061,0.000090,4.660254,0.217338,435.052486,5.329378,0.526823,0.063492,0.002729,0.000006
2022-01-06,rmt_rie,risk_parity,0.010071,0.009960,0.000101,0.000099,16.000000,0.072508,435.052486,5.329378,0.526823,0.063492,0.002729,0.000006
2022-01-06,rmt_rie,hrp,0.009231,0.009758,0.000085,0.000095,12.525543,0.101045,435.052486,5.329378,0.526823,0.063492,0.002729,0.000006
2022-01-06,rmt_rie,max_diversification,0.009457,0.009390,0.000089,0.000088,7.940093,0.156534,435.052486,5.329378,0.526823,0.063492,0.002729,0.000006
2022-01-06,factor_model,equal_weight,0.012353,0.010968,0.000153,0.000120,14.112876,0.062500,435.052486,5.329378,0.526823,0.063492,0.002729,0.000006
2022-01-06,factor_model,inverse_variance,0.010140,0.009902,0.000103,0.000098,13.928504,0.087826,435.052486,5.329378,0.526823,0.063492,0.002729,0.000006
2022-01-06,factor_model,minimum_variance,0.007700,0.009503,0.000059,0.000090,4.902687,0.215060,435.052486,5.329378,0.526823,0.063492,0.002729,0.000006
2022-01-06,factor_model,risk_parity,0.010592,0.009890,0.000112,0.000098,16.000000,0.075210,435.052486,5.329378,0.526823,0.063492,0.002729,0.000006
2022-01-06,factor_model,hrp,0.009594,0.009562,0.000092,0.000091,13.796440,0.099066,435.052486,5.329378,0.526823,0.063492,0.002729,0.000006
2022-01-06,factor_model,max_diversification,0.009199,0.009760,0.000085,0.000095,5.906119,0.184952,435.052486,5.329378,0.526823,0.063492,0.002729,0.000006
2022-02-11,sample,equal_weight,0.011786,0.012988,0.000139,0.000169,14.358962,0.062500,451.488981,5.349958,0.519770,0.063492,0.002532,0.000006
2022-02-11,sample,inverse_variance,0.010107,0.012125,0.000102,0.000147,13.798534,0.084211,451.488981,5.349958,0.519770,0.063492,0.002532,0.000006
2022-02-11,sample,minimum_variance,0.008292,0.011222,0.000069,0.000126,4.646546,0.218760,451.488981,5.349958,0.519770,0.063492,0.002532,0.000006
2022-02-11,sample,risk_parity,0.010495,0.012050,0.000110,0.000145,16.000000,0.071508,451.488981,5.349958,0.519770,0.063492,0.002532,0.000006
2022-02-11,sample,hrp,0.009833,0.011950,0.000097,0.000143,13.588600,0.090094,451.488981,5.349958,0.519770,0.063492,0.002532,0.000006
2022-02-11,sample,max_diversification,0.009954,0.010917,0.000099,0.000119,8.564104,0.142046,451.488981,5.349958,0.519770,0.063492,0.002532,0.000006
2022-02-11,ledoit_wolf,equal_weight,0.011630,0.012988,0.000135,0.000169,14.369731,0.062500,451.488981,5.349958,0.519770,0.063492,0.002532,0.000006
2022-02-11,ledoit_wolf,inverse_variance,0.010039,0.012151,0.000101,0.000148,13.979121,0.082422,451.488981,5.349958,0.519770,0.063492,0.002532,0.000006
2022-02-11,ledoit_wolf,minimum_variance,0.008272,0.011222,0.000068,0.000126,4.632403,0.218716,451.488981,5.349958,0.519770,0.063492,0.002532,0.000006
2022-02-11,ledoit_wolf,risk_parity,0.010377,0.012061,0.000108,0.000145,16.000000,0.071272,451.488981,5.349958,0.519770,0.063492,0.002532,0.000006
2022-02-11,ledoit_wolf,hrp,0.009827,0.012020,0.000097,0.000144,13.864397,0.085658,451.488981,5.349958,0.519770,0.063492,0.002532,0.000006
2022-02-11,ledoit_wolf,max_diversification,0.009825,0.010910,0.000097,0.000119,8.533886,0.142691,451.488981,5.349958,0.519770,0.063492,0.002532,0.000006
2022-02-11,constant_corr,equal_weight,0.011763,0.012988,0.000138,0.000169,14.358962,0.062500,451.488981,5.349958,0.519770,0.063492,0.002532,0.000006
2022-02-11,constant_corr,inverse_variance,0.010087,0.012125,0.000102,0.000147,13.798534,0.084211,451.488981,5.349958,0.519770,0.063492,0.002532,0.000006
2022-02-11,constant_corr,minimum_variance,0.008275,0.011222,0.000068,0.000126,4.646547,0.218760,451.488981,5.349958,0.519770,0.063492,0.002532,0.000006
2022-02-11,constant_corr,risk_parity,0.010475,0.012050,0.000110,0.000145,16.000000,0.071508,451.488981,5.349958,0.519770,0.063492,0.002532,0.000006
2022-02-11,constant_corr,hrp,0.009814,0.011950,0.000096,0.000143,13.588600,0.090094,451.488981,5.349958,0.519770,0.063492,0.002532,0.000006
2022-02-11,constant_corr,max_diversification,0.009935,0.010917,0.000099,0.000119,8.564104,0.142046,451.488981,5.349958,0.519770,0.063492,0.002532,0.000006
2022-02-11,rmt_hard,equal_weight,0.011789,0.012988,0.000139,0.000169,14.358283,0.062500,451.488981,5.349958,0.519770,0.063492,0.002532,0.000006
2022-02-11,rmt_hard,inverse_variance,0.010077,0.012094,0.000102,0.000146,13.986058,0.083711,451.488981,5.349958,0.519770,0.063492,0.002532,0.000006
2022-02-11,rmt_hard,minimum_variance,0.008258,0.011196,0.000068,0.000125,4.651581,0.218954,451.488981,5.349958,0.519770,0.063492,0.002532,0.000006
2022-02-11,rmt_hard,risk_parity,0.010494,0.012048,0.000110,0.000145,16.000000,0.071578,451.488981,5.349958,0.519770,0.063492,0.002532,0.000006
2022-02-11,rmt_hard,hrp,0.009894,0.011962,0.000098,0.000143,13.806117,0.087356,451.488981,5.349958,0.519770,0.063492,0.002532,0.000006
2022-02-11,rmt_hard,max_diversification,0.009675,0.010919,0.000094,0.000119,7.921042,0.157118,451.488981,5.349958,0.519770,0.063492,0.002532,0.000006
2022-02-11,rmt_soft,equal_weight,0.011789,0.012988,0.000139,0.000169,14.357925,0.062500,451.488981,5.349958,0.519770,0.063492,0.002532,0.000006
2022-02-11,rmt_soft,inverse_variance,0.010088,0.012111,0.000102,0.000147,13.898852,0.084027,451.488981,5.349958,0.519770,0.063492,0.002532,0.000006
2022-02-11,rmt_soft,minimum_variance,0.008289,0.011214,0.000069,0.000126,4.645037,0.218797,451.488981,5.349958,0.519770,0.063492,0.002532,0.000006
2022-02-11,rmt_soft,risk_parity,0.010498,0.012050,0.000110,0.000145,16.000000,0.071503,451.488981,5.349958,0.519770,0.063492,0.002532,0.000006
2022-02-11,rmt_soft,hrp,0.009835,0.011947,0.000097,0.000143,13.665736,0.089708,451.488981,5.349958,0.519770,0.063492,0.002532,0.000006
2022-02-11,rmt_soft,max_diversification,0.009937,0.010909,0.000099,0.000119,8.561112,0.143233,451.488981,5.349958,0.519770,0.063492,0.002532,0.000006
2022-02-11,rmt_rie,equal_weight,0.011066,0.012988,0.000122,0.000169,14.363500,0.062500,451.488981,5.349958,0.519770,0.063492,0.002532,0.000006
2022-02-11,rmt_rie,inverse_variance,0.009592,0.012206,0.000092,0.000149,13.679787,0.083243,451.488981,5.349958,0.519770,0.063492,0.002532,0.000006
2022-02-11,rmt_rie,minimum_variance,0.008042,0.011231,0.000065,0.000126,4.730855,0.211955,451.488981,5.349958,0.519770,0.063492,0.002532,0.000006
2022-02-11,rmt_rie,risk_parity,0.009908,0.012096,0.000098,0.000146,16.000000,0.070773,451.488981,5.349958,0.519770,0.063492,0.002532,0.000006
2022-02-11,rmt_rie,hrp,0.009404,0.011993,0.000088,0.000144,13.379608,0.087105,451.488981,5.349958,0.519770,0.063492,0.002532,0.000006
2022-02-11,rmt_rie,max_diversification,0.009477,0.011004,0.000090,0.000121,8.406325,0.142371,451.488981,5.349958,0.519770,0.063492,0.002532,0.000006
2022-02-11,factor_model,equal_weight,0.011963,0.012988,0.000143,0.000169,14.314938,0.062500,451.488981,5.349958,0.519770,0.063492,0.002532,0.000006
2022-02-11,factor_model,inverse_variance,0.010169,0.012125,0.000103,0.000147,13.966219,0.084211,451.488981,5.349958,0.519770,0.063492,0.002532,0.000006
2022-02-11,factor_model,minimum_variance,0.008170,0.011175,0.000067,0.000125,4.676209,0.218047,451.488981,5.349958,0.519770,0.063492,0.002532,0.000006
2022-02-11,factor_model,risk_parity,0.010585,0.012019,0.000112,0.000144,16.000000,0.072040,451.488981,5.349958,0.519770,0.063492,0.002532,0.000006
2022-02-11,factor_model,hrp,0.009679,0.011693,0.000094,0.000137,12.792884,0.099602,451.488981,5.349958,0.519770,0.063492,0.002532,0.000006
2022-02-11,factor_model,max_diversification,0.009623,0.010437,0.000093,0.000109,7.215207,0.167466,451.488981,5.349958,0.519770,0.063492,0.002532,0.000006
2022-03-14,sample,equal_weight,0.011460,0.018980,0.000131,0.000360,14.474419,0.062500,492.242512,5.322287,0.518852,0.063492,0.002381,0.000005
2022-03-14,sample,inverse_variance,0.009999,0.018601,0.000100,0.000346,13.834705,0.082520,492.242512,5.322287,0.518852,0.063492,0.002381,0.000005
2022-03-14,sample,minimum_variance,0.008478,0.017758,0.000072,0.000315,4.682662,0.217415,492.242512,5.322287,0.518852,0.063492,0.002381,0.000005
2022-03-14,sample,risk_parity,0.010373,0.018413,0.000108,0.000339,16.000000,0.069894,492.242512,5.322287,0.518852,0.063492,0.002381,0.000005
2022-03-14,sample,hrp,0.009857,0.018491,0.000097,0.000342,13.794280,0.085459,492.242512,5.322287,0.518852,0.063492,0.002381,0.000005
2022-03-14,sample,max_diversification,0.009869,0.017444,0.000097,0.000304,8.459924,0.140012,492.242512,5.322287,0.518852,0.063492,0.002381,0.000005
2022-03-14,ledoit_wolf,equal_weight,0.011314,0.018980,0.000128,0.000360,14.483973,0.062500,492.242512,5.322287,0.518852,0.063492,0.002381,0.000005
2022-03-14,ledoit_wolf,inverse_variance,0.009924,0.018607,0.000098,0.000346,13.998235,0.081029,492.242512,5.322287,0.518852,0.063492,0.002381,0.000005
2022-03-14,ledoit_wolf,minimum_variance,0.008447,0.017762,0.000071,0.000315,4.693121,0.216306,492.242512,5.322287,0.518852,0.063492,0.002381,0.000005
2022-03-14,ledoit_wolf,risk_parity,0.010256,0.018420,0.000105,0.000339,16.000000,0.069726,492.242512,5.322287,0.518852,0.063492,0.002381,0.000005
2022-03-14,ledoit_wolf,hrp,0.009565,0.018247,0.000091,0.000333,13.636677,0.089345,492.242512,5.322287,0.518852,0.063492,0.002381,0.000005
2022-03-14,ledoit_wolf,max_diversification,0.009745,0.017438,0.000095,0.000304,8.444213,0.140448,492.242512,5.322287,0.518852,0.063492,0.002381,0.000005
2022-03-14,constant_corr,equal_weight,0.011438,0.018980,0.000131,0.000360,14.474419,0.062500,492.242512,5.322287,0.518852,0.063492,0.002381,0.000005
2022-03-14,constant_corr,inverse_variance,0.009979,0.018601,0.000100,0.000346,13.834705,0.082520,492.242512,5.322287,0.518852,0.063492,0.002381,0.000005
2022-03-14,constant_corr,minimum_variance,0.008461,0.017758,0.000072,0.000315,4.682670,0.217415,492.242512,5.322287,0.518852,0.063492,0.002381,0.000005
2022-03-14,constant_corr,risk_parity,0.010352,0.018413,0.000107,0.000339,16.000000,0.069894,492.242512,5.322287,0.518852,0.063492,0.002381,0.000005
2022-03-14,constant_corr,hrp,0.009837,0.018491,0.000097,0.000342,13.794280,0.085459,492.242512,5.322287,0.518852,0.063492,0.002381,0.000005
2022-03-14,constant_corr,max_diversification,0.009849,0.017444,0.000097,0.000304,8.459924,0.140012,492.242512,5.322287,0.518852,0.063492,0.002381,0.000005
2022-03-14,rmt_hard,equal_weight,0.011463,0.018980,0.000131,0.000360,14.473997,0.062500,492.242512,5.322287,0.518852,0.063492,0.002381,0.000005
2022-03-14,rmt_hard,inverse_variance,0.009971,0.018562,0.000099,0.000345,14.019075,0.082033,492.242512,5.322287,0.518852,0.063492,0.002381,0.000005
2022-03-14,rmt_hard,minimum_variance,0.008445,0.017706,0.000071,0.000314,4.665489,0.218536,492.242512,5.322287,0.518852,0.063492,0.002381,0.000005
2022-03-14,rmt_hard,risk_parity,0.010373,0.018411,0.000108,0.000339,16.000000,0.069926,492.242512,5.322287,0.518852,0.063492,0.002381,0.000005
2022-03-14,rmt_hard,hrp,0.009778,0.018391,0.000096,0.000338,13.833224,0.086775,492.242512,5.322287,0.518852,0.063492,0.002381,0.000005
2022-03-14,rmt_hard,max_diversification,0.009646,0.017113,0.000093,0.000293,7.825083,0.153611,492.242512,5.322287,0.518852,0.063492,0.002381,0.000005
2022-03-14,rmt_soft,equal_weight,0.011463,0.018980,0.000131,0.000360,14.473829,0.062500,492.242512,5.322287,0.518852,0.063492,0.002381,0.000005
2022-03-14,rmt_soft,inverse_variance,0.009983,0.018578,0.000100,0.000345,13.937700,0.082271,492.242512,5.322287,0.518852,0.063492,0.002381,0.000005
2022-03-14,rmt_soft,minimum_variance,0.008473,0.017745,0.000072,0.000315,4.666507,0.218083,492.242512,5.322287,0.518852,0.063492,0.002381,0.000005
2022-03-14,rmt_soft,risk_parity,0.010374,0.018413,0.000108,0.000339,16.000000,0.069891,492.242512,5.322287,0.518852,0.063492,0.002381,0.000005
2022-03-14,rmt_soft,hrp,0.009855,0.018480,0.000097,0.000342,13.854493,0.085195,492.242512,5.322287,0.518852,0.063492,0.002381,0.000005
2022-03-14,rmt_soft,max_diversification,0.009855,0.017398,0.000097,0.000303,8.458061,0.140851,492.242512,5.322287,0.518852,0.063492,0.002381,0.000005
2022-03-14,rmt_rie,equal_weight,0.010760,0.018980,0.000116,0.000360,14.481014,0.062500,492.242512,5.322287,0.518852,0.063492,0.002381,0.000005
2022-03-14,rmt_rie,inverse_variance,0.009469,0.018666,0.000090,0.000348,13.751849,0.081639,492.242512,5.322287,0.518852,0.063492,0.002381,0.000005
2022-03-14,rmt_rie,minimum_variance,0.008165,0.017722,0.000067,0.000314,4.760822,0.210442,492.242512,5.322287,0.518852,0.063492,0.002381,0.000005
2022-03-14,rmt_rie,risk_parity,0.009774,0.018435,0.000096,0.000340,16.000000,0.069417,492.242512,5.322287,0.518852,0.063492,0.002381,0.000005
2022-03-14,rmt_rie,hrp,0.009265,0.018471,0.000086,0.000341,13.750222,0.085126,492.242512,5.322287,0.518852,0.063492,0.002381,0.000005
2022-03-14,rmt_rie,max_diversification,0.009363,0.017398,0.000088,0.000303,8.288644,0.141749,492.242512,5.322287,0.518852,0.063492,0.002381,0.000005
2022-03-14,factor_model,equal_weight,0.011628,0.018980,0.000135,0.000360,14.446171,0.062500,492.242512,5.322287,0.518852,0.063492,0.002381,0.000005
2022-03-14,factor_model,inverse_variance,0.010072,0.018601,0.000101,0.000346,13.987852,0.082520,492.242512,5.322287,0.518852,0.063492,0.002381,0.000005
2022-03-14,factor_model,minimum_variance,0.008327,0.017808,0.000069,0.000317,4.830508,0.212888,492.242512,5.322287,0.518852,0.063492,0.002381,0.000005
2022-03-14,factor_model,risk_parity,0.010474,0.018407,0.000110,0.000339,16.000000,0.070319,492.242512,5.322287,0.518852,0.063492,0.002381,0.000005
2022-03-14,factor_model,hrp,0.009763,0.018492,0.000095,0.000342,13.483911,0.089536,492.242512,5.322287,0.518852,0.063492,0.002381,0.000005
2022-03-14,factor_model,max_diversification,0.009675,0.017754,0.000094,0.000315,6.803021,0.164760,492.242512,5.322287,0.518852,0.063492,0.002381,0.000005
2022-04-14,sample,equal_weight,0.011524,0.021060,0.000133,0.000444,14.714384,0.062500,467.775081,5.344547,0.514724,0.063492,0.002364,0.000005
2022-04-14,sample,inverse_variance,0.010369,0.018987,0.000108,0.000361,14.026978,0.078395,467.775081,5.344547,0.514724,0.063492,0.002364,0.000005
2022-04-14,sample,minimum_variance,0.008957,0.016885,0.000080,0.000285,4.618442,0.219322,467.775081,5.344547,0.514724,0.063492,0.002364,0.000005
2022-04-14,sample,risk_parity,0.010594,0.019415,0.000112,0.000377,16.000000,0.069105,467.775081,5.344547,0.514724,0.063492,0.002364,0.000005
2022-04-14,sample,hrp,0.010047,0.018386,0.000101,0.000338,13.850936,0.085371,467.775081,5.344547,0.514724,0.063492,0.002364,0.000005
2022-04-14,sample,max_diversification,0.010004,0.018412,0.000100,0.000339,7.894158,0.148497,467.775081,5.344547,0.514724,0.063492,0.002364,0.000005
2022-04-14,ledoit_wolf,equal_weight,0.011369,0.021060,0.000129,0.000444,14.723003,0.062500,467.775081,5.344547,0.514724,0.063492,0.002364,0.000005
2022-04-14,ledoit_wolf,inverse_variance,0.010272,0.019035,0.000106,0.000362,14.163577,0.077272,467.775081,5.344547,0.514724,0.063492,0.002364,0.000005
2022-04-14,ledoit_wolf,minimum_variance,0.008912,0.016867,0.000079,0.000285,4.885176,0.208973,467.775081,5.344547,0.514724,0.063492,0.002364,0.000005
2022-04-14,ledoit_wolf,risk_parity,0.010466,0.019432,0.000110,0.000378,16.000000,0.068937,467.775081,5.344547,0.514724,0.063492,0.002364,0.000005
2022-04-14,ledoit_wolf,hrp,0.010083,0.018780,0.000102,0.000353,13.923136,0.081095,467.775081,5.344547,0.514724,0.063492,0.002364,0.000005
2022-04-14,ledoit_wolf,max_diversification,0.009885,0.018395,0.000098,0.000338,7.964847,0.147261,467.775081,5.344547,0.514724,0.063492,0.002364,0.000005
2022-04-14,constant_corr,equal_weight,0.011501,0.021060,0.000132,0.000444,14.714384,0.062500,467.775081,5.344547,0.514724,0.063492,0.002364,0.000005
2022-04-14,constant_corr,inverse_variance,0.010349,0.018987,0.000107,0.000361,14.026978,0.078395,467.775081,5.344547,0.514724,0.063492,0.002364,0.000005
2022-04-14,constant_corr,minimum_variance,0.008939,0.016885,0.000080,0.000285,4.618605,0.219316,467.775081,5.344547,0.514724,0.063492,0.002364,0.000005
2022-04-14,constant_corr,risk_parity,0.010573,0.019415,0.000112,0.000377,16.000000,0.069105,467.775081,5.344547,0.514724,0.063492,0.002364,0.000005
2022-04-14,constant_corr,hrp,0.010027,0.018386,0.000101,0.000338,13.850936,0.085371,467.775081,5.344547,0.514724,0.063492,0.002364,0.000005
2022-04-14,constant_corr,max_diversification,0.009984,0.018412,0.000100,0.000339,7.894158,0.148497,467.775081,5.344547,0.514724,0.063492,0.002364,0.000005
2022-04-14,rmt_hard,equal_weight,0.011526,0.021060,0.000133,0.000444,14.713534,0.062500,467.775081,5.344547,0.514724,0.063492,0.002364,0.000005
2022-04-14,rmt_hard,inverse_variance,0.010334,0.018918,0.000107,0.000358,14.193100,0.078074,467.775081,5.344547,0.514724,0.063492,0.002364,0.000005
2022-04-14,rmt_hard,minimum_variance,0.008909,0.016847,0.000079,0.000284,4.643783,0.218579,467.775081,5.344547,0.514724,0.063492,0.002364,0.000005
2022-04-14,rmt_hard,risk_parity,0.010591,0.019411,0.000112,0.000377,16.000000,0.069183,467.775081,5.344547,0.514724,0.063492,0.002364,0.000005
2022-04-14,rmt_hard,hrp,0.010286,0.018873,0.000106,0.000356,14.456037,0.078353,467.775081,5.344547,0.514724,0.063492,0.002364,0.000005
2022-04-14,rmt_hard,max_diversification,0.009833,0.018147,0.000097,0.000329,7.567768,0.155879,467.775081,5.344547,0.514724,0.063492,0.002364,0.000005
2022-04-14,rmt_soft,equal_weight,0.011526,0.021060,0.000133,0.000444,14.713875,0.062500,467.775081,5.344547,0.514724,0.063492,0.002364,0.000005
2022-04-14,rmt_soft,inverse_variance,0.010354,0.018965,0.000107,0.000360,14.129315,0.078152,467.775081,5.344547,0.514724,0.063492,0.002364,0.000005
2022-04-14,rmt_soft,minimum_variance,0.008953,0.016891,0.000080,0.000285,4.638058,0.218601,467.775081,5.344547,0.514724,0.063492,0.002364,0.000005
2022-04-14,rmt_soft,risk_parity,0.010595,0.019416,0.000112,0.000377,16.000000,0.069112,467.775081,5.344547,0.514724,0.063492,0.002364,0.000005
2022-04-14,rmt_soft,hrp,0.010040,0.018369,0.000101,0.000337,13.876742,0.085430,467.775081,5.344547,0.514724,0.063492,0.002364,0.000005
2022-04-14,rmt_soft,max_diversification,0.010001,0.018401,0.000100,0.000339,7.898127,0.148877,467.775081,5.344547,0.514724,0.063492,0.002364,0.000005
2022-04-14,rmt_rie,equal_weight,0.010819,0.021060,0.000117,0.000444,14.721071,0.062500,467.775081,5.344547,0.514724,0.063492,0.002364,0.000005
2022-04-14,rmt_rie,inverse_variance,0.009800,0.019061,0.000096,0.000363,13.930063,0.077915,467.775081,5.344547,0.514724,0.063492,0.002364,0.000005
2022-04-14,rmt_rie,minimum_variance,0.008559,0.016637,0.000073,0.000277,5.162417,0.198428,467.775081,5.344547,0.514724,0.063492,0.002364,0.000005
2022-04-14,rmt_rie,risk_parity,0.009974,0.019429,0.000099,0.000377,16.000000,0.068724,467.775081,5.344547,0.514724,0.063492,0.002364,0.000005
2022-04-14,rmt_rie,hrp,0.009690,0.019105,0.000094,0.000365,14.133016,0.078913,467.775081,5.344547,0.514724,0.063492,0.002364,0.000005
2022-04-14,rmt_rie,max_diversification,0.009493,0.018307,0.000090,0.000335,7.824833,0.148159,467.775081,5.344547,0.514724,0.063492,0.002364,0.000005
2022-04-14,factor_model,equal_weight,0.011695,0.021060,0.000137,0.000444,14.706664,0.062500,467.775081,5.344547,0.514724,0.063492,0.002364,0.000005
2022-04-14,factor_model,inverse_variance,0.010469,0.018987,0.000110,0.000361,14.156035,0.078395,467.775081,5.344547,0.514724,0.063492,0.002364,0.000005
2022-04-14,factor_model,minimum_variance,0.008861,0.017335,0.000079,0.000301,4.392630,0.229854,467.775081,5.344547,0.514724,0.063492,0.002364,0.000005
2022-04-14,factor_model,risk_parity,0.010732,0.019425,0.000115,0.000377,16.000000,0.069284,467.775081,5.344547,0.514724,0.063492,0.002364,0.000005
2022-04-14,factor_model,hrp,0.010162,0.018250,0.000103,0.000333,13.951772,0.084268,467.775081,5.344547,0.514724,0.063492,0.002364,0.000005
2022-04-14,factor_model,max_diversification,0.010159,0.018407,0.000103,0.000339,7.553266,0.153985,467.775081,5.344547,0.514724,0.063492,0.002364,0.000005
2022-05-18,sample,equal_weight,0.012694,0.011939,0.000161,0.000143,14.696977,0.062500,544.732613,4.926352,0.554319,0.063492,0.002871,0.000005
2022-05-18,sample,inverse_variance,0.011455,0.010816,0.000131,0.000117,14.338801,0.076221,544.732613,4.926352,0.554319,0.063492,0.002871,0.000005
2022-05-18,sample,minimum_variance,0.009988,0.008946,0.000100,0.000080,4.996319,0.206142,544.732613,4.926352,0.554319,0.063492,0.002871,0.000005
2022-05-18,sample,risk_parity,0.011694,0.010865,0.000137,0.000118,16.000000,0.068771,544.732613,4.926352,0.554319,0.063492,0.002871,0.000005
2022-05-18,sample,hrp,0.011314,0.010514,0.000128,0.000111,14.919396,0.076171,544.732613,4.926352,0.554319,0.063492,0.002871,0.000005
2022-05-18,sample,max_diversification,0.011024,0.009083,0.000122,0.000082,7.802319,0.149743,544.732613,4.926352,0.554319,0.063492,0.002871,0.000005
2022-05-18,ledoit_wolf,equal_weight,0.012513,0.011939,0.000157,0.000143,14.705559,0.062500,544.732613,4.926352,0.554319,0.063492,0.002871,0.000005
2022-05-18,ledoit_wolf,inverse_variance,0.011336,0.010854,0.000129,0.000118,14.458014,0.075269,544.732613,4.926352,0.554319,0.063492,0.002871,0.000005
2022-05-18,ledoit_wolf,minimum_variance,0.009920,0.008935,0.000098,0.000080,5.374145,0.193978,544.732613,4.926352,0.554319,0.063492,0.002871,0.000005
2022-05-18,ledoit_wolf,risk_parity,0.011543,0.010877,0.000133,0.000118,16.000000,0.068614,544.732613,4.926352,0.554319,0.063492,0.002871,0.000005
2022-05-18,ledoit_wolf,hrp,0.011260,0.010672,0.000127,0.000114,14.651456,0.075223,544.732613,4.926352,0.554319,0.063492,0.002871,0.000005
2022-05-18,ledoit_wolf,max_diversification,0.010881,0.009060,0.000118,0.000082,7.787679,0.150233,544.732613,4.926352,0.554319,0.063492,0.002871,0.000005
2022-05-18,constant_corr,equal_weight,0.012669,0.011939,0.000161,0.000143,14.696977,0.062500,544.732613,4.926352,0.554319,0.063492,0.002871,0.000005
2022-05-18,constant_corr,inverse_variance,0.011433,0.010816,0.000131,0.000117,14.338801,0.076221,544.732613,4.926352,0.554319,0.063492,0.002871,0.000005
2022-05-18,constant_corr,minimum_variance,0.009968,0.008946,0.000099,0.000080,4.996539,0.206134,544.732613,4.926352,0.554319,0.063492,0.002871,0.000005
2022-05-18,constant_corr,risk_parity,0.011670,0.010865,0.000136,0.000118,16.000000,0.068771,544.732613,4.926352,0.554319,0.063492,0.002871,0.000005
2022-05-18,constant_corr,hrp,0.011292,0.010514,0.000128,0.000111,14.919396,0.076171,544.732613,4.926352,0.554319,0.063492,0.002871,0.000005
2022-05-18,constant_corr,max_diversification,0.011002,0.009083,0.000121,0.000082,7.802319,0.149743,544.732613,4.926352,0.554319,0.063492,0.002871,0.000005
2022-05-18,rmt_hard,equal_weight,0.012696,0.011939,0.000161,0.000143,14.696727,0.062500,544.732613,4.926352,0.554319,0.063492,0.002871,0.000005
2022-05-18,rmt_hard,inverse_variance,0.011420,0.010769,0.000130,0.000116,14.514728,0.075983,544.732613,4.926352,0.554319,0.063492,0.002871,0.000005
2022-05-18,rmt_hard,minimum_variance,0.009957,0.008971,0.000099,0.000080,5.160748,0.201207,544.732613,4.926352,0.554319,0.063492,0.002871,0.000005
2022-05-18,rmt_hard,risk_parity,0.011692,0.010863,0.000137,0.000118,16.000000,0.068817,544.732613,4.926352,0.554319,0.063492,0.002871,0.000005
2022-05-18,rmt_hard,hrp,0.011257,0.010527,0.000127,0.000111,15.016536,0.076618,544.732613,4.926352,0.554319,0.063492,0.002871,0.000005
2022-05-18,rmt_hard,max_diversification,0.010785,0.008907,0.000116,0.000079,6.906943,0.163895,544.732613,4.926352,0.554319,0.063492,0.002871,0.000005
2022-05-18,rmt_soft,equal_weight,0.012696,0.011939,0.000161,0.000143,14.696514,0.062500,544.732613,4.926352,0.554319,0.063492,0.002871,0.000005
2022-05-18,rmt_soft,inverse_variance,0.011442,0.010802,0.000131,0.000117,14.443075,0.075949,544.732613,4.926352,0.554319,0.063492,0.002871,0.000005
2022-05-18,rmt_soft,minimum_variance,0.009987,0.008955,0.000100,0.000080,5.132406,0.201792,544.732613,4.926352,0.554319,0.063492,0.002871,0.000005
2022-05-18,rmt_soft,risk_parity,0.011695,0.010866,0.000137,0.000118,16.000000,0.068767,544.732613,4.926352,0.554319,0.063492,0.002871,0.000005
2022-05-18,rmt_soft,hrp,0.011423,0.010671,0.000130,0.000114,14.959162,0.074029,544.732613,4.926352,0.554319,0.063492,0.002871,0.000005
2022-05-18,rmt_soft,max_diversification,0.011018,0.009076,0.000121,0.000082,7.781427,0.150243,544.732613,4.926352,0.554319,0.063492,0.002871,0.000005
2022-05-18,rmt_rie,equal_weight,0.011921,0.011939,0.000142,0.000143,14.699023,0.062500,544.732613,4.926352,0.554319,0.063492,0.002871,0.000005
2022-05-18,rmt_rie,inverse_variance,0.010811,0.010879,0.000117,0.000118,14.234291,0.076020,544.732613,4.926352,0.554319,0.063492,0.002871,0.000005
2022-05-18,rmt_rie,minimum_variance,0.009473,0.008992,0.000090,0.000081,5.261265,0.197038,544.732613,4.926352,0.554319,0.063492,0.002871,0.000005
2022-05-18,rmt_rie,risk_parity,0.010997,0.010885,0.000121,0.000118,16.000000,0.068539,544.732613,4.926352,0.554319,0.063492,0.002871,0.000005
2022-05-18,rmt_rie,hrp,0.010785,0.010736,0.000116,0.000115,14.950557,0.073301,544.732613,4.926352,0.554319,0.063492,0.002871,0.000005
2022-05-18,rmt_rie,max_diversification,0.010398,0.009186,0.000108,0.000084,7.750132,0.150352,544.732613,4.926352,0.554319,0.063492,0.002871,0.000005
2022-05-18,factor_model,equal_weight,0.012857,0.011939,0.000165,0.000143,14.703404,0.062500,544.732613,4.926352,0.554319,0.063492,0.002871,0.000005
2022-05-18,factor_model,inverse_variance,0.011571,0.010816,0.000134,0.000117,14.429464,0.076221,544.732613,4.926352,0.554319,0.063492,0.002871,0.000005
2022-05-18,factor_model,minimum_variance,0.010010,0.009124,0.000100,0.000083,4.941464,0.207893,544.732613,4.926352,0.554319,0.063492,0.002871,0.000005
2022-05-18,factor_model,risk_parity,0.011847,0.010874,0.000140,0.000118,16.000000,0.068776,544.732613,4.926352,0.554319,0.063492,0.002871,0.000005
2022-05-18,factor_model,hrp,0.011299,0.010408,0.000128,0.000108,14.508451,0.080191,544.732613,4.926352,0.554319,0.063492,0.002871,0.000005
2022-05-18,factor_model,max_diversification,0.011264,0.008934,0.000127,0.000080,7.060438,0.159492,544.732613,4.926352,0.554319,0.063492,0.002871,0.000005
2022-06-17,sample,equal_weight,0.012818,0.012346,0.000164,0.000152,14.646695,0.062500,564.517982,4.797131,0.566215,0.063492,0.002941,0.000005
2022-06-17,sample,inverse_variance,0.011537,0.010776,0.000133,0.000116,14.400084,0.076084,564.517982,4.797131,0.566215,0.063492,0.002941,0.000005
2022-06-17,sample,minimum_variance,0.010045,0.008376,0.000101,0.000070,5.746533,0.185508,564.517982,4.797131,0.566215,0.063492,0.002941,0.000005
2022-06-17,sample,risk_parity,0.011762,0.011140,0.000138,0.000124,16.000000,0.069202,564.517982,4.797131,0.566215,0.063492,0.002941,0.000005
2022-06-17,sample,hrp,0.011303,0.010524,0.000128,0.000111,14.558887,0.079343,564.517982,4.797131,0.566215,0.063492,0.002941,0.000005
2022-06-17,sample,max_diversification,0.010894,0.010273,0.000119,0.000106,7.374462,0.156668,564.517982,4.797131,0.566215,0.063492,0.002941,0.000005
2022-06-17,ledoit_wolf,equal_weight,0.012642,0.012346,0.000160,0.000152,14.655076,0.062500,564.517982,4.797131,0.566215,0.063492,0.002941,0.000005
2022-06-17,ledoit_wolf,inverse_variance,0.011421,0.010827,0.000130,0.000117,14.511380,0.075169,564.517982,4.797131,0.566215,0.063492,0.002941,0.000005
2022-06-17,ledoit_wolf,minimum_variance,0.009971,0.008392,0.000099,0.000070,5.811686,0.183191,564.517982,4.797131,0.566215,0.063492,0.002941,0.000005
2022-06-17,ledoit_wolf,risk_parity,0.011616,0.011154,0.000135,0.000124,16.000000,0.069034,564.517982,4.797131,0.566215,0.063492,0.002941,0.000005
2022-06-17,ledoit_wolf,hrp,0.011259,0.010694,0.000127,0.000114,14.531103,0.077146,564.517982,4.797131,0.566215,0.063492,0.002941,0.000005
2022-06-17,ledoit_wolf,max_diversification,0.010776,0.010261,0.000116,0.000105,7.396933,0.156553,564.517982,4.797131,0.566215,0.063492,0.002941,0.000005
2022-06-17,constant_corr,equal_weight,0.012793,0.012346,0.000164,0.000152,14.646695,0.062500,564.517982,4.797131,0.566215,0.063492,0.002941,0.000005
2022-06-17,constant_corr,inverse_variance,0.011514,0.010776,0.000133,0.000116,14.400084,0.076084,564.517982,4.797131,0.566215,0.063492,0.002941,0.000005
2022-06-17,constant_corr,minimum_variance,0.010025,0.008376,0.000101,0.000070,5.746562,0.185507,564.517982,4.797131,0.566215,0.063492,0.002941,0.000005
2022-06-17,constant_corr,risk_parity,0.011738,0.011140,0.000138,0.000124,16.000000,0.069202,564.517982,4.797131,0.566215,0.063492,0.002941,0.000005
2022-06-17,constant_corr,hrp,0.011280,0.010524,0.000127,0.000111,14.558887,0.079343,564.517982,4.797131,0.566215,0.063492,0.002941,0.000005
2022-06-17,constant_corr,max_diversification,0.010872,0.010273,0.000118,0.000106,7.374462,0.156668,564.517982,4.797131,0.566215,0.063492,0.002941,0.000005
2022-06-17,rmt_hard,equal_weight,0.012820,0.012346,0.000164,0.000152,14.646616,0.062500,564.517982,4.797131,0.566215,0.063492,0.002941,0.000005
2022-06-17,rmt_hard,inverse_variance,0.011495,0.010731,0.000132,0.000115,14.568733,0.075993,564.517982,4.797131,0.566215,0.063492,0.002941,0.000005
2022-06-17,rmt_hard,minimum_variance,0.010016,0.008383,0.000100,0.000070,5.819365,0.184008,564.517982,4.797131,0.566215,0.063492,0.002941,0.000005
2022-06-17,rmt_hard,risk_parity,0.011759,0.011136,0.000138,0.000124,16.000000,0.069271,564.517982,4.797131,0.566215,0.063492,0.002941,0.000005
2022-06-17,rmt_hard,hrp,0.011370,0.010756,0.000129,0.000116,14.437909,0.077915,564.517982,4.797131,0.566215,0.063492,0.002941,0.000005
2022-06-17,rmt_hard,max_diversification,0.010777,0.010056,0.000116,0.000101,6.871255,0.163507,564.517982,4.797131,0.566215,0.063492,0.002941,0.000005
2022-06-17,rmt_soft,equal_weight,0.012820,0.012346,0.000164,0.000152,14.646484,0.062500,564.517982,4.797131,0.566215,0.063492,0.002941,0.000005
2022-06-17,rmt_soft,inverse_variance,0.011523,0.010763,0.000133,0.000116,14.504331,0.075821,564.517982,4.797131,0.566215,0.063492,0.002941,0.000005
2022-06-17,rmt_soft,minimum_variance,0.010045,0.008373,0.000101,0.000070,5.740981,0.185496,564.517982,4.797131,0.566215,0.063492,0.002941,0.000005
2022-06-17,rmt_soft,risk_parity,0.011763,0.011141,0.000138,0.000124,16.000000,0.069195,564.517982,4.797131,0.566215,0.063492,0.002941,0.000005
2022-06-17,rmt_soft,hrp,0.011402,0.010754,0.000130,0.000116,14.890933,0.075860,564.517982,4.797131,0.566215,0.063492,0.002941,0.000005
2022-06-17,rmt_soft,max_diversification,0.010892,0.010222,0.000119,0.000104,7.290649,0.157726,564.517982,4.797131,0.566215,0.063492,0.002941,0.000005
2022-06-17,rmt_rie,equal_weight,0.012037,0.012346,0.000145,0.000152,14.646030,0.062500,564.517982,4.797131,0.566215,0.063492,0.002941,0.000005
2022-06-17,rmt_rie,inverse_variance,0.010862,0.010807,0.000118,0.000117,14.323240,0.076073,564.517982,4.797131,0.566215,0.063492,0.002941,0.000005
2022-06-17,rmt_rie,minimum_variance,0.009485,0.008389,0.000090,0.000070,5.785932,0.183835,564.517982,4.797131,0.566215,0.063492,0.002941,0.000005
2022-06-17,rmt_rie,risk_parity,0.011052,0.011150,0.000122,0.000124,16.000000,0.069078,564.517982,4.797131,0.566215,0.063492,0.002941,0.000005
2022-06-17,rmt_rie,hrp,0.010626,0.010538,0.000113,0.000111,14.526727,0.079277,564.517982,4.797131,0.566215,0.063492,0.002941,0.000005
2022-06-17,rmt_rie,max_diversification,0.010292,0.010381,0.000106,0.000108,7.607988,0.153973,564.517982,4.797131,0.566215,0.063492,0.002941,0.000005
2022-06-17,factor_model,equal_weight,0.012975,0.012346,0.000168,0.000152,14.652569,0.062500,564.517982,4.797131,0.566215,0.063492,0.002941,0.000005
2022-06-17,factor_model,inverse_variance,0.011648,0.010776,0.000136,0.000116,14.485724,0.076084,564.517982,4.797131,0.566215,0.063492,0.002941,0.000005
2022-06-17,factor_model,minimum_variance,0.010081,0.008151,0.000102,0.000066,5.460918,0.192101,564.517982,4.797131,0.566215,0.063492,0.002941,0.000005
2022-06-17,factor_model,risk_parity,0.011908,0.011122,0.000142,0.000124,16.000000,0.069219,564.517982,4.797131,0.566215,0.063492,0.002941,0.000005
2022-06-17,factor_model,hrp,0.011527,0.010718,0.000133,0.000115,14.732292,0.076549,564.517982,4.797131,0.566215,0.063492,0.002941,0.000005
2022-06-17,factor_model,max_diversification,0.011020,0.009915,0.000121,0.000098,6.325512,0.173420,564.517982,4.797131,0.566215,0.063492,0.002941,0.000005
2022-07-18,sample,equal_weight,0.012924,0.009993,0.000167,0.000100,14.722436,0.062500,561.583269,4.754018,0.569518,0.063492,0.002969,0.000005
2022-07-18,sample,inverse_variance,0.011683,0.009707,0.000136,0.000094,14.470346,0.075550,561.583269,4.754018,0.569518,0.063492,0.002969,0.000005
2022-07-18,sample,minimum_variance,0.010134,0.008581,0.000103,0.000074,5.332988,0.196976,561.583269,4.754018,0.569518,0.063492,0.002969,0.000005
2022-07-18,sample,risk_parity,0.011900,0.009623,0.000142,0.000093,16.000000,0.069037,561.583269,4.754018,0.569518,0.063492,0.002969,0.000005
2022-07-18,sample,hrp,0.011445,0.009648,0.000131,0.000093,14.638757,0.079018,561.583269,4.754018,0.569518,0.063492,0.002969,0.000005
2022-07-18,sample,max_diversification,0.011021,0.008675,0.000121,0.000075,7.449122,0.155676,561.583269,4.754018,0.569518,0.063492,0.002969,0.000005
2022-07-18,ledoit_wolf,equal_weight,0.012750,0.009993,0.000163,0.000100,14.730062,0.062500,561.583269,4.754018,0.569518,0.063492,0.002969,0.000005
2022-07-18,ledoit_wolf,inverse_variance,0.011567,0.009718,0.000134,0.000094,14.572008,0.074701,561.583269,4.754018,0.569518,0.063492,0.002969,0.000005
2022-07-18,ledoit_wolf,minimum_variance,0.010063,0.008550,0.000101,0.000073,5.466132,0.192757,561.583269,4.754018,0.569518,0.063492,0.002969,0.000005
2022-07-18,ledoit_wolf,risk_parity,0.011755,0.009627,0.000138,0.000093,16.000000,0.068879,561.583269,4.754018,0.569518,0.063492,0.002969,0.000005
2022-07-18,ledoit_wolf,hrp,0.011407,0.009647,0.000130,0.000093,14.595393,0.076820,561.583269,4.754018,0.569518,0.063492,0.002969,0.000005
2022-07-18,ledoit_wolf,max_diversification,0.010908,0.008695,0.000119,0.000076,7.499177,0.154852,561.583269,4.754018,0.569518,0.063492,0.002969,0.000005
2022-07-18,constant_corr,equal_weight,0.012898,0.009993,0.000166,0.000100,14.722436,0.062500,561.583269,4.754018,0.569518,0.063492,0.002969,0.000005
2022-07-18,constant_corr,inverse_variance,0.011660,0.009707,0.000136,0.000094,14.470346,0.075550,561.583269,4.754018,0.569518,0.063492,0.002969,0.000005
2022-07-18,constant_corr,minimum_variance,0.010114,0.008581,0.000102,0.000074,5.332990,0.196976,561.583269,4.754018,0.569518,0.063492,0.002969,0.000005
2022-07-18,constant_corr,risk_parity,0.011877,0.009623,0.000141,0.000093,16.000000,0.069037,561.583269,4.754018,0.569518,0.063492,0.002969,0.000005
2022-07-18,constant_corr,hrp,0.011422,0.009648,0.000130,0.000093,14.638757,0.079018,561.583269,4.754018,0.569518,0.063492,0.002969,0.000005
2022-07-18,constant_corr,max_diversification,0.011000,0.008675,0.000121,0.000075,7.449122,0.155676,561.583269,4.754018,0.569518,0.063492,0.002969,0.000005
2022-07-18,rmt_hard,equal_weight,0.012925,0.009993,0.000167,0.000100,14.722922,0.062500,561.583269,4.754018,0.569518,0.063492,0.002969,0.000005
2022-07-18,rmt_hard,inverse_variance,0.011643,0.009688,0.000136,0.000094,14.636107,0.075466,561.583269,4.754018,0.569518,0.063492,0.002969,0.000005
2022-07-18,rmt_hard,minimum_variance,0.010107,0.008590,0.000102,0.000074,5.400227,0.195158,561.583269,4.754018,0.569518,0.063492,0.002969,0.000005
2022-07-18,rmt_hard,risk_parity,0.011898,0.009621,0.000142,0.000093,16.000000,0.069102,561.583269,4.754018,0.569518,0.063492,0.002969,0.000005
2022-07-18,rmt_hard,hrp,0.011435,0.009468,0.000131,0.000090,14.278003,0.080323,561.583269,4.754018,0.569518,0.063492,0.002969,0.000005
2022-07-18,rmt_hard,max_diversification,0.010899,0.008608,0.000119,0.000074,6.860844,0.163929,561.583269,4.754018,0.569518,0.063492,0.002969,0.000005
2022-07-18,rmt_soft,equal_weight,0.012925,0.009993,0.000167,0.000100,14.722446,0.062500,561.583269,4.754018,0.569518,0.063492,0.002969,0.000005
2022-07-18,rmt_soft,inverse_variance,0.011670,0.009703,0.000136,0.000094,14.573489,0.075293,561.583269,4.754018,0.569518,0.063492,0.002969,0.000005
2022-07-18,rmt_soft,minimum_variance,0.010135,0.008602,0.000103,0.000074,5.342198,0.196546,561.583269,4.754018,0.569518,0.063492,0.002969,0.000005
2022-07-18,rmt_soft,risk_parity,0.011902,0.009623,0.000142,0.000093,16.000000,0.069032,561.583269,4.754018,0.569518,0.063492,0.002969,0.000005
2022-07-18,rmt_soft,hrp,0.011554,0.009585,0.000133,0.000092,14.959015,0.075497,561.583269,4.754018,0.569518,0.063492,0.002969,0.000005
2022-07-18,rmt_soft,max_diversification,0.011014,0.008660,0.000121,0.000075,7.335062,0.157136,561.583269,4.754018,0.569518,0.063492,0.002969,0.000005
2022-07-18,rmt_rie,equal_weight,0.012137,0.009993,0.000147,0.000100,14.721409,0.062500,561.583269,4.754018,0.569518,0.063492,0.002969,0.000005
2022-07-18,rmt_rie,inverse_variance,0.010998,0.009721,0.000121,0.000094,14.394480,0.075551,561.583269,4.754018,0.569518,0.063492,0.002969,0.000005
2022-07-18,rmt_rie,minimum_variance,0.009572,0.008550,0.000092,0.000073,5.459611,0.192980,561.583269,4.754018,0.569518,0.063492,0.002969,0.000005
2022-07-18,rmt_rie,risk_parity,0.011183,0.009628,0.000125,0.000093,16.000000,0.068917,561.583269,4.754018,0.569518,0.063492,0.002969,0.000005
2022-07-18,rmt_rie,hrp,0.010685,0.009553,0.000114,0.000091,14.824525,0.080283,561.583269,4.754018,0.569518,0.063492,0.002969,0.000005
2022-07-18,rmt_rie,max_diversification,0.010420,0.008785,0.000109,0.000077,7.715813,0.152094,561.583269,4.754018,0.569518,0.063492,0.002969,0.000005
2022-07-18,factor_model,equal_weight,0.013078,0.009993,0.000171,0.000100,14.722800,0.062500,561.583269,4.754018,0.569518,0.063492,0.002969,0.000005
2022-07-18,factor_model,inverse_variance,0.011790,0.009707,0.000139,0.000094,14.554217,0.075550,561.583269,4.754018,0.569518,0.063492,0.002969,0.000005
2022-07-18,factor_model,minimum_variance,0.010164,0.008742,0.000103,0.000076,5.200222,0.200190,561.583269,4.754018,0.569518,0.063492,0.002969,0.000005
2022-07-18,factor_model,risk_parity,0.012040,0.009624,0.000145,0.000093,16.000000,0.069083,561.583269,4.754018,0.569518,0.063492,0.002969,0.000005
2022-07-18,factor_model,hrp,0.011336,0.009436,0.000129,0.000089,14.150834,0.085916,561.583269,4.754018,0.569518,0.063492,0.002969,0.000005
2022-07-18,factor_model,max_diversification,0.011126,0.008399,0.000124,0.000071,6.359757,0.172268,561.583269,4.754018,0.569518,0.063492,0.002969,0.000005
2022-08-16,sample,equal_weight,0.012493,0.008601,0.000156,0.000074,14.879792,0.062500,529.399316,4.828112,0.563338,0.063492,0.002735,0.000005
2022-08-16,sample,inverse_variance,0.011413,0.007943,0.000130,0.000063,14.552695,0.074774,529.399316,4.828112,0.563338,0.063492,0.002735,0.000005
2022-08-16,sample,minimum_variance,0.009891,0.005778,0.000098,0.000033,5.610805,0.189936,529.399316,4.828112,0.563338,0.063492,0.002735,0.000005
2022-08-16,sample,risk_parity,0.011587,0.007805,0.000134,0.000061,16.000000,0.068642,529.399316,4.828112,0.563338,0.063492,0.002735,0.000005
2022-08-16,sample,hrp,0.011152,0.007607,0.000124,0.000058,14.607542,0.078931,529.399316,4.828112,0.563338,0.063492,0.002735,0.000005
2022-08-16,sample,max_diversification,0.010558,0.006565,0.000111,0.000043,6.458066,0.165976,529.399316,4.828112,0.563338,0.063492,0.002735,0.000005
2022-08-16,ledoit_wolf,equal_weight,0.012319,0.008601,0.000152,0.000074,14.886841,0.062500,529.399316,4.828112,0.563338,0.063492,0.002735,0.000005
2022-08-16,ledoit_wolf,inverse_variance,0.011293,0.007955,0.000128,0.000063,14.651661,0.073917,529.399316,4.828112,0.563338,0.063492,0.002735,0.000005
2022-08-16,ledoit_wolf,minimum_variance,0.009815,0.005809,0.000096,0.000034,5.735995,0.186292,529.399316,4.828112,0.563338,0.063492,0.002735,0.000005
2022-08-16,ledoit_wolf,risk_parity,0.011440,0.007813,0.000131,0.000061,16.000000,0.068486,529.399316,4.828112,0.563338,0.063492,0.002735,0.000005
2022-08-16,ledoit_wolf,hrp,0.011048,0.007580,0.000122,0.000057,14.805439,0.077456,529.399316,4.828112,0.563338,0.063492,0.002735,0.000005
2022-08-16,ledoit_wolf,max_diversification,0.010455,0.006560,0.000109,0.000043,6.559584,0.164250,529.399316,4.828112,0.563338,0.063492,0.002735,0.000005
2022-08-16,constant_corr,equal_weight,0.012468,0.008601,0.000155,0.000074,14.879792,0.062500,529.399316,4.828112,0.563338,0.063492,0.002735,0.000005
2022-08-16,constant_corr,inverse_variance,0.011390,0.007943,0.000130,0.000063,14.552695,0.074774,529.399316,4.828112,0.563338,0.063492,0.002735,0.000005
2022-08-16,constant_corr,minimum_variance,0.009871,0.005778,0.000097,0.000033,5.610872,0.189935,529.399316,4.828112,0.563338,0.063492,0.002735,0.000005
2022-08-16,constant_corr,risk_parity,0.011564,0.007805,0.000134,0.000061,16.000000,0.068642,529.399316,4.828112,0.563338,0.063492,0.002735,0.000005
2022-08-16,constant_corr,hrp,0.011129,0.007607,0.000124,0.000058,14.607542,0.078931,529.399316,4.828112,0.563338,0.063492,0.002735,0.000005
2022-08-16,constant_corr,max_diversification,0.010537,0.006565,0.000111,0.000043,6.458066,0.165976,529.399316,4.828112,0.563338,0.063492,0.002735,0.000005
2022-08-16,rmt_hard,equal_weight,0.012495,0.008601,0.000156,0.000074,14.880059,0.062500,529.399316,4.828112,0.563338,0.063492,0.002735,0.000005
2022-08-16,rmt_hard,inverse_variance,0.011372,0.007890,0.000129,0.000062,14.715316,0.074778,529.399316,4.828112,0.563338,0.063492,0.002735,0.000005
2022-08-16,rmt_hard,minimum_variance,0.009874,0.005810,0.000097,0.000034,5.727459,0.187151,529.399316,4.828112,0.563338,0.063492,0.002735,0.000005
2022-08-16,rmt_hard,risk_parity,0.011585,0.007803,0.000134,0.000061,16.000000,0.068711,529.399316,4.828112,0.563338,0.063492,0.002735,0.000005
2022-08-16,rmt_hard,hrp,0.011248,0.007709,0.000127,0.000059,14.895513,0.076828,529.399316,4.828112,0.563338,0.063492,0.002735,0.000005
2022-08-16,rmt_hard,max_diversification,0.010519,0.006601,0.000111,0.000044,6.317277,0.169243,529.399316,4.828112,0.563338,0.063492,0.002735,0.000005
2022-08-16,rmt_soft,equal_weight,0.012495,0.008601,0.000156,0.000074,14.879701,0.062500,529.399316,4.828112,0.563338,0.063492,0.002735,0.000005
2022-08-16,rmt_soft,inverse_variance,0.011401,0.007919,0.000130,0.000063,14.658488,0.074519,529.399316,4.828112,0.563338,0.063492,0.002735,0.000005
2022-08-16,rmt_soft,minimum_variance,0.009900,0.005792,0.000098,0.000034,5.636337,0.189159,529.399316,4.828112,0.563338,0.063492,0.002735,0.000005
2022-08-16,rmt_soft,risk_parity,0.011589,0.007806,0.000134,0.000061,16.000000,0.068637,529.399316,4.828112,0.563338,0.063492,0.002735,0.000005
2022-08-16,rmt_soft,hrp,0.011109,0.007603,0.000123,0.000058,14.352109,0.079912,529.399316,4.828112,0.563338,0.063492,0.002735,0.000005
2022-08-16,rmt_soft,max_diversification,0.010568,0.006565,0.000112,0.000043,6.430042,0.166793,529.399316,4.828112,0.563338,0.063492,0.002735,0.000005
2022-08-16,rmt_rie,equal_weight,0.011733,0.008601,0.000138,0.000074,14.879607,0.062500,529.399316,4.828112,0.563338,0.063492,0.002735,0.000005
2022-08-16,rmt_rie,inverse_variance,0.010766,0.007990,0.000116,0.000064,14.415383,0.074789,529.399316,4.828112,0.563338,0.063492,0.002735,0.000005
2022-08-16,rmt_rie,minimum_variance,0.009353,0.005756,0.000087,0.000033,5.663639,0.187670,529.399316,4.828112,0.563338,0.063492,0.002735,0.000005
2022-08-16,rmt_rie,risk_parity,0.010895,0.007807,0.000119,0.000061,16.000000,0.068447,529.399316,4.828112,0.563338,0.063492,0.002735,0.000005
2022-08-16,rmt_rie,hrp,0.010496,0.007499,0.000110,0.000056,14.817050,0.077817,529.399316,4.828112,0.563338,0.063492,0.002735,0.000005
2022-08-16,rmt_rie,max_diversification,0.010014,0.006541,0.000100,0.000043,7.057147,0.158995,529.399316,4.828112,0.563338,0.063492,0.002735,0.000005
2022-08-16,factor_model,equal_weight,0.012644,0.008601,0.000160,0.000074,14.878611,0.062500,529.399316,4.828112,0.563338,0.063492,0.002735,0.000005
2022-08-16,factor_model,inverse_variance,0.011523,0.007943,0.000133,0.000063,14.630158,0.074774,529.399316,4.828112,0.563338,0.063492,0.002735,0.000005
2022-08-16,factor_model,minimum_variance,0.009958,0.005916,0.000099,0.000035,5.221845,0.199096,529.399316,4.828112,0.563338,0.063492,0.002735,0.000005
2022-08-16,factor_model,risk_parity,0.011725,0.007818,0.000137,0.000061,16.000000,0.068680,529.399316,4.828112,0.563338,0.063492,0.002735,0.000005
2022-08-16,factor_model,hrp,0.011086,0.007475,0.000123,0.000056,14.413438,0.085680,529.399316,4.828112,0.563338,0.063492,0.002735,0.000005
2022-08-16,factor_model,max_diversification,0.010660,0.006691,0.000114,0.000045,4.782897,0.196292,529.399316,4.828112,0.563338,0.063492,0.002735,0.000005
2022-09-15,sample,equal_weight,0.012333,0.014374,0.000152,0.000207,14.854460,0.062500,535.492535,4.860096,0.572865,0.063492,0.002665,0.000005
2022-09-15,sample,inverse_variance,0.011224,0.012624,0.000126,0.000159,14.819787,0.074265,535.492535,4.860096,0.572865,0.063492,0.002665,0.000005
2022-09-15,sample,minimum_variance,0.009622,0.009424,0.000093,0.000089,5.228122,0.199871,535.492535,4.860096,0.572865,0.063492,0.002665,0.000005
2022-09-15,sample,risk_parity,0.011391,0.012996,0.000130,0.000169,16.000000,0.069110,535.492535,4.860096,0.572865,0.063492,0.002665,0.000005
2022-09-15,sample,hrp,0.010912,0.012216,0.000119,0.000149,14.711012,0.079847,535.492535,4.860096,0.572865,0.063492,0.002665,0.000005
2022-09-15,sample,max_diversification,0.010235,0.011902,0.000105,0.000142,6.137653,0.171597,535.492535,4.860096,0.572865,0.063492,0.002665,0.000005
2022-09-15,ledoit_wolf,equal_weight,0.012155,0.014374,0.000148,0.000207,14.861764,0.062500,535.492535,4.860096,0.572865,0.063492,0.002665,0.000005
2022-09-15,ledoit_wolf,inverse_variance,0.011105,0.012689,0.000123,0.000161,14.910904,0.073364,535.492535,4.860096,0.572865,0.063492,0.002665,0.000005
2022-09-15,ledoit_wolf,minimum_variance,0.009552,0.009449,0.000091,0.000089,5.427319,0.193661,535.492535,4.860096,0.572865,0.063492,0.002665,0.000005
2022-09-15,ledoit_wolf,risk_parity,0.011242,0.013012,0.000126,0.000169,16.000000,0.068931,535.492535,4.860096,0.572865,0.063492,0.002665,0.000005
2022-09-15,ledoit_wolf,hrp,0.010786,0.012249,0.000116,0.000150,14.763747,0.079131,535.492535,4.860096,0.572865,0.063492,0.002665,0.000005
2022-09-15,ledoit_wolf,max_diversification,0.010130,0.011895,0.000103,0.000141,6.209381,0.170957,535.492535,4.860096,0.572865,0.063492,0.002665,0.000005
2022-09-15,constant_corr,equal_weight,0.012308,0.014374,0.000151,0.000207,14.854460,0.062500,535.492535,4.860096,0.572865,0.063492,0.002665,0.000005
2022-09-15,constant_corr,inverse_variance,0.011202,0.012624,0.000125,0.000159,14.819787,0.074265,535.492535,4.860096,0.572865,0.063492,0.002665,0.000005
2022-09-15,constant_corr,minimum_variance,0.009603,0.009424,0.000092,0.000089,5.228174,0.199870,535.492535,4.860096,0.572865,0.063492,0.002665,0.000005
2022-09-15,constant_corr,risk_parity,0.011368,0.012996,0.000129,0.000169,16.000000,0.069110,535.492535,4.860096,0.572865,0.063492,0.002665,0.000005
2022-09-15,constant_corr,hrp,0.010891,0.012216,0.000119,0.000149,14.711012,0.079847,535.492535,4.860096,0.572865,0.063492,0.002665,0.000005
2022-09-15,constant_corr,max_diversification,0.010214,0.011902,0.000104,0.000142,6.137653,0.171597,535.492535,4.860096,0.572865,0.063492,0.002665,0.000005
2022-09-15,rmt_hard,equal_weight,0.012334,0.014374,0.000152,0.000207,14.853272,0.062500,535.492535,4.860096,0.572865,0.063492,0.002665,0.000005
2022-09-15,rmt_hard,inverse_variance,0.011179,0.012532,0.000125,0.000157,14.960471,0.074265,535.492535,4.860096,0.572865,0.063492,0.002665,0.000005
2022-09-15,rmt_hard,minimum_variance,0.009614,0.009461,0.000092,0.000090,5.640939,0.188518,535.492535,4.860096,0.572865,0.063492,0.002665,0.000005
2022-09-15,rmt_hard,risk_parity,0.011389,0.012993,0.000130,0.000169,16.000000,0.069157,535.492535,4.860096,0.572865,0.063492,0.002665,0.000005
2022-09-15,rmt_hard,hrp,0.011010,0.012427,0.000121,0.000154,14.815276,0.076992,535.492535,4.860096,0.572865,0.063492,0.002665,0.000005
2022-09-15,rmt_hard,max_diversification,0.010260,0.012148,0.000105,0.000148,6.144091,0.169661,535.492535,4.860096,0.572865,0.063492,0.002665,0.000005
2022-09-15,rmt_soft,equal_weight,0.012335,0.014374,0.000152,0.000207,14.853312,0.062500,535.492535,4.860096,0.572865,0.063492,0.002665,0.000005
2022-09-15,rmt_soft,inverse_variance,0.011194,0.012575,0.000125,0.000158,14.953597,0.074135,535.492535,4.860096,0.572865,0.063492,0.002665,0.000005
2022-09-15,rmt_soft,minimum_variance,0.009634,0.009389,0.000093,0.000088,5.497232,0.192059,535.492535,4.860096,0.572865,0.063492,0.002665,0.000005
2022-09-15,rmt_soft,risk_parity,0.011392,0.012996,0.000130,0.000169,16.000000,0.069105,535.492535,4.860096,0.572865,0.063492,0.002665,0.000005
2022-09-15,rmt_soft,hrp,0.010907,0.012201,0.000119,0.000149,14.707703,0.079959,535.492535,4.860096,0.572865,0.063492,0.002665,0.000005
2022-09-15,rmt_soft,max_diversification,0.010266,0.011963,0.000105,0.000143,6.166534,0.170471,535.492535,4.860096,0.572865,0.063492,0.002665,0.000005
2022-09-15,rmt_rie,equal_weight,0.011582,0.014374,0.000134,0.000207,14.853800,0.062500,535.492535,4.860096,0.572865,0.063492,0.002665,0.000005
2022-09-15,rmt_rie,inverse_variance,0.010564,0.012661,0.000112,0.000160,14.745080,0.074315,535.492535,4.860096,0.572865,0.063492,0.002665,0.000005
2022-09-15,rmt_rie,minimum_variance,0.009091,0.009507,0.000083,0.000090,5.429688,0.193485,535.492535,4.860096,0.572865,0.063492,0.002665,0.000005
2022-09-15,rmt_rie,risk_parity,0.010703,0.013007,0.000115,0.000169,16.000000,0.069009,535.492535,4.860096,0.572865,0.063492,0.002665,0.000005
2022-09-15,rmt_rie,hrp,0.010244,0.012210,0.000105,0.000149,14.712908,0.080064,535.492535,4.860096,0.572865,0.063492,0.002665,0.000005
2022-09-15,rmt_rie,max_diversification,0.009634,0.011918,0.000093,0.000142,6.248870,0.171279,535.492535,4.860096,0.572865,0.063492,0.002665,0.000005
2022-09-15,factor_model,equal_weight,0.012479,0.014374,0.000156,0.000207,14.862527,0.062500,535.492535,4.860096,0.572865,0.063492,0.002665,0.000005
2022-09-15,factor_model,inverse_variance,0.011344,0.012624,0.000129,0.000159,14.875517,0.074265,535.492535,4.860096,0.572865,0.063492,0.002665,0.000005
2022-09-15,factor_model,minimum_variance,0.009699,0.009477,0.000094,0.000090,5.375766,0.194142,535.492535,4.860096,0.572865,0.063492,0.002665,0.000005
2022-09-15,factor_model,risk_parity,0.011525,0.012983,0.000133,0.000169,16.000000,0.069187,535.492535,4.860096,0.572865,0.063492,0.002665,0.000005
2022-09-15,factor_model,hrp,0.010967,0.011878,0.000120,0.000141,14.564235,0.084578,535.492535,4.860096,0.572865,0.063492,0.002665,0.000005
2022-09-15,factor_model,max_diversification,0.010333,0.012021,0.000107,0.000144,4.624346,0.200431,535.492535,4.860096,0.572865,0.063492,0.002665,0.000005
2022-10-21,sample,equal_weight,0.012721,0.013989,0.000162,0.000196,14.859082,0.062500,585.078070,4.536295,0.605667,0.063492,0.002827,0.000005
2022-10-21,sample,inverse_variance,0.011442,0.013471,0.000131,0.000181,14.926271,0.075714,585.078070,4.536295,0.605667,0.063492,0.002827,0.000005
2022-10-21,sample,minimum_variance,0.009786,0.012335,0.000096,0.000152,5.461808,0.193427,585.078070,4.536295,0.605667,0.063492,0.002827,0.000005
2022-10-21,sample,risk_parity,0.011690,0.013414,0.000137,0.000180,16.000000,0.069875,585.078070,4.536295,0.605667,0.063492,0.002827,0.000005
2022-10-21,sample,hrp,0.011200,0.013336,0.000125,0.000178,14.614133,0.080661,585.078070,4.536295,0.605667,0.063492,0.002827,0.000005
2022-10-21,sample,max_diversification,0.010635,0.012376,0.000113,0.000153,6.691849,0.160702,585.078070,4.536295,0.605667,0.063492,0.002827,0.000005
2022-10-21,ledoit_wolf,equal_weight,0.012550,0.013989,0.000158,0.000196,14.865336,0.062500,585.078070,4.536295,0.605667,0.063492,0.002827,0.000005
2022-10-21,ledoit_wolf,inverse_variance,0.011337,0.013489,0.000129,0.000182,15.011533,0.074740,585.078070,4.536295,0.605667,0.063492,0.002827,0.000005
2022-10-21,ledoit_wolf,minimum_variance,0.009715,0.012320,0.000094,0.000152,5.547314,0.190723,585.078070,4.536295,0.605667,0.063492,0.002827,0.000005
2022-10-21,ledoit_wolf,risk_parity,0.011549,0.013421,0.000133,0.000180,16.000000,0.069688,585.078070,4.536295,0.605667,0.063492,0.002827,0.000005
2022-10-21,ledoit_wolf,hrp,0.011071,0.013343,0.000123,0.000178,14.579387,0.080362,585.078070,4.536295,0.605667,0.063492,0.002827,0.000005
2022-10-21,ledoit_wolf,max_diversification,0.010519,0.012367,0.000111,0.000153,6.781885,0.159700,585.078070,4.536295,0.605667,0.063492,0.002827,0.000005
2022-10-21,constant_corr,equal_weight,0.012695,0.013989,0.000161,0.000196,14.859082,0.062500,585.078070,4.536295,0.605667,0.063492,0.002827,0.000005
2022-10-21,constant_corr,inverse_variance,0.011420,0.013471,0.000130,0.000181,14.926271,0.075714,585.078070,4.536295,0.605667,0.063492,0.002827,0.000005
2022-10-21,constant_corr,minimum_variance,0.009767,0.012335,0.000095,0.000152,5.461808,0.193427,585.078070,4.536295,0.605667,0.063492,0.002827,0.000005
2022-10-21,constant_corr,risk_parity,0.011667,0.013414,0.000136,0.000180,16.000000,0.069875,585.078070,4.536295,0.605667,0.063492,0.002827,0.000005
2022-10-21,constant_corr,hrp,0.011178,0.013336,0.000125,0.000178,14.614133,0.080661,585.078070,4.536295,0.605667,0.063492,0.002827,0.000005
2022-10-21,constant_corr,max_diversification,0.010614,0.012376,0.000113,0.000153,6.691850,0.160702,585.078070,4.536295,0.605667,0.063492,0.002827,0.000005
2022-10-21,rmt_hard,equal_weight,0.012723,0.013989,0.000162,0.000196,14.857239,0.062500,585.078070,4.536295,0.605667,0.063492,0.002827,0.000005
2022-10-21,rmt_hard,inverse_variance,0.011380,0.013390,0.000129,0.000179,15.036622,0.076194,585.078070,4.536295,0.605667,0.063492,0.002827,0.000005
2022-10-21,rmt_hard,minimum_variance,0.009763,0.012444,0.000095,0.000155,5.571069,0.190357,585.078070,4.536295,0.605667,0.063492,0.002827,0.000005
2022-10-21,rmt_hard,risk_parity,0.011688,0.013410,0.000137,0.000180,16.000000,0.069943,585.078070,4.536295,0.605667,0.063492,0.002827,0.000005
2022-10-21,rmt_hard,hrp,0.011113,0.013044,0.000123,0.000170,14.640826,0.083351,585.078070,4.536295,0.605667,0.063492,0.002827,0.000005
2022-10-21,rmt_hard,max_diversification,0.010641,0.012382,0.000113,0.000153,6.367662,0.166909,585.078070,4.536295,0.605667,0.063492,0.002827,0.000005
2022-10-21,rmt_soft,equal_weight,0.012723,0.013989,0.000162,0.000196,14.857335,0.062500,585.078070,4.536295,0.605667,0.063492,0.002827,0.000005
2022-10-21,rmt_soft,inverse_variance,0.011403,0.013418,0.000130,0.000180,15.027664,0.075890,585.078070,4.536295,0.605667,0.063492,0.002827,0.000005
2022-10-21,rmt_soft,minimum_variance,0.009795,0.012373,0.000096,0.000153,5.588752,0.189865,585.078070,4.536295,0.605667,0.063492,0.002827,0.000005
2022-10-21,rmt_soft,risk_parity,0.011692,0.013413,0.000137,0.000180,16.000000,0.069862,585.078070,4.536295,0.605667,0.063492,0.002827,0.000005
2022-10-21,rmt_soft,hrp,0.011144,0.013236,0.000124,0.000175,14.808632,0.082078,585.078070,4.536295,0.605667,0.063492,0.002827,0.000005
2022-10-21,rmt_soft,max_diversification,0.010671,0.012349,0.000114,0.000153,6.610835,0.162171,585.078070,4.536295,0.605667,0.063492,0.002827,0.000005
2022-10-21,rmt_rie,equal_weight,0.011948,0.013989,0.000143,0.000196,14.858795,0.062500,585.078070,4.536295,0.605667,0.063492,0.002827,0.000005
2022-10-21,rmt_rie,inverse_variance,0.010764,0.013494,0.000116,0.000182,14.899935,0.075590,585.078070,4.536295,0.605667,0.063492,0.002827,0.000005
2022-10-21,rmt_rie,minimum_variance,0.009237,0.012322,0.000085,0.000152,5.583825,0.189801,585.078070,4.536295,0.605667,0.063492,0.002827,0.000005
2022-10-21,rmt_rie,risk_parity,0.010984,0.013418,0.000121,0.000180,16.000000,0.069809,585.078070,4.536295,0.605667,0.063492,0.002827,0.000005
2022-10-21,rmt_rie,hrp,0.010523,0.013344,0.000111,0.000178,14.601764,0.080643,585.078070,4.536295,0.605667,0.063492,0.002827,0.000005
2022-10-21,rmt_rie,max_diversification,0.010026,0.012328,0.000101,0.000152,6.919039,0.157375,585.078070,4.536295,0.605667,0.063492,0.002827,0.000005
2022-10-21,factor_model,equal_weight,0.012859,0.013989,0.000165,0.000196,14.875940,0.062500,585.078070,4.536295,0.605667,0.063492,0.002827,0.000005
2022-10-21,factor_model,inverse_variance,0.011557,0.013471,0.000134,0.000181,14.968759,0.075714,585.078070,4.536295,0.605667,0.063492,0.002827,0.000005
2022-10-21,factor_model,minimum_variance,0.009827,0.011795,0.000097,0.000139,5.224052,0.199489,585.078070,4.536295,0.605667,0.063492,0.002827,0.000005
2022-10-21,factor_model,risk_parity,0.011813,0.013396,0.000140,0.000179,16.000000,0.070040,585.078070,4.536295,0.605667,0.063492,0.002827,0.000005
2022-10-21,factor_model,hrp,0.011210,0.012979,0.000126,0.000168,14.482148,0.085303,585.078070,4.536295,0.605667,0.063492,0.002827,0.000005
2022-10-21,factor_model,max_diversification,0.010668,0.012307,0.000114,0.000151,6.274158,0.172576,585.078070,4.536295,0.605667,0.063492,0.002827,0.000005
2022-11-21,sample,equal_weight,0.013123,0.007895,0.000172,0.000062,14.968454,0.062500,616.055278,4.378727,0.618164,0.063492,0.002977,0.000005
2022-11-21,sample,inverse_variance,0.011875,0.008378,0.000141,0.000070,15.043140,0.075203,616.055278,4.378727,0.618164,0.063492,0.002977,0.000005
2022-11-21,sample,minimum_variance,0.010116,0.008945,0.000102,0.000080,5.046497,0.205720,616.055278,4.378727,0.618164,0.063492,0.002977,0.000005
2022-11-21,sample,risk_parity,0.012146,0.008142,0.000148,0.000066,16.000000,0.069229,616.055278,4.378727,0.618164,0.063492,0.002977,0.000005
2022-11-21,sample,hrp,0.011730,0.008667,0.000138,0.000075,14.760341,0.077920,616.055278,4.378727,0.618164,0.063492,0.002977,0.000005
2022-11-21,sample,max_diversification,0.011017,0.007894,0.000121,0.000062,6.716501,0.161482,616.055278,4.378727,0.618164,0.063492,0.002977,0.000005
2022-11-21,ledoit_wolf,equal_weight,0.012955,0.007895,0.000168,0.000062,14.973659,0.062500,616.055278,4.378727,0.618164,0.063492,0.002977,0.000005
2022-11-21,ledoit_wolf,inverse_variance,0.011769,0.008354,0.000139,0.000070,15.116119,0.074305,616.055278,4.378727,0.618164,0.063492,0.002977,0.000005
2022-11-21,ledoit_wolf,minimum_variance,0.010046,0.008977,0.000101,0.000081,5.269105,0.199056,616.055278,4.378727,0.618164,0.063492,0.002977,0.000005
2022-11-21,ledoit_wolf,risk_parity,0.012004,0.008139,0.000144,0.000066,16.000000,0.069077,616.055278,4.378727,0.618164,0.063492,0.002977,0.000005
2022-11-21,ledoit_wolf,hrp,0.011523,0.008526,0.000133,0.000073,14.694065,0.079501,616.055278,4.378727,0.618164,0.063492,0.002977,0.000005
2022-11-21,ledoit_wolf,max_diversification,0.010898,0.007946,0.000119,0.000063,6.800332,0.160423,616.055278,4.378727,0.618164,0.063492,0.002977,0.000005
2022-11-21,constant_corr,equal_weight,0.013097,0.007895,0.000172,0.000062,14.968454,0.062500,616.055278,4.378727,0.618164,0.063492,0.002977,0.000005
2022-11-21,constant_corr,inverse_variance,0.011852,0.008378,0.000140,0.000070,15.043140,0.075203,616.055278,4.378727,0.618164,0.063492,0.002977,0.000005
2022-11-21,constant_corr,minimum_variance,0.010096,0.008945,0.000102,0.000080,5.046497,0.205720,616.055278,4.378727,0.618164,0.063492,0.002977,0.000005
2022-11-21,constant_corr,risk_parity,0.012122,0.008142,0.000147,0.000066,16.000000,0.069229,616.055278,4.378727,0.618164,0.063492,0.002977,0.000005
2022-11-21,constant_corr,hrp,0.011707,0.008667,0.000137,0.000075,14.760341,0.077920,616.055278,4.378727,0.618164,0.063492,0.002977,0.000005
2022-11-21,constant_corr,max_diversification,0.010995,0.007894,0.000121,0.000062,6.716501,0.161482,616.055278,4.378727,0.618164,0.063492,0.002977,0.000005
2022-11-21,rmt_hard,equal_weight,0.013124,0.007895,0.000172,0.000062,14.966818,0.062500,616.055278,4.378727,0.618164,0.063492,0.002977,0.000005
2022-11-21,rmt_hard,inverse_variance,0.011814,0.008423,0.000140,0.000071,15.067832,0.075963,616.055278,4.378727,0.618164,0.063492,0.002977,0.000005
2022-11-21,rmt_hard,minimum_variance,0.010104,0.009010,0.000102,0.000081,5.500140,0.193178,616.055278,4.378727,0.618164,0.063492,0.002977,0.000005
2022-11-21,rmt_hard,risk_parity,0.012142,0.008141,0.000147,0.000066,16.000000,0.069299,616.055278,4.378727,0.618164,0.063492,0.002977,0.000005
2022-11-21,rmt_hard,hrp,0.011563,0.008634,0.000134,0.000075,14.714752,0.082759,616.055278,4.378727,0.618164,0.063492,0.002977,0.000005
2022-11-21,rmt_hard,max_diversification,0.011035,0.007754,0.000122,0.000060,6.451579,0.166306,616.055278,4.378727,0.618164,0.063492,0.002977,0.000005
2022-11-21,rmt_soft,equal_weight,0.013124,0.007895,0.000172,0.000062,14.967255,0.062500,616.055278,4.378727,0.618164,0.063492,0.002977,0.000005
2022-11-21,rmt_soft,inverse_variance,0.011841,0.008405,0.000140,0.000071,15.103912,0.075502,616.055278,4.378727,0.618164,0.063492,0.002977,0.000005
2022-11-21,rmt_soft,minimum_variance,0.010128,0.009019,0.000103,0.000081,5.392637,0.195856,616.055278,4.378727,0.618164,0.063492,0.002977,0.000005
2022-11-21,rmt_soft,risk_parity,0.012147,0.008141,0.000148,0.000066,16.000000,0.069228,616.055278,4.378727,0.618164,0.063492,0.002977,0.000005
2022-11-21,rmt_soft,hrp,0.011650,0.008546,0.000136,0.000073,14.696655,0.079952,616.055278,4.378727,0.618164,0.063492,0.002977,0.000005
2022-11-21,rmt_soft,max_diversification,0.011046,0.007850,0.000122,0.000062,6.655250,0.162424,616.055278,4.378727,0.618164,0.063492,0.002977,0.000005
2022-11-21,rmt_rie,equal_weight,0.012327,0.007895,0.000152,0.000062,14.968148,0.062500,616.055278,4.378727,0.618164,0.063492,0.002977,0.000005
2022-11-21,rmt_rie,inverse_variance,0.011168,0.008367,0.000125,0.000070,15.014446,0.075120,616.055278,4.378727,0.618164,0.063492,0.002977,0.000005
2022-11-21,rmt_rie,minimum_variance,0.009554,0.009017,0.000091,0.000081,5.292117,0.198507,616.055278,4.378727,0.618164,0.063492,0.002977,0.000005
2022-11-21,rmt_rie,risk_parity,0.011413,0.008142,0.000130,0.000066,16.000000,0.069164,616.055278,4.378727,0.618164,0.063492,0.002977,0.000005
2022-11-21,rmt_rie,hrp,0.011017,0.008629,0.000121,0.000074,14.767369,0.077917,616.055278,4.378727,0.618164,0.063492,0.002977,0.000005
2022-11-21,rmt_rie,max_diversification,0.010387,0.008022,0.000108,0.000064,6.926915,0.157882,616.055278,4.378727,0.618164,0.063492,0.002977,0.000005
2022-11-21,factor_model,equal_weight,0.013255,0.007895,0.000176,0.000062,14.980026,0.062500,616.055278,4.378727,0.618164,0.063492,0.002977,0.000005
2022-11-21,factor_model,inverse_variance,0.011982,0.008378,0.000144,0.000070,15.077462,0.075203,616.055278,4.378727,0.618164,0.063492,0.002977,0.000005
2022-11-21,factor_model,minimum_variance,0.010120,0.009003,0.000102,0.000081,5.489424,0.193757,616.055278,4.378727,0.618164,0.063492,0.002977,0.000005
2022-11-21,factor_model,risk_parity,0.012252,0.008133,0.000150,0.000066,16.000000,0.069502,616.055278,4.378727,0.618164,0.063492,0.002977,0.000005
2022-11-21,factor_model,hrp,0.011806,0.008458,0.000139,0.000072,14.929439,0.078603,616.055278,4.378727,0.618164,0.063492,0.002977,0.000005
2022-11-21,factor_model,max_diversification,0.010864,0.008066,0.000118,0.000065,6.377322,0.177836,616.055278,4.378727,0.618164,0.063492,0.002977,0.000005
2022-12-20,sample,equal_weight,0.013171,0.007977,0.000173,0.000064,15.059637,0.062500,635.733371,4.335483,0.619356,0.063492,0.002979,0.000005
2022-12-20,sample,inverse_variance,0.012093,0.007005,0.000146,0.000049,15.146476,0.072930,635.733371,4.335483,0.619356,0.063492,0.002979,0.000005
2022-12-20,sample,minimum_variance,0.010279,0.006068,0.000106,0.000037,4.816352,0.212993,635.733371,4.335483,0.619356,0.063492,0.002979,0.000005
2022-12-20,sample,risk_parity,0.012289,0.007218,0.000151,0.000052,16.000000,0.068401,635.733371,4.335483,0.619356,0.063492,0.002979,0.000005
2022-12-20,sample,hrp,0.011990,0.006909,0.000144,0.000048,15.025463,0.074752,635.733371,4.335483,0.619356,0.063492,0.002979,0.000005
2022-12-20,sample,max_diversification,0.011130,0.006657,0.000124,0.000044,6.468884,0.165796,635.733371,4.335483,0.619356,0.063492,0.002979,0.000005
2022-12-20,ledoit_wolf,equal_weight,0.013002,0.007977,0.000169,0.000064,15.064361,0.062500,635.733371,4.335483,0.619356,0.063492,0.002979,0.000005
2022-12-20,ledoit_wolf,inverse_variance,0.011975,0.007034,0.000143,0.000049,15.206764,0.072248,635.733371,4.335483,0.619356,0.063492,0.002979,0.000005
2022-12-20,ledoit_wolf,minimum_variance,0.010209,0.006035,0.000104,0.000036,4.939268,0.208911,635.733371,4.335483,0.619356,0.063492,0.002979,0.000005
2022-12-20,ledoit_wolf,risk_parity,0.012143,0.007224,0.000147,0.000052,16.000000,0.068279,635.733371,4.335483,0.619356,0.063492,0.002979,0.000005
2022-12-20,ledoit_wolf,hrp,0.011805,0.006857,0.000139,0.000047,14.952841,0.075241,635.733371,4.335483,0.619356,0.063492,0.002979,0.000005
2022-12-20,ledoit_wolf,max_diversification,0.011019,0.006643,0.000121,0.000044,6.557780,0.164340,635.733371,4.335483,0.619356,0.063492,0.002979,0.000005
2022-12-20,constant_corr,equal_weight,0.013144,0.007977,0.000173,0.000064,15.059637,0.062500,635.733371,4.335483,0.619356,0.063492,0.002979,0.000005
2022-12-20,constant_corr,inverse_variance,0.012069,0.007005,0.000146,0.000049,15.146476,0.072930,635.733371,4.335483,0.619356,0.063492,0.002979,0.000005
2022-12-20,constant_corr,minimum_variance,0.010258,0.006068,0.000105,0.000037,4.816365,0.212993,635.733371,4.335483,0.619356,0.063492,0.002979,0.000005
2022-12-20,constant_corr,risk_parity,0.012264,0.007218,0.000150,0.000052,16.000000,0.068401,635.733371,4.335483,0.619356,0.063492,0.002979,0.000005
2022-12-20,constant_corr,hrp,0.011966,0.006909,0.000143,0.000048,15.025463,0.074752,635.733371,4.335483,0.619356,0.063492,0.002979,0.000005
2022-12-20,constant_corr,max_diversification,0.011108,0.006657,0.000123,0.000044,6.468884,0.165796,635.733371,4.335483,0.619356,0.063492,0.002979,0.000005
2022-12-20,rmt_hard,equal_weight,0.013172,0.007977,0.000173,0.000064,15.058177,0.062500,635.733371,4.335483,0.619356,0.063492,0.002979,0.000005
2022-12-20,rmt_hard,inverse_variance,0.012045,0.006965,0.000145,0.000049,15.177057,0.073395,635.733371,4.335483,0.619356,0.063492,0.002979,0.000005
2022-12-20,rmt_hard,minimum_variance,0.010269,0.005932,0.000105,0.000035,5.299859,0.198427,635.733371,4.335483,0.619356,0.063492,0.002979,0.000005
2022-12-20,rmt_hard,risk_parity,0.012285,0.007214,0.000151,0.000052,16.000000,0.068454,635.733371,4.335483,0.619356,0.063492,0.002979,0.000005
2022-12-20,rmt_hard,hrp,0.011959,0.006846,0.000143,0.000047,15.073212,0.075658,635.733371,4.335483,0.619356,0.063492,0.002979,0.000005
2022-12-20,rmt_hard,max_diversification,0.011140,0.006670,0.000124,0.000044,6.351450,0.167610,635.733371,4.335483,0.619356,0.063492,0.002979,0.000005
2022-12-20,rmt_soft,equal_weight,0.013172,0.007977,0.000173,0.000064,15.058566,0.062500,635.733371,4.335483,0.619356,0.063492,0.002979,0.000005
2022-12-20,rmt_soft,inverse_variance,0.012064,0.006987,0.000146,0.000049,15.206943,0.073106,635.733371,4.335483,0.619356,0.063492,0.002979,0.000005
2022-12-20,rmt_soft,minimum_variance,0.010299,0.005988,0.000106,0.000036,5.157657,0.202310,635.733371,4.335483,0.619356,0.063492,0.002979,0.000005
2022-12-20,rmt_soft,risk_parity,0.012290,0.007217,0.000151,0.000052,16.000000,0.068396,635.733371,4.335483,0.619356,0.063492,0.002979,0.000005
2022-12-20,rmt_soft,hrp,0.011664,0.006564,0.000136,0.000043,14.603133,0.084378,635.733371,4.335483,0.619356,0.063492,0.002979,0.000005
2022-12-20,rmt_soft,max_diversification,0.011156,0.006675,0.000124,0.000045,6.417092,0.166618,635.733371,4.335483,0.619356,0.063492,0.002979,0.000005
2022-12-20,rmt_rie,equal_weight,0.012372,0.007977,0.000153,0.000064,15.059278,0.062500,635.733371,4.335483,0.619356,0.063492,0.002979,0.000005
2022-12-20,rmt_rie,inverse_variance,0.011372,0.007013,0.000129,0.000049,15.118440,0.072891,635.733371,4.335483,0.619356,0.063492,0.002979,0.000005
2022-12-20,rmt_rie,minimum_variance,0.009713,0.006059,0.000094,0.000037,4.908178,0.209943,635.733371,4.335483,0.619356,0.063492,0.002979,0.000005
2022-12-20,rmt_rie,risk_parity,0.011548,0.007220,0.000133,0.000052,16.000000,0.068344,635.733371,4.335483,0.619356,0.063492,0.002979,0.000005
2022-12-20,rmt_rie,hrp,0.011221,0.007019,0.000126,0.000049,14.925607,0.075460,635.733371,4.335483,0.619356,0.063492,0.002979,0.000005
2022-12-20,rmt_rie,max_diversification,0.010505,0.006650,0.000110,0.000044,6.686845,0.161148,635.733371,4.335483,0.619356,0.063492,0.002979,0.000005
2022-12-20,factor_model,equal_weight,0.013299,0.007977,0.000177,0.000064,15.070519,0.062500,635.733371,4.335483,0.619356,0.063492,0.002979,0.000005
2022-12-20,factor_model,inverse_variance,0.012202,0.007005,0.000149,0.000049,15.171345,0.072930,635.733371,4.335483,0.619356,0.063492,0.002979,0.000005
2022-12-20,factor_model,minimum_variance,0.010301,0.005545,0.000106,0.000031,5.456888,0.194785,635.733371,4.335483,0.619356,0.063492,0.002979,0.000005
2022-12-20,factor_model,risk_parity,0.012397,0.007204,0.000154,0.000052,16.000000,0.068600,635.733371,4.335483,0.619356,0.063492,0.002979,0.000005
2022-12-20,factor_model,hrp,0.012016,0.006857,0.000144,0.000047,14.795671,0.077280,635.733371,4.335483,0.619356,0.063492,0.002979,0.000005
2022-12-20,factor_model,max_diversification,0.011045,0.006606,0.000122,0.000044,6.002505,0.182322,635.733371,4.335483,0.619356,0.063492,0.002979,0.000005
2023-01-19,sample,equal_weight,0.013118,0.009282,0.000172,0.000086,15.103207,0.062500,578.356630,4.351271,0.615959,0.063492,0.002945,0.000005
2023-01-19,sample,inverse_variance,0.012082,0.008790,0.000146,0.000077,15.141823,0.072806,578.356630,4.351271,0.615959,0.063492,0.002945,0.000005
2023-01-19,sample,minimum_variance,0.010285,0.007106,0.000106,0.000050,4.910209,0.210020,578.356630,4.351271,0.615959,0.063492,0.002945,0.000005
2023-01-19,sample,risk_parity,0.012275,0.008827,0.000151,0.000078,16.000000,0.068144,578.356630,4.351271,0.615959,0.063492,0.002945,0.000005
2023-01-19,sample,hrp,0.011831,0.008598,0.000140,0.000074,14.839696,0.078629,578.356630,4.351271,0.615959,0.063492,0.002945,0.000005
2023-01-19,sample,max_diversification,0.011177,0.007600,0.000125,0.000058,6.589129,0.161715,578.356630,4.351271,0.615959,0.063492,0.002945,0.000005
2023-01-19,ledoit_wolf,equal_weight,0.012947,0.009282,0.000168,0.000086,15.107831,0.062500,578.356630,4.351271,0.615959,0.063492,0.002945,0.000005
2023-01-19,ledoit_wolf,inverse_variance,0.011961,0.008807,0.000143,0.000078,15.203945,0.072115,578.356630,4.351271,0.615959,0.063492,0.002945,0.000005
2023-01-19,ledoit_wolf,minimum_variance,0.010212,0.007118,0.000104,0.000051,5.161676,0.202019,578.356630,4.351271,0.615959,0.063492,0.002945,0.000005
2023-01-19,ledoit_wolf,risk_parity,0.012127,0.008832,0.000147,0.000078,16.000000,0.068027,578.356630,4.351271,0.615959,0.063492,0.002945,0.000005
2023-01-19,ledoit_wolf,hrp,0.011787,0.008721,0.000139,0.000076,14.981719,0.075272,578.356630,4.351271,0.615959,0.063492,0.002945,0.000005
2023-01-19,ledoit_wolf,max_diversification,0.011055,0.007613,0.000122,0.000058,6.662166,0.160870,578.356630,4.351271,0.615959,0.063492,0.002945,0.000005
2023-01-19,constant_corr,equal_weight,0.013091,0.009282,0.000171,0.000086,15.103207,0.062500,578.356630,4.351271,0.615959,0.063492,0.002945,0.000005
2023-01-19,constant_corr,inverse_variance,0.012058,0.008790,0.000145,0.000077,15.141823,0.072806,578.356630,4.351271,0.615959,0.063492,0.002945,0.000005
2023-01-19,constant_corr,minimum_variance,0.010265,0.007106,0.000105,0.000050,4.910245,0.210019,578.356630,4.351271,0.615959,0.063492,0.002945,0.000005
2023-01-19,constant_corr,risk_parity,0.012251,0.008827,0.000150,0.000078,16.000000,0.068144,578.356630,4.351271,0.615959,0.063492,0.002945,0.000005
2023-01-19,constant_corr,hrp,0.011808,0.008598,0.000139,0.000074,14.839696,0.078629,578.356630,4.351271,0.615959,0.063492,0.002945,0.000005
2023-01-19,constant_corr,max_diversification,0.011155,0.007600,0.000124,0.000058,6.589129,0.161715,578.356630,4.351271,0.615959,0.063492,0.002945,0.000005
2023-01-19,rmt_hard,equal_weight,0.013118,0.009282,0.000172,0.000086,15.101815,0.062500,578.356630,4.351271,0.615959,0.063492,0.002945,0.000005
2023-01-19,rmt_hard,inverse_variance,0.012033,0.008748,0.000145,0.000077,15.166534,0.073336,578.356630,4.351271,0.615959,0.063492,0.002945,0.000005
2023-01-19,rmt_hard,minimum_variance,0.010274,0.007130,0.000106,0.000051,5.469515,0.193772,578.356630,4.351271,0.615959,0.063492,0.002945,0.000005
2023-01-19,rmt_hard,risk_parity,0.012272,0.008825,0.000151,0.000078,16.000000,0.068201,578.356630,4.351271,0.615959,0.063492,0.002945,0.000005
2023-01-19,rmt_hard,hrp,0.011851,0.008564,0.000140,0.000073,14.954047,0.077820,578.356630,4.351271,0.615959,0.063492,0.002945,0.000005
2023-01-19,rmt_hard,max_diversification,0.011177,0.007560,0.000125,0.000057,6.301926,0.167260,578.356630,4.351271,0.615959,0.063492,0.002945,0.000005
2023-01-19,rmt_soft,equal_weight,0.013119,0.009282,0.000172,0.000086,15.102213,0.062500,578.356630,4.351271,0.615959,0.063492,0.002945,0.000005
2023-01-19,rmt_soft,inverse_variance,0.012056,0.008772,0.000145,0.000077,15.191581,0.072972,578.356630,4.351271,0.615959,0.063492,0.002945,0.000005
2023-01-19,rmt_soft,minimum_variance,0.010305,0.007114,0.000106,0.000051,5.331253,0.197261,578.356630,4.351271,0.615959,0.063492,0.002945,0.000005
2023-01-19,rmt_soft,risk_parity,0.012277,0.008828,0.000151,0.000078,16.000000,0.068135,578.356630,4.351271,0.615959,0.063492,0.002945,0.000005
2023-01-19,rmt_soft,hrp,0.011812,0.008546,0.000140,0.000073,14.825126,0.079254,578.356630,4.351271,0.615959,0.063492,0.002945,0.000005
2023-01-19,rmt_soft,max_diversification,0.011213,0.007609,0.000126,0.000058,6.554742,0.161681,578.356630,4.351271,0.615959,0.063492,0.002945,0.000005
2023-01-19,rmt_rie,equal_weight,0.012322,0.009282,0.000152,0.000086,15.102723,0.062500,578.356630,4.351271,0.615959,0.063492,0.002945,0.000005
2023-01-19,rmt_rie,inverse_variance,0.011359,0.008796,0.000129,0.000077,15.114940,0.072812,578.356630,4.351271,0.615959,0.063492,0.002945,0.000005
2023-01-19,rmt_rie,minimum_variance,0.009717,0.007115,0.000094,0.000051,5.173717,0.201770,578.356630,4.351271,0.615959,0.063492,0.002945,0.000005
2023-01-19,rmt_rie,risk_parity,0.011535,0.008830,0.000133,0.000078,16.000000,0.068091,578.356630,4.351271,0.615959,0.063492,0.002945,0.000005
2023-01-19,rmt_rie,hrp,0.011140,0.008623,0.000124,0.000074,14.975524,0.077237,578.356630,4.351271,0.615959,0.063492,0.002945,0.000005
2023-01-19,rmt_rie,max_diversification,0.010541,0.007681,0.000111,0.000059,6.778623,0.158136,578.356630,4.351271,0.615959,0.063492,0.002945,0.000005
2023-01-19,factor_model,equal_weight,0.013245,0.009282,0.000175,0.000086,15.109676,0.062500,578.356630,4.351271,0.615959,0.063492,0.002945,0.000005
2023-01-19,factor_model,inverse_variance,0.012185,0.008790,0.000148,0.000077,15.171257,0.072806,578.356630,4.351271,0.615959,0.063492,0.002945,0.000005
2023-01-19,factor_model,minimum_variance,0.010236,0.007351,0.000105,0.000054,5.084618,0.204949,578.356630,4.351271,0.615959,0.063492,0.002945,0.000005
2023-01-19,factor_model,risk_parity,0.012374,0.008825,0.000153,0.000078,16.000000,0.068408,578.356630,4.351271,0.615959,0.063492,0.002945,0.000005
2023-01-19,factor_model,hrp,0.012008,0.008622,0.000144,0.000074,14.822693,0.076982,578.356630,4.351271,0.615959,0.063492,0.002945,0.000005
2023-01-19,factor_model,max_diversification,0.011013,0.007838,0.000121,0.000061,6.046909,0.181596,578.356630,4.351271,0.615959,0.063492,0.002945,0.000005
2023-02-24,sample,equal_weight,0.012986,0.007507,0.000169,0.000056,15.155634,0.062500,631.596421,4.359598,0.614712,0.063492,0.002872,0.000005
2023-02-24,sample,inverse_variance,0.011953,0.007075,0.000143,0.000050,15.122833,0.073444,631.596421,4.359598,0.614712,0.063492,0.002872,0.000005
2023-02-24,sample,minimum_variance,0.010175,0.006490,0.000104,0.000042,4.904646,0.210273,631.596421,4.359598,0.614712,0.063492,0.002872,0.000005
2023-02-24,sample,risk_parity,0.012191,0.007113,0.000149,0.000051,16.000000,0.067848,631.596421,4.359598,0.614712,0.063492,0.002872,0.000005
2023-02-24,sample,hrp,0.011805,0.007008,0.000139,0.000049,15.050908,0.076706,631.596421,4.359598,0.614712,0.063492,0.002872,0.000005
2023-02-24,sample,max_diversification,0.011121,0.006557,0.000124,0.000043,6.619279,0.159934,631.596421,4.359598,0.614712,0.063492,0.002872,0.000005
2023-02-24,ledoit_wolf,equal_weight,0.012811,0.007507,0.000164,0.000056,15.160184,0.062500,631.596421,4.359598,0.614712,0.063492,0.002872,0.000005
2023-02-24,ledoit_wolf,inverse_variance,0.011831,0.007091,0.000140,0.000050,15.192304,0.072653,631.596421,4.359598,0.614712,0.063492,0.002872,0.000005
2023-02-24,ledoit_wolf,minimum_variance,0.010101,0.006478,0.000102,0.000042,5.089622,0.204343,631.596421,4.359598,0.614712,0.063492,0.002872,0.000005
2023-02-24,ledoit_wolf,risk_parity,0.012038,0.007117,0.000145,0.000051,16.000000,0.067733,631.596421,4.359598,0.614712,0.063492,0.002872,0.000005
2023-02-24,ledoit_wolf,hrp,0.011708,0.007048,0.000137,0.000050,14.999158,0.074954,631.596421,4.359598,0.614712,0.063492,0.002872,0.000005
2023-02-24,ledoit_wolf,max_diversification,0.010986,0.006549,0.000121,0.000043,6.687188,0.159466,631.596421,4.359598,0.614712,0.063492,0.002872,0.000005
2023-02-24,constant_corr,equal_weight,0.012961,0.007507,0.000168,0.000056,15.155634,0.062500,631.596421,4.359598,0.614712,0.063492,0.002872,0.000005
2023-02-24,constant_corr,inverse_variance,0.011929,0.007075,0.000142,0.000050,15.122833,0.073444,631.596421,4.359598,0.614712,0.063492,0.002872,0.000005
2023-02-24,constant_corr,minimum_variance,0.010155,0.006490,0.000103,0.000042,4.904672,0.210272,631.596421,4.359598,0.614712,0.063492,0.002872,0.000005
2023-02-24,constant_corr,risk_parity,0.012167,0.007113,0.000148,0.000051,16.000000,0.067848,631.596421,4.359598,0.614712,0.063492,0.002872,0.000005
2023-02-24,constant_corr,hrp,0.011782,0.007008,0.000139,0.000049,15.050908,0.076706,631.596421,4.359598,0.614712,0.063492,0.002872,0.000005
2023-02-24,constant_corr,max_diversification,0.011099,0.006557,0.000123,0.000043,6.619279,0.159934,631.596421,4.359598,0.614712,0.063492,0.002872,0.000005
2023-02-24,rmt_hard,equal_weight,0.012987,0.007507,0.000169,0.000056,15.154527,0.062500,631.596421,4.359598,0.614712,0.063492,0.002872,0.000005
2023-02-24,rmt_hard,inverse_variance,0.011905,0.007053,0.000142,0.000050,15.143654,0.074070,631.596421,4.359598,0.614712,0.063492,0.002872,0.000005
2023-02-24,rmt_hard,minimum_variance,0.010168,0.006571,0.000103,0.000043,5.428407,0.194928,631.596421,4.359598,0.614712,0.063492,0.002872,0.000005
2023-02-24,rmt_hard,risk_parity,0.012188,0.007111,0.000149,0.000051,16.000000,0.067899,631.596421,4.359598,0.614712,0.063492,0.002872,0.000005
2023-02-24,rmt_hard,hrp,0.011693,0.006918,0.000137,0.000048,14.497885,0.080327,631.596421,4.359598,0.614712,0.063492,0.002872,0.000005
2023-02-24,rmt_hard,max_diversification,0.011125,0.006476,0.000124,0.000042,6.362148,0.164195,631.596421,4.359598,0.614712,0.063492,0.002872,0.000005
2023-02-24,rmt_soft,equal_weight,0.012988,0.007507,0.000169,0.000056,15.154593,0.062500,631.596421,4.359598,0.614712,0.063492,0.002872,0.000005
2023-02-24,rmt_soft,inverse_variance,0.011927,0.007066,0.000142,0.000050,15.172835,0.073655,631.596421,4.359598,0.614712,0.063492,0.002872,0.000005
2023-02-24,rmt_soft,minimum_variance,0.010195,0.006551,0.000104,0.000043,5.270342,0.199112,631.596421,4.359598,0.614712,0.063492,0.002872,0.000005
2023-02-24,rmt_soft,risk_parity,0.012192,0.007113,0.000149,0.000051,16.000000,0.067841,631.596421,4.359598,0.614712,0.063492,0.002872,0.000005
2023-02-24,rmt_soft,hrp,0.011805,0.006973,0.000139,0.000049,15.052852,0.076117,631.596421,4.359598,0.614712,0.063492,0.002872,0.000005
2023-02-24,rmt_soft,max_diversification,0.011160,0.006557,0.000125,0.000043,6.584163,0.159881,631.596421,4.359598,0.614712,0.063492,0.002872,0.000005
2023-02-24,rmt_rie,equal_weight,0.012199,0.007507,0.000149,0.000056,15.155259,0.062500,631.596421,4.359598,0.614712,0.063492,0.002872,0.000005
2023-02-24,rmt_rie,inverse_variance,0.011242,0.007077,0.000126,0.000050,15.102317,0.073335,631.596421,4.359598,0.614712,0.063492,0.002872,0.000005
2023-02-24,rmt_rie,minimum_variance,0.009611,0.006426,0.000092,0.000041,5.035362,0.206139,631.596421,4.359598,0.614712,0.063492,0.002872,0.000005
2023-02-24,rmt_rie,risk_parity,0.011456,0.007114,0.000131,0.000051,16.000000,0.067797,631.596421,4.359598,0.614712,0.063492,0.002872,0.000005
2023-02-24,rmt_rie,hrp,0.011040,0.006982,0.000122,0.000049,14.989158,0.077861,631.596421,4.359598,0.614712,0.063492,0.002872,0.000005
2023-02-24,rmt_rie,max_diversification,0.010476,0.006586,0.000110,0.000043,6.774665,0.157596,631.596421,4.359598,0.614712,0.063492,0.002872,0.000005
2023-02-24,factor_model,equal_weight,0.013111,0.007507,0.000172,0.000056,15.159255,0.062500,631.596421,4.359598,0.614712,0.063492,0.002872,0.000005
2023-02-24,factor_model,inverse_variance,0.012051,0.007075,0.000145,0.000050,15.158235,0.073444,631.596421,4.359598,0.614712,0.063492,0.002872,0.000005
2023-02-24,factor_model,minimum_variance,0.010135,0.006630,0.000103,0.000044,5.334053,0.198094,631.596421,4.359598,0.614712,0.063492,0.002872,0.000005
2023-02-24,factor_model,risk_parity,0.012286,0.007108,0.000151,0.000051,16.000000,0.068116,631.596421,4.359598,0.614712,0.063492,0.002872,0.000005
2023-02-24,factor_model,hrp,0.011905,0.006976,0.000142,0.000049,15.041292,0.076021,631.596421,4.359598,0.614712,0.063492,0.002872,0.000005
2023-02-24,factor_model,max_diversification,0.010902,0.006628,0.000119,0.000044,6.078735,0.180595,631.596421,4.359598,0.614712,0.063492,0.002872,0.000005
2023-03-27,sample,equal_weight,0.012630,0.008670,0.000160,0.000075,15.129317,0.062500,580.478973,4.406596,0.611115,0.063492,0.002721,0.000005
2023-03-27,sample,inverse_variance,0.011617,0.007547,0.000135,0.000057,15.116074,0.073384,580.478973,4.406596,0.611115,0.063492,0.002721,0.000005
2023-03-27,sample,minimum_variance,0.009860,0.006395,0.000097,0.000041,4.927398,0.209465,580.478973,4.406596,0.611115,0.063492,0.002721,0.000005
2023-03-27,sample,risk_parity,0.011844,0.007775,0.000140,0.000060,16.000000,0.067871,580.478973,4.406596,0.611115,0.063492,0.002721,0.000005
2023-03-27,sample,hrp,0.011424,0.007284,0.000131,0.000053,15.030226,0.076936,580.478973,4.406596,0.611115,0.063492,0.002721,0.000005
2023-03-27,sample,max_diversification,0.010862,0.005804,0.000118,0.000034,6.493720,0.161071,580.478973,4.406596,0.611115,0.063492,0.002721,0.000005
2023-03-27,ledoit_wolf,equal_weight,0.012448,0.008670,0.000155,0.000075,15.134402,0.062500,580.478973,4.406596,0.611115,0.063492,0.002721,0.000005
2023-03-27,ledoit_wolf,inverse_variance,0.011491,0.007585,0.000132,0.000058,15.190445,0.072545,580.478973,4.406596,0.611115,0.063492,0.002721,0.000005
2023-03-27,ledoit_wolf,minimum_variance,0.009786,0.006293,0.000096,0.000040,5.023939,0.206284,580.478973,4.406596,0.611115,0.063492,0.002721,0.000005
2023-03-27,ledoit_wolf,risk_parity,0.011685,0.007783,0.000137,0.000061,16.000000,0.067748,580.478973,4.406596,0.611115,0.063492,0.002721,0.000005
2023-03-27,ledoit_wolf,hrp,0.011352,0.007337,0.000129,0.000054,15.051424,0.074992,580.478973,4.406596,0.611115,0.063492,0.002721,0.000005
2023-03-27,ledoit_wolf,max_diversification,0.010717,0.005813,0.000115,0.000034,6.583397,0.160277,580.478973,4.406596,0.611115,0.063492,0.002721,0.000005
2023-03-27,constant_corr,equal_weight,0.012605,0.008670,0.000159,0.000075,15.129317,0.062500,580.478973,4.406596,0.611115,0.063492,0.002721,0.000005
2023-03-27,constant_corr,inverse_variance,0.011594,0.007547,0.000134,0.000057,15.116074,0.073384,580.478973,4.406596,0.611115,0.063492,0.002721,0.000005
2023-03-27,constant_corr,minimum_variance,0.009841,0.006395,0.000097,0.000041,4.927407,0.209464,580.478973,4.406596,0.611115,0.063492,0.002721,0.000005
2023-03-27,constant_corr,risk_parity,0.011820,0.007775,0.000140,0.000060,16.000000,0.067871,580.478973,4.406596,0.611115,0.063492,0.002721,0.000005
2023-03-27,constant_corr,hrp,0.011401,0.007284,0.000130,0.000053,15.030226,0.076936,580.478973,4.406596,0.611115,0.063492,0.002721,0.000005
2023-03-27,constant_corr,max_diversification,0.010840,0.005804,0.000118,0.000034,6.493720,0.161071,580.478973,4.406596,0.611115,0.063492,0.002721,0.000005
2023-03-27,rmt_hard,equal_weight,0.012631,0.008670,0.000160,0.000075,15.128017,0.062500,580.478973,4.406596,0.611115,0.063492,0.002721,0.000005
2023-03-27,rmt_hard,inverse_variance,0.011575,0.007460,0.000134,0.000056,15.138572,0.073961,580.478973,4.406596,0.611115,0.063492,0.002721,0.000005
2023-03-27,rmt_hard,minimum_variance,0.009860,0.006161,0.000097,0.000038,5.232949,0.200309,580.478973,4.406596,0.611115,0.063492,0.002721,0.000005
2023-03-27,rmt_hard,risk_parity,0.011840,0.007770,0.000140,0.000060,16.000000,0.067929,580.478973,4.406596,0.611115,0.063492,0.002721,0.000005
2023-03-27,rmt_hard,hrp,0.011450,0.007164,0.000131,0.000051,14.799049,0.076232,580.478973,4.406596,0.611115,0.063492,0.002721,0.000005
2023-03-27,rmt_hard,max_diversification,0.010879,0.005801,0.000118,0.000034,6.262583,0.163988,580.478973,4.406596,0.611115,0.063492,0.002721,0.000005
2023-03-27,rmt_soft,equal_weight,0.012631,0.008670,0.000160,0.000075,15.128253,0.062500,580.478973,4.406596,0.611115,0.063492,0.002721,0.000005
2023-03-27,rmt_soft,inverse_variance,0.011593,0.007508,0.000134,0.000056,15.164711,0.073581,580.478973,4.406596,0.611115,0.063492,0.002721,0.000005
2023-03-27,rmt_soft,minimum_variance,0.009886,0.006197,0.000098,0.000038,5.056097,0.205429,580.478973,4.406596,0.611115,0.063492,0.002721,0.000005
2023-03-27,rmt_soft,risk_parity,0.011845,0.007775,0.000140,0.000060,16.000000,0.067863,580.478973,4.406596,0.611115,0.063492,0.002721,0.000005
2023-03-27,rmt_soft,hrp,0.011439,0.007317,0.000131,0.000054,14.892463,0.077235,580.478973,4.406596,0.611115,0.063492,0.002721,0.000005
2023-03-27,rmt_soft,max_diversification,0.010905,0.005833,0.000119,0.000034,6.468061,0.160802,580.478973,4.406596,0.611115,0.063492,0.002721,0.000005
2023-03-27,rmt_rie,equal_weight,0.011864,0.008670,0.000141,0.000075,15.128994,0.062500,580.478973,4.406596,0.611115,0.063492,0.002721,0.000005
2023-03-27,rmt_rie,inverse_variance,0.010926,0.007576,0.000119,0.000057,15.096755,0.073273,580.478973,4.406596,0.611115,0.063492,0.002721,0.000005
2023-03-27,rmt_rie,minimum_variance,0.009317,0.006322,0.000087,0.000040,5.023914,0.206372,580.478973,4.406596,0.611115,0.063492,0.002721,0.000005
2023-03-27,rmt_rie,risk_parity,0.011130,0.007778,0.000124,0.000060,16.000000,0.067813,580.478973,4.406596,0.611115,0.063492,0.002721,0.000005
2023-03-27,rmt_rie,hrp,0.010572,0.007210,0.000112,0.000052,14.723203,0.082866,580.478973,4.406596,0.611115,0.063492,0.002721,0.000005
2023-03-27,rmt_rie,max_diversification,0.010226,0.005843,0.000105,0.000034,6.668690,0.158659,580.478973,4.406596,0.611115,0.063492,0.002721,0.000005
2023-03-27,factor_model,equal_weight,0.012752,0.008670,0.000163,0.000075,15.138439,0.062500,580.478973,4.406596,0.611115,0.063492,0.002721,0.000005
2023-03-27,factor_model,inverse_variance,0.011716,0.007547,0.000137,0.000057,15.152906,0.073384,580.478973,4.406596,0.611115,0.063492,0.002721,0.000005
2023-03-27,factor_model,minimum_variance,0.009827,0.006463,0.000097,0.000042,5.378386,0.196987,580.478973,4.406596,0.611115,0.063492,0.002721,0.000005
2023-03-27,factor_model,risk_parity,0.011940,0.007798,0.000143,0.000061,16.000000,0.068134,580.478973,4.406596,0.611115,0.063492,0.002721,0.000005
2023-03-27,factor_model,hrp,0.011323,0.007145,0.000128,0.000051,14.560122,0.082861,580.478973,4.406596,0.611115,0.063492,0.002721,0.000005
2023-03-27,factor_model,max_diversification,0.010694,0.006246,0.000114,0.000039,6.243492,0.174311,580.478973,4.406596,0.611115,0.063492,0.002721,0.000005
2023-04-26,sample,equal_weight,0.011652,0.007542,0.000136,0.000057,14.878063,0.062500,544.644234,4.772074,0.577390,0.063492,0.002364,0.000004
2023-04-26,sample,inverse_variance,0.010446,0.007447,0.000109,0.000055,14.762067,0.077265,544.644234,4.772074,0.577390,0.063492,0.002364,0.000004
2023-04-26,sample,minimum_variance,0.008834,0.008714,0.000078,0.000076,5.192813,0.201685,544.644234,4.772074,0.577390,0.063492,0.002364,0.000004
2023-04-26,sample,risk_parity,0.010727,0.007517,0.000115,0.000057,16.000000,0.069490,544.644234,4.772074,0.577390,0.063492,0.002364,0.000004
2023-04-26,sample,hrp,0.010152,0.007599,0.000103,0.000058,14.321473,0.085311,544.644234,4.772074,0.577390,0.063492,0.002364,0.000004
2023-04-26,sample,max_diversification,0.009872,0.008300,0.000097,0.000069,6.593041,0.160370,544.644234,4.772074,0.577390,0.063492,0.002364,0.000004
2023-04-26,ledoit_wolf,equal_weight,0.011469,0.007542,0.000132,0.000057,14.885863,0.062500,544.644234,4.772074,0.577390,0.063492,0.002364,0.000004
2023-04-26,ledoit_wolf,inverse_variance,0.010338,0.007431,0.000107,0.000055,14.889630,0.075902,544.644234,4.772074,0.577390,0.063492,0.002364,0.000004
2023-04-26,ledoit_wolf,minimum_variance,0.008769,0.008766,0.000077,0.000077,5.475909,0.193452,544.644234,4.772074,0.577390,0.063492,0.002364,0.000004
2023-04-26,ledoit_wolf,risk_parity,0.010576,0.007512,0.000112,0.000056,16.000000,0.069280,544.644234,4.772074,0.577390,0.063492,0.002364,0.000004
2023-04-26,ledoit_wolf,hrp,0.009984,0.007818,0.000100,0.000061,14.457933,0.085177,544.644234,4.772074,0.577390,0.063492,0.002364,0.000004
2023-04-26,ledoit_wolf,max_diversification,0.009722,0.008312,0.000095,0.000069,6.690015,0.159655,544.644234,4.772074,0.577390,0.063492,0.002364,0.000004
2023-04-26,constant_corr,equal_weight,0.011629,0.007542,0.000135,0.000057,14.878063,0.062500,544.644234,4.772074,0.577390,0.063492,0.002364,0.000004
2023-04-26,constant_corr,inverse_variance,0.010425,0.007447,0.000109,0.000055,14.762067,0.077265,544.644234,4.772074,0.577390,0.063492,0.002364,0.000004
2023-04-26,constant_corr,minimum_variance,0.008817,0.008714,0.000078,0.000076,5.192861,0.201683,544.644234,4.772074,0.577390,0.063492,0.002364,0.000004
2023-04-26,constant_corr,risk_parity,0.010706,0.007517,0.000115,0.000057,16.000000,0.069490,544.644234,4.772074,0.577390,0.063492,0.002364,0.000004
2023-04-26,constant_corr,hrp,0.010132,0.007599,0.000103,0.000058,14.321473,0.085311,544.644234,4.772074,0.577390,0.063492,0.002364,0.000004
2023-04-26,constant_corr,max_diversification,0.009853,0.008300,0.000097,0.000069,6.593041,0.160370,544.644234,4.772074,0.577390,0.063492,0.002364,0.000004
2023-04-26,rmt_hard,equal_weight,0.011654,0.007542,0.000136,0.000057,14.875411,0.062500,544.644234,4.772074,0.577390,0.063492,0.002364,0.000004
2023-04-26,rmt_hard,inverse_variance,0.010399,0.007473,0.000108,0.000056,14.790845,0.077840,544.644234,4.772074,0.577390,0.063492,0.002364,0.000004
2023-04-26,rmt_hard,minimum_variance,0.008807,0.008958,0.000078,0.000080,5.525241,0.192215,544.644234,4.772074,0.577390,0.063492,0.002364,0.000004
2023-04-26,rmt_hard,risk_parity,0.010721,0.007522,0.000115,0.000057,16.000000,0.069601,544.644234,4.772074,0.577390,0.063492,0.002364,0.000004
2023-04-26,rmt_hard,hrp,0.010101,0.007943,0.000102,0.000063,14.517087,0.087353,544.644234,4.772074,0.577390,0.063492,0.002364,0.000004
2023-04-26,rmt_hard,max_diversification,0.009884,0.008346,0.000098,0.000070,6.486109,0.160417,544.644234,4.772074,0.577390,0.063492,0.002364,0.000004
2023-04-26,rmt_soft,equal_weight,0.011654,0.007542,0.000136,0.000057,14.875926,0.062500,544.644234,4.772074,0.577390,0.063492,0.002364,0.000004
2023-04-26,rmt_soft,inverse_variance,0.010414,0.007459,0.000108,0.000056,14.818456,0.077582,544.644234,4.772074,0.577390,0.063492,0.002364,0.000004
2023-04-26,rmt_soft,minimum_variance,0.008853,0.008920,0.000078,0.000080,5.587964,0.190681,544.644234,4.772074,0.577390,0.063492,0.002364,0.000004
2023-04-26,rmt_soft,risk_parity,0.010728,0.007517,0.000115,0.000057,16.000000,0.069480,544.644234,4.772074,0.577390,0.063492,0.002364,0.000004
2023-04-26,rmt_soft,hrp,0.010142,0.007645,0.000103,0.000058,14.326833,0.084588,544.644234,4.772074,0.577390,0.063492,0.002364,0.000004
2023-04-26,rmt_soft,max_diversification,0.009920,0.008287,0.000098,0.000069,6.530303,0.160824,544.644234,4.772074,0.577390,0.063492,0.002364,0.000004
2023-04-26,rmt_rie,equal_weight,0.010943,0.007542,0.000120,0.000057,14.877457,0.062500,544.644234,4.772074,0.577390,0.063492,0.002364,0.000004
2023-04-26,rmt_rie,inverse_variance,0.009833,0.007441,0.000097,0.000055,14.749785,0.076921,544.644234,4.772074,0.577390,0.063492,0.002364,0.000004
2023-04-26,rmt_rie,minimum_variance,0.008354,0.008663,0.000070,0.000075,5.410821,0.195521,544.644234,4.772074,0.577390,0.063492,0.002364,0.000004
2023-04-26,rmt_rie,risk_parity,0.010080,0.007512,0.000102,0.000056,16.000000,0.069394,544.644234,4.772074,0.577390,0.063492,0.002364,0.000004
2023-04-26,rmt_rie,hrp,0.009677,0.007484,0.000094,0.000056,14.402700,0.080562,544.644234,4.772074,0.577390,0.063492,0.002364,0.000004
2023-04-26,rmt_rie,max_diversification,0.009274,0.008321,0.000086,0.000069,6.790314,0.158276,544.644234,4.772074,0.577390,0.063492,0.002364,0.000004
2023-04-26,factor_model,equal_weight,0.011779,0.007542,0.000139,0.000057,14.895562,0.062500,544.644234,4.772074,0.577390,0.063492,0.002364,0.000004
2023-04-26,factor_model,inverse_variance,0.010543,0.007447,0.000111,0.000055,14.824283,0.077265,544.644234,4.772074,0.577390,0.063492,0.002364,0.000004
2023-04-26,factor_model,minimum_variance,0.008766,0.009838,0.000077,0.000097,4.917475,0.209985,544.644234,4.772074,0.577390,0.063492,0.002364,0.000004
2023-04-26,factor_model,risk_parity,0.010822,0.007537,0.000117,0.000057,16.000000,0.069870,544.644234,4.772074,0.577390,0.063492,0.002364,0.000004
2023-04-26,factor_model,hrp,0.010126,0.007843,0.000103,0.000062,13.963581,0.091179,544.644234,4.772074,0.577390,0.063492,0.002364,0.000004
2023-04-26,factor_model,max_diversification,0.009758,0.008329,0.000095,0.000069,6.154557,0.171691,544.644234,4.772074,0.577390,0.063492,0.002364,0.000004
2023-05-30,sample,equal_weight,0.010247,0.008352,0.000105,0.000070,14.976940,0.062500,407.822664,5.418463,0.516768,0.063492,0.001816,0.000004
2023-05-30,sample,inverse_variance,0.009325,0.007706,0.000087,0.000059,14.554474,0.076712,407.822664,5.418463,0.516768,0.063492,0.001816,0.000004
2023-05-30,sample,minimum_variance,0.007869,0.006473,0.000062,0.000042,5.714545,0.185872,407.822664,5.418463,0.516768,0.063492,0.001816,0.000004
2023-05-30,sample,risk_parity,0.009510,0.007780,0.000090,0.000061,16.000000,0.068564,407.822664,5.418463,0.516768,0.063492,0.001816,0.000004
2023-05-30,sample,hrp,0.009165,0.007552,0.000084,0.000057,14.426946,0.082029,407.822664,5.418463,0.516768,0.063492,0.001816,0.000004
2023-05-30,sample,max_diversification,0.008762,0.007032,0.000077,0.000049,6.209020,0.164421,407.822664,5.418463,0.516768,0.063492,0.001816,0.000004
2023-05-30,ledoit_wolf,equal_weight,0.010109,0.008352,0.000102,0.000070,14.983668,0.062500,407.822664,5.418463,0.516768,0.063492,0.001816,0.000004
2023-05-30,ledoit_wolf,inverse_variance,0.009237,0.007731,0.000085,0.000060,14.671203,0.075558,407.822664,5.418463,0.516768,0.063492,0.001816,0.000004
2023-05-30,ledoit_wolf,minimum_variance,0.007818,0.006472,0.000061,0.000042,5.744360,0.184469,407.822664,5.418463,0.516768,0.063492,0.001816,0.000004
2023-05-30,ledoit_wolf,risk_parity,0.009394,0.007786,0.000088,0.000061,16.000000,0.068417,407.822664,5.418463,0.516768,0.063492,0.001816,0.000004
2023-05-30,ledoit_wolf,hrp,0.009076,0.007572,0.000082,0.000057,14.516825,0.080855,407.822664,5.418463,0.516768,0.063492,0.001816,0.000004
2023-05-30,ledoit_wolf,max_diversification,0.008652,0.007004,0.000075,0.000049,6.279154,0.163881,407.822664,5.418463,0.516768,0.063492,0.001816,0.000004
2023-05-30,constant_corr,equal_weight,0.010226,0.008352,0.000105,0.000070,14.976940,0.062500,407.822664,5.418463,0.516768,0.063492,0.001816,0.000004
2023-05-30,constant_corr,inverse_variance,0.009307,0.007706,0.000087,0.000059,14.554474,0.076712,407.822664,5.418463,0.516768,0.063492,0.001816,0.000004
2023-05-30,constant_corr,minimum_variance,0.007853,0.006473,0.000062,0.000042,5.714549,0.185872,407.822664,5.418463,0.516768,0.063492,0.001816,0.000004
2023-05-30,constant_corr,risk_parity,0.009492,0.007780,0.000090,0.000061,16.000000,0.068564,407.822664,5.418463,0.516768,0.063492,0.001816,0.000004
2023-05-30,constant_corr,hrp,0.009147,0.007552,0.000084,0.000057,14.426946,0.082029,407.822664,5.418463,0.516768,0.063492,0.001816,0.000004
2023-05-30,constant_corr,max_diversification,0.008745,0.007032,0.000076,0.000049,6.209020,0.164421,407.822664,5.418463,0.516768,0.063492,0.001816,0.000004
2023-05-30,rmt_hard,equal_weight,0.010249,0.008352,0.000105,0.000070,14.973698,0.062500,407.822664,5.418463,0.516768,0.063492,0.001816,0.000004
2023-05-30,rmt_hard,inverse_variance,0.009302,0.007680,0.000087,0.000059,14.607177,0.077085,407.822664,5.418463,0.516768,0.063492,0.001816,0.000004
2023-05-30,rmt_hard,minimum_variance,0.007849,0.006486,0.000062,0.000042,5.624132,0.187767,407.822664,5.418463,0.516768,0.063492,0.001816,0.000004
2023-05-30,rmt_hard,risk_parity,0.009507,0.007777,0.000090,0.000060,16.000000,0.068632,407.822664,5.418463,0.516768,0.063492,0.001816,0.000004
2023-05-30,rmt_hard,hrp,0.009256,0.007634,0.000086,0.000058,14.893722,0.076604,407.822664,5.418463,0.516768,0.063492,0.001816,0.000004
2023-05-30,rmt_hard,max_diversification,0.008793,0.007074,0.000077,0.000050,5.992393,0.168731,407.822664,5.418463,0.516768,0.063492,0.001816,0.000004
2023-05-30,rmt_soft,equal_weight,0.010248,0.008352,0.000105,0.000070,14.975001,0.062500,407.822664,5.418463,0.516768,0.063492,0.001816,0.000004
2023-05-30,rmt_soft,inverse_variance,0.009299,0.007680,0.000086,0.000059,14.617947,0.077012,407.822664,5.418463,0.516768,0.063492,0.001816,0.000004
2023-05-30,rmt_soft,minimum_variance,0.007882,0.006480,0.000062,0.000042,5.698889,0.186149,407.822664,5.418463,0.516768,0.063492,0.001816,0.000004
2023-05-30,rmt_soft,risk_parity,0.009511,0.007779,0.000090,0.000061,16.000000,0.068565,407.822664,5.418463,0.516768,0.063492,0.001816,0.000004
2023-05-30,rmt_soft,hrp,0.009221,0.007595,0.000085,0.000058,14.841491,0.077961,407.822664,5.418463,0.516768,0.063492,0.001816,0.000004
2023-05-30,rmt_soft,max_diversification,0.008803,0.007044,0.000077,0.000050,6.163083,0.164810,407.822664,5.418463,0.516768,0.063492,0.001816,0.000004
2023-05-30,rmt_rie,equal_weight,0.009619,0.008352,0.000093,0.000070,14.977125,0.062500,407.822664,5.418463,0.516768,0.063492,0.001816,0.000004
2023-05-30,rmt_rie,inverse_variance,0.008768,0.007721,0.000077,0.000060,14.486748,0.076620,407.822664,5.418463,0.516768,0.063492,0.001816,0.000004
2023-05-30,rmt_rie,minimum_variance,0.007459,0.006472,0.000056,0.000042,5.754396,0.184211,407.822664,5.418463,0.516768,0.063492,0.001816,0.000004
2023-05-30,rmt_rie,risk_parity,0.008936,0.007785,0.000080,0.000061,16.000000,0.068429,407.822664,5.418463,0.516768,0.063492,0.001816,0.000004
2023-05-30,rmt_rie,hrp,0.008593,0.007531,0.000074,0.000057,14.102193,0.081967,407.822664,5.418463,0.516768,0.063492,0.001816,0.000004
2023-05-30,rmt_rie,max_diversification,0.008285,0.007012,0.000069,0.000049,6.330313,0.162774,407.822664,5.418463,0.516768,0.063492,0.001816,0.000004
2023-05-30,factor_model,equal_weight,0.010382,0.008352,0.000108,0.000070,14.978911,0.062500,407.822664,5.418463,0.516768,0.063492,0.001816,0.000004
2023-05-30,factor_model,inverse_variance,0.009420,0.007706,0.000089,0.000059,14.632871,0.076712,407.822664,5.418463,0.516768,0.063492,0.001816,0.000004
2023-05-30,factor_model,minimum_variance,0.007749,0.006694,0.000060,0.000045,5.357045,0.197855,407.822664,5.418463,0.516768,0.063492,0.001816,0.000004
2023-05-30,factor_model,risk_parity,0.009590,0.007750,0.000092,0.000060,16.000000,0.069228,407.822664,5.418463,0.516768,0.063492,0.001816,0.000004
2023-05-30,factor_model,hrp,0.009279,0.007576,0.000086,0.000057,14.255079,0.081418,407.822664,5.418463,0.516768,0.063492,0.001816,0.000004
2023-05-30,factor_model,max_diversification,0.008458,0.006772,0.000072,0.000046,5.569836,0.185458,407.822664,5.418463,0.516768,0.063492,0.001816,0.000004
2023-06-30,sample,equal_weight,0.009900,0.008988,0.000098,0.000081,15.046327,0.062500,380.841259,5.592908,0.502853,0.063492,0.001685,0.000004
2023-06-30,sample,inverse_variance,0.009080,0.008849,0.000082,0.000078,14.546045,0.076008,380.841259,5.592908,0.502853,0.063492,0.001685,0.000004
2023-06-30,sample,minimum_variance,0.007693,0.007611,0.000059,0.000058,5.802429,0.182528,380.841259,5.592908,0.502853,0.063492,0.001685,0.000004
2023-06-30,sample,risk_parity,0.009245,0.008771,0.000085,0.000077,16.000000,0.067949,380.841259,5.592908,0.502853,0.063492,0.001685,0.000004
2023-06-30,sample,hrp,0.009051,0.008774,0.000082,0.000077,14.663954,0.075929,380.841259,5.592908,0.502853,0.063492,0.001685,0.000004
2023-06-30,sample,max_diversification,0.008651,0.008176,0.000075,0.000067,6.224749,0.162754,380.841259,5.592908,0.502853,0.063492,0.001685,0.000004
2023-06-30,ledoit_wolf,equal_weight,0.009760,0.008988,0.000095,0.000081,15.053179,0.062500,380.841259,5.592908,0.502853,0.063492,0.001685,0.000004
2023-06-30,ledoit_wolf,inverse_variance,0.008986,0.008861,0.000081,0.000079,14.667424,0.074852,380.841259,5.592908,0.502853,0.063492,0.001685,0.000004
2023-06-30,ledoit_wolf,minimum_variance,0.007640,0.007607,0.000058,0.000058,5.809827,0.181511,380.841259,5.592908,0.502853,0.063492,0.001685,0.000004
2023-06-30,ledoit_wolf,risk_parity,0.009126,0.008774,0.000083,0.000077,16.000000,0.067813,380.841259,5.592908,0.502853,0.063492,0.001685,0.000004
2023-06-30,ledoit_wolf,hrp,0.008945,0.008788,0.000080,0.000077,14.733162,0.075234,380.841259,5.592908,0.502853,0.063492,0.001685,0.000004
2023-06-30,ledoit_wolf,max_diversification,0.008532,0.008140,0.000073,0.000066,6.296684,0.162168,380.841259,5.592908,0.502853,0.063492,0.001685,0.000004
2023-06-30,constant_corr,equal_weight,0.009881,0.008988,0.000098,0.000081,15.046327,0.062500,380.841259,5.592908,0.502853,0.063492,0.001685,0.000004
2023-06-30,constant_corr,inverse_variance,0.009062,0.008849,0.000082,0.000078,14.546045,0.076008,380.841259,5.592908,0.502853,0.063492,0.001685,0.000004
2023-06-30,constant_corr,minimum_variance,0.007678,0.007611,0.000059,0.000058,5.802437,0.182528,380.841259,5.592908,0.502853,0.063492,0.001685,0.000004
2023-06-30,constant_corr,risk_parity,0.009227,0.008771,0.000085,0.000077,16.000000,0.067949,380.841259,5.592908,0.502853,0.063492,0.001685,0.000004
2023-06-30,constant_corr,hrp,0.009033,0.008774,0.000082,0.000077,14.663954,0.075929,380.841259,5.592908,0.502853,0.063492,0.001685,0.000004
2023-06-30,constant_corr,max_diversification,0.008634,0.008176,0.000075,0.000067,6.224749,0.162754,380.841259,5.592908,0.502853,0.063492,0.001685,0.000004
2023-06-30,rmt_hard,equal_weight,0.009902,0.008988,0.000098,0.000081,15.043441,0.062500,380.841259,5.592908,0.502853,0.063492,0.001685,0.000004
2023-06-30,rmt_hard,inverse_variance,0.009063,0.008877,0.000082,0.000079,14.591974,0.076310,380.841259,5.592908,0.502853,0.063492,0.001685,0.000004
2023-06-30,rmt_hard,minimum_variance,0.007690,0.007620,0.000059,0.000058,5.770391,0.182964,380.841259,5.592908,0.502853,0.063492,0.001685,0.000004
2023-06-30,rmt_hard,risk_parity,0.009243,0.008768,0.000085,0.000077,16.000000,0.067990,380.841259,5.592908,0.502853,0.063492,0.001685,0.000004
2023-06-30,rmt_hard,hrp,0.009056,0.008807,0.000082,0.000078,14.790445,0.075229,380.841259,5.592908,0.502853,0.063492,0.001685,0.000004
2023-06-30,rmt_hard,max_diversification,0.008666,0.008244,0.000075,0.000068,6.507513,0.158909,380.841259,5.592908,0.502853,0.063492,0.001685,0.000004
2023-06-30,rmt_soft,equal_weight,0.009902,0.008988,0.000098,0.000081,15.044228,0.062500,380.841259,5.592908,0.502853,0.063492,0.001685,0.000004
2023-06-30,rmt_soft,inverse_variance,0.009058,0.008848,0.000082,0.000078,14.614575,0.076221,380.841259,5.592908,0.502853,0.063492,0.001685,0.000004
2023-06-30,rmt_soft,minimum_variance,0.007711,0.007606,0.000059,0.000058,5.806028,0.182341,380.841259,5.592908,0.502853,0.063492,0.001685,0.000004
2023-06-30,rmt_soft,risk_parity,0.009246,0.008770,0.000085,0.000077,16.000000,0.067947,380.841259,5.592908,0.502853,0.063492,0.001685,0.000004
2023-06-30,rmt_soft,hrp,0.008931,0.008584,0.000080,0.000074,14.473447,0.079497,380.841259,5.592908,0.502853,0.063492,0.001685,0.000004
2023-06-30,rmt_soft,max_diversification,0.008664,0.008174,0.000075,0.000067,6.560292,0.157360,380.841259,5.592908,0.502853,0.063492,0.001685,0.000004
2023-06-30,rmt_rie,equal_weight,0.009293,0.008988,0.000086,0.000081,15.046449,0.062500,380.841259,5.592908,0.502853,0.063492,0.001685,0.000004
2023-06-30,rmt_rie,inverse_variance,0.008529,0.008857,0.000073,0.000078,14.452356,0.076124,380.841259,5.592908,0.502853,0.063492,0.001685,0.000004
2023-06-30,rmt_rie,minimum_variance,0.007282,0.007639,0.000053,0.000058,5.825354,0.181143,380.841259,5.592908,0.502853,0.063492,0.001685,0.000004
2023-06-30,rmt_rie,risk_parity,0.008684,0.008774,0.000075,0.000077,16.000000,0.067853,380.841259,5.592908,0.502853,0.063492,0.001685,0.000004
2023-06-30,rmt_rie,hrp,0.008490,0.008768,0.000072,0.000077,14.597295,0.076191,380.841259,5.592908,0.502853,0.063492,0.001685,0.000004
2023-06-30,rmt_rie,max_diversification,0.008180,0.008172,0.000067,0.000067,6.296235,0.161444,380.841259,5.592908,0.502853,0.063492,0.001685,0.000004
2023-06-30,factor_model,equal_weight,0.010037,0.008988,0.000101,0.000081,15.042231,0.062500,380.841259,5.592908,0.502853,0.063492,0.001685,0.000004
2023-06-30,factor_model,inverse_variance,0.009173,0.008849,0.000084,0.000078,14.634281,0.076008,380.841259,5.592908,0.502853,0.063492,0.001685,0.000004
2023-06-30,factor_model,minimum_variance,0.007556,0.007579,0.000057,0.000057,5.635155,0.190787,380.841259,5.592908,0.502853,0.063492,0.001685,0.000004
2023-06-30,factor_model,risk_parity,0.009324,0.008771,0.000087,0.000077,16.000000,0.068633,380.841259,5.592908,0.502853,0.063492,0.001685,0.000004
2023-06-30,factor_model,hrp,0.009046,0.008805,0.000082,0.000078,14.290499,0.080302,380.841259,5.592908,0.502853,0.063492,0.001685,0.000004
2023-06-30,factor_model,max_diversification,0.008317,0.007890,0.000069,0.000062,5.520581,0.185713,380.841259,5.592908,0.502853,0.063492,0.001685,0.000004
2023-07-31,sample,equal_weight,0.009611,0.009383,0.000092,0.000088,15.150822,0.062500,388.426506,5.651251,0.496034,0.063492,0.001573,0.000004
2023-07-31,sample,inverse_variance,0.008921,0.008616,0.000080,0.000074,14.626998,0.074506,388.426506,5.651251,0.496034,0.063492,0.001573,0.000004
2023-07-31,sample,minimum_variance,0.007548,0.007408,0.000057,0.000055,5.442610,0.188701,388.426506,5.651251,0.496034,0.063492,0.001573,0.000004
2023-07-31,sample,risk_parity,0.009061,0.008848,0.000082,0.000078,16.000000,0.066869,388.426506,5.651251,0.496034,0.063492,0.001573,0.000004
2023-07-31,sample,hrp,0.008904,0.008593,0.000079,0.000074,14.805968,0.073772,388.426506,5.651251,0.496034,0.063492,0.001573,0.000004
2023-07-31,sample,max_diversification,0.008476,0.008615,0.000072,0.000074,6.064697,0.167754,388.426506,5.651251,0.496034,0.063492,0.001573,0.000004
2023-07-31,ledoit_wolf,equal_weight,0.009462,0.009383,0.000090,0.000088,15.157692,0.062500,388.426506,5.651251,0.496034,0.063492,0.001573,0.000004
2023-07-31,ledoit_wolf,inverse_variance,0.008815,0.008648,0.000078,0.000075,14.747273,0.073397,388.426506,5.651251,0.496034,0.063492,0.001573,0.000004
2023-07-31,ledoit_wolf,minimum_variance,0.007492,0.007404,0.000056,0.000055,5.471188,0.186880,388.426506,5.651251,0.496034,0.063492,0.001573,0.000004
2023-07-31,ledoit_wolf,risk_parity,0.008930,0.008854,0.000080,0.000078,16.000000,0.066761,388.426506,5.651251,0.496034,0.063492,0.001573,0.000004
2023-07-31,ledoit_wolf,hrp,0.008787,0.008614,0.000077,0.000074,14.876608,0.073111,388.426506,5.651251,0.496034,0.063492,0.001573,0.000004
2023-07-31,ledoit_wolf,max_diversification,0.008346,0.008551,0.000070,0.000073,6.160357,0.165661,388.426506,5.651251,0.496034,0.063492,0.001573,0.000004
2023-07-31,constant_corr,equal_weight,0.009592,0.009383,0.000092,0.000088,15.150822,0.062500,388.426506,5.651251,0.496034,0.063492,0.001573,0.000004
2023-07-31,constant_corr,inverse_variance,0.008903,0.008616,0.000079,0.000074,14.626998,0.074506,388.426506,5.651251,0.496034,0.063492,0.001573,0.000004
2023-07-31,constant_corr,minimum_variance,0.007533,0.007408,0.000057,0.000055,5.442611,0.188701,388.426506,5.651251,0.496034,0.063492,0.001573,0.000004
2023-07-31,constant_corr,risk_parity,0.009043,0.008848,0.000082,0.000078,16.000000,0.066869,388.426506,5.651251,0.496034,0.063492,0.001573,0.000004
2023-07-31,constant_corr,hrp,0.008886,0.008593,0.000079,0.000074,14.805968,0.073772,388.426506,5.651251,0.496034,0.063492,0.001573,0.000004
2023-07-31,constant_corr,max_diversification,0.008459,0.008615,0.000072,0.000074,6.064697,0.167754,388.426506,5.651251,0.496034,0.063492,0.001573,0.000004
2023-07-31,rmt_hard,equal_weight,0.009613,0.009383,0.000092,0.000088,15.146737,0.062500,388.426506,5.651251,0.496034,0.063492,0.001573,0.000004
2023-07-31,rmt_hard,inverse_variance,0.008906,0.008596,0.000079,0.000074,14.686126,0.074796,388.426506,5.651251,0.496034,0.063492,0.001573,0.000004
2023-07-31,rmt_hard,minimum_variance,0.007543,0.007402,0.000057,0.000055,5.411876,0.189176,388.426506,5.651251,0.496034,0.063492,0.001573,0.000004
2023-07-31,rmt_hard,risk_parity,0.009060,0.008846,0.000082,0.000078,16.000000,0.066894,388.426506,5.651251,0.496034,0.063492,0.001573,0.000004
2023-07-31,rmt_hard,hrp,0.008918,0.008579,0.000080,0.000074,14.615440,0.074269,388.426506,5.651251,0.496034,0.063492,0.001573,0.000004
2023-07-31,rmt_hard,max_diversification,0.008496,0.008659,0.000072,0.000075,6.058471,0.171204,388.426506,5.651251,0.496034,0.063492,0.001573,0.000004
2023-07-31,rmt_soft,equal_weight,0.009613,0.009383,0.000092,0.000088,15.148216,0.062500,388.426506,5.651251,0.496034,0.063492,0.001573,0.000004
2023-07-31,rmt_soft,inverse_variance,0.008902,0.008598,0.000079,0.000074,14.705416,0.074654,388.426506,5.651251,0.496034,0.063492,0.001573,0.000004
2023-07-31,rmt_soft,minimum_variance,0.007564,0.007406,0.000057,0.000055,5.438914,0.188763,388.426506,5.651251,0.496034,0.063492,0.001573,0.000004
2023-07-31,rmt_soft,risk_parity,0.009062,0.008848,0.000082,0.000078,16.000000,0.066868,388.426506,5.651251,0.496034,0.063492,0.001573,0.000004
2023-07-31,rmt_soft,hrp,0.008783,0.008476,0.000077,0.000072,14.599696,0.077360,388.426506,5.651251,0.496034,0.063492,0.001573,0.000004
2023-07-31,rmt_soft,max_diversification,0.008501,0.008596,0.000072,0.000074,6.205954,0.165257,388.426506,5.651251,0.496034,0.063492,0.001573,0.000004
2023-07-31,rmt_rie,equal_weight,0.009021,0.009383,0.000081,0.000088,15.151266,0.062500,388.426506,5.651251,0.496034,0.063492,0.001573,0.000004
2023-07-31,rmt_rie,inverse_variance,0.008379,0.008624,0.000070,0.000074,14.512991,0.074714,388.426506,5.651251,0.496034,0.063492,0.001573,0.000004
2023-07-31,rmt_rie,minimum_variance,0.007153,0.007396,0.000051,0.000055,5.521291,0.185292,388.426506,5.651251,0.496034,0.063492,0.001573,0.000004
2023-07-31,rmt_rie,risk_parity,0.008510,0.008851,0.000072,0.000078,16.000000,0.066794,388.426506,5.651251,0.496034,0.063492,0.001573,0.000004
2023-07-31,rmt_rie,hrp,0.008354,0.008588,0.000070,0.000074,14.723722,0.074063,388.426506,5.651251,0.496034,0.063492,0.001573,0.000004
2023-07-31,rmt_rie,max_diversification,0.008019,0.008588,0.000064,0.000074,6.149888,0.164940,388.426506,5.651251,0.496034,0.063492,0.001573,0.000004
2023-07-31,factor_model,equal_weight,0.009746,0.009383,0.000095,0.000088,15.155502,0.062500,388.426506,5.651251,0.496034,0.063492,0.001573,0.000004
2023-07-31,factor_model,inverse_variance,0.009023,0.008616,0.000081,0.000074,14.697000,0.074506,388.426506,5.651251,0.496034,0.063492,0.001573,0.000004
2023-07-31,factor_model,minimum_variance,0.007393,0.007543,0.000055,0.000057,5.364561,0.197029,388.426506,5.651251,0.496034,0.063492,0.001573,0.000004
2023-07-31,factor_model,risk_parity,0.009157,0.008839,0.000084,0.000078,16.000000,0.067321,388.426506,5.651251,0.496034,0.063492,0.001573,0.000004
2023-07-31,factor_model,hrp,0.008619,0.008285,0.000074,0.000069,14.091045,0.085099,388.426506,5.651251,0.496034,0.063492,0.001573,0.000004
2023-07-31,factor_model,max_diversification,0.008177,0.008301,0.000067,0.000069,5.742016,0.178701,388.426506,5.651251,0.496034,0.063492,0.001573,0.000004
2023-08-29,sample,equal_weight,0.009585,0.008587,0.000092,0.000074,15.146459,0.062500,393.094854,5.574496,0.508961,0.063492,0.001564,0.000004
2023-08-29,sample,inverse_variance,0.008867,0.007786,0.000079,0.000061,14.750818,0.074597,393.094854,5.574496,0.508961,0.063492,0.001564,0.000004
2023-08-29,sample,minimum_variance,0.007517,0.006424,0.000057,0.000041,5.507220,0.186675,393.094854,5.574496,0.508961,0.063492,0.001564,0.000004
2023-08-29,sample,risk_parity,0.009023,0.007969,0.000081,0.000064,16.000000,0.067058,393.094854,5.574496,0.508961,0.063492,0.001564,0.000004
2023-08-29,sample,hrp,0.008784,0.007676,0.000077,0.000059,14.709224,0.076565,393.094854,5.574496,0.508961,0.063492,0.001564,0.000004
2023-08-29,sample,max_diversification,0.008457,0.007217,0.000072,0.000052,6.351158,0.161800,393.094854,5.574496,0.508961,0.063492,0.001564,0.000004
2023-08-29,ledoit_wolf,equal_weight,0.009438,0.008587,0.000089,0.000074,15.153057,0.062500,393.094854,5.574496,0.508961,0.063492,0.001564,0.000004
2023-08-29,ledoit_wolf,inverse_variance,0.008766,0.007821,0.000077,0.000061,14.862052,0.073464,393.094854,5.574496,0.508961,0.063492,0.001564,0.000004
2023-08-29,ledoit_wolf,minimum_variance,0.007460,0.006436,0.000056,0.000041,5.539492,0.184790,393.094854,5.574496,0.508961,0.063492,0.001564,0.000004
2023-08-29,ledoit_wolf,risk_parity,0.008895,0.007976,0.000079,0.000064,16.000000,0.066948,393.094854,5.574496,0.508961,0.063492,0.001564,0.000004
2023-08-29,ledoit_wolf,hrp,0.008490,0.007507,0.000072,0.000056,14.513782,0.080598,393.094854,5.574496,0.508961,0.063492,0.001564,0.000004
2023-08-29,ledoit_wolf,max_diversification,0.008319,0.007163,0.000069,0.000051,6.487140,0.158949,393.094854,5.574496,0.508961,0.063492,0.001564,0.000004
2023-08-29,constant_corr,equal_weight,0.009566,0.008587,0.000092,0.000074,15.146459,0.062500,393.094854,5.574496,0.508961,0.063492,0.001564,0.000004
2023-08-29,constant_corr,inverse_variance,0.008850,0.007786,0.000078,0.000061,14.750818,0.074597,393.094854,5.574496,0.508961,0.063492,0.001564,0.000004
2023-08-29,constant_corr,minimum_variance,0.007502,0.006424,0.000056,0.000041,5.507228,0.186675,393.094854,5.574496,0.508961,0.063492,0.001564,0.000004
2023-08-29,constant_corr,risk_parity,0.009006,0.007969,0.000081,0.000064,16.000000,0.067058,393.094854,5.574496,0.508961,0.063492,0.001564,0.000004
2023-08-29,constant_corr,hrp,0.008767,0.007676,0.000077,0.000059,14.709224,0.076565,393.094854,5.574496,0.508961,0.063492,0.001564,0.000004
2023-08-29,constant_corr,max_diversification,0.008440,0.007217,0.000071,0.000052,6.351158,0.161800,393.094854,5.574496,0.508961,0.063492,0.001564,0.000004
2023-08-29,rmt_hard,equal_weight,0.009587,0.008587,0.000092,0.000074,15.143099,0.062500,393.094854,5.574496,0.508961,0.063492,0.001564,0.000004
2023-08-29,rmt_hard,inverse_variance,0.008848,0.007717,0.000078,0.000060,14.823278,0.074953,393.094854,5.574496,0.508961,0.063492,0.001564,0.000004
2023-08-29,rmt_hard,minimum_variance,0.007506,0.006420,0.000056,0.000041,5.435802,0.188317,393.094854,5.574496,0.508961,0.063492,0.001564,0.000004
2023-08-29,rmt_hard,risk_parity,0.009022,0.007969,0.000081,0.000064,16.000000,0.067083,393.094854,5.574496,0.508961,0.063492,0.001564,0.000004
2023-08-29,rmt_hard,hrp,0.008779,0.007698,0.000077,0.000059,15.074918,0.074577,393.094854,5.574496,0.508961,0.063492,0.001564,0.000004
2023-08-29,rmt_hard,max_diversification,0.008450,0.007266,0.000071,0.000053,6.838622,0.155067,393.094854,5.574496,0.508961,0.063492,0.001564,0.000004
2023-08-29,rmt_soft,equal_weight,0.009587,0.008587,0.000092,0.000074,15.144294,0.062500,393.094854,5.574496,0.508961,0.063492,0.001564,0.000004
2023-08-29,rmt_soft,inverse_variance,0.008846,0.007744,0.000078,0.000060,14.836442,0.074810,393.094854,5.574496,0.508961,0.063492,0.001564,0.000004
2023-08-29,rmt_soft,minimum_variance,0.007530,0.006427,0.000057,0.000041,5.481063,0.187406,393.094854,5.574496,0.508961,0.063492,0.001564,0.000004
2023-08-29,rmt_soft,risk_parity,0.009025,0.007970,0.000081,0.000064,16.000000,0.067056,393.094854,5.574496,0.508961,0.063492,0.001564,0.000004
2023-08-29,rmt_soft,hrp,0.008743,0.007570,0.000076,0.000057,14.415249,0.078643,393.094854,5.574496,0.508961,0.063492,0.001564,0.000004
2023-08-29,rmt_soft,max_diversification,0.008453,0.007164,0.000071,0.000051,6.825204,0.154438,393.094854,5.574496,0.508961,0.063492,0.001564,0.000004
2023-08-29,rmt_rie,equal_weight,0.008997,0.008587,0.000081,0.000074,15.145921,0.062500,393.094854,5.574496,0.508961,0.063492,0.001564,0.000004
2023-08-29,rmt_rie,inverse_variance,0.008333,0.007808,0.000069,0.000061,14.652995,0.074662,393.094854,5.574496,0.508961,0.063492,0.001564,0.000004
2023-08-29,rmt_rie,minimum_variance,0.007127,0.006416,0.000051,0.000041,5.640177,0.181546,393.094854,5.574496,0.508961,0.063492,0.001564,0.000004
2023-08-29,rmt_rie,risk_parity,0.008475,0.007973,0.000072,0.000064,16.000000,0.066984,393.094854,5.574496,0.508961,0.063492,0.001564,0.000004
2023-08-29,rmt_rie,hrp,0.008292,0.007750,0.000069,0.000060,14.774214,0.074797,393.094854,5.574496,0.508961,0.063492,0.001564,0.000004
2023-08-29,rmt_rie,max_diversification,0.007989,0.007176,0.000064,0.000051,6.382414,0.161100,393.094854,5.574496,0.508961,0.063492,0.001564,0.000004
2023-08-29,factor_model,equal_weight,0.009718,0.008587,0.000094,0.000074,15.152251,0.062500,393.094854,5.574496,0.508961,0.063492,0.001564,0.000004
2023-08-29,factor_model,inverse_variance,0.008966,0.007786,0.000080,0.000061,14.826005,0.074597,393.094854,5.574496,0.508961,0.063492,0.001564,0.000004
2023-08-29,factor_model,minimum_variance,0.007335,0.006223,0.000054,0.000039,5.265626,0.200068,393.094854,5.574496,0.508961,0.063492,0.001564,0.000004
2023-08-29,factor_model,risk_parity,0.009118,0.007953,0.000083,0.000063,16.000000,0.067530,393.094854,5.574496,0.508961,0.063492,0.001564,0.000004
2023-08-29,factor_model,hrp,0.008603,0.007447,0.000074,0.000055,14.424449,0.083328,393.094854,5.574496,0.508961,0.063492,0.001564,0.000004
2023-08-29,factor_model,max_diversification,0.008123,0.006865,0.000066,0.000047,5.843097,0.179874,393.094854,5.574496,0.508961,0.063492,0.001564,0.000004
2023-09-27,sample,equal_weight,0.009570,0.008894,0.000092,0.000079,15.135491,0.062500,414.686824,5.187912,0.528900,0.063492,0.001560,0.000004
2023-09-27,sample,inverse_variance,0.008798,0.007878,0.000077,0.000062,14.363365,0.076977,414.686824,5.187912,0.528900,0.063492,0.001560,0.000004
2023-09-27,sample,minimum_variance,0.007437,0.006849,0.000055,0.000047,5.074753,0.199554,414.686824,5.187912,0.528900,0.063492,0.001560,0.000004
2023-09-27,sample,risk_parity,0.008993,0.008125,0.000081,0.000066,16.000000,0.067241,414.686824,5.187912,0.528900,0.063492,0.001560,0.000004
2023-09-27,sample,hrp,0.008599,0.007615,0.000074,0.000058,14.316948,0.080392,414.686824,5.187912,0.528900,0.063492,0.001560,0.000004
2023-09-27,sample,max_diversification,0.008356,0.007555,0.000070,0.000057,6.343550,0.163316,414.686824,5.187912,0.528900,0.063492,0.001560,0.000004
2023-09-27,ledoit_wolf,equal_weight,0.009436,0.008894,0.000089,0.000079,15.141259,0.062500,414.686824,5.187912,0.528900,0.063492,0.001560,0.000004
2023-09-27,ledoit_wolf,inverse_variance,0.008707,0.007912,0.000076,0.000063,14.493456,0.075773,414.686824,5.187912,0.528900,0.063492,0.001560,0.000004
2023-09-27,ledoit_wolf,minimum_variance,0.007387,0.006849,0.000055,0.000047,5.184818,0.195280,414.686824,5.187912,0.528900,0.063492,0.001560,0.000004
2023-09-27,ledoit_wolf,risk_parity,0.008876,0.008133,0.000079,0.000066,16.000000,0.067140,414.686824,5.187912,0.528900,0.063492,0.001560,0.000004
2023-09-27,ledoit_wolf,hrp,0.008507,0.007639,0.000072,0.000058,14.414703,0.079435,414.686824,5.187912,0.528900,0.063492,0.001560,0.000004
2023-09-27,ledoit_wolf,max_diversification,0.008238,0.007498,0.000068,0.000056,6.423647,0.162196,414.686824,5.187912,0.528900,0.063492,0.001560,0.000004
2023-09-27,constant_corr,equal_weight,0.009551,0.008894,0.000091,0.000079,15.135491,0.062500,414.686824,5.187912,0.528900,0.063492,0.001560,0.000004
2023-09-27,constant_corr,inverse_variance,0.008780,0.007878,0.000077,0.000062,14.363365,0.076977,414.686824,5.187912,0.528900,0.063492,0.001560,0.000004
2023-09-27,constant_corr,minimum_variance,0.007422,0.006849,0.000055,0.000047,5.074796,0.199553,414.686824,5.187912,0.528900,0.063492,0.001560,0.000004
2023-09-27,constant_corr,risk_parity,0.008975,0.008125,0.000081,0.000066,16.000000,0.067241,414.686824,5.187912,0.528900,0.063492,0.001560,0.000004
2023-09-27,constant_corr,hrp,0.008582,0.007615,0.000074,0.000058,14.316948,0.080392,414.686824,5.187912,0.528900,0.063492,0.001560,0.000004
2023-09-27,constant_corr,max_diversification,0.008339,0.007555,0.000070,0.000057,6.343550,0.163316,414.686824,5.187912,0.528900,0.063492,0.001560,0.000004
2023-09-27,rmt_hard,equal_weight,0.009570,0.008894,0.000092,0.000079,15.138426,0.062500,414.686824,5.187912,0.528900,0.063492,0.001560,0.000004
2023-09-27,rmt_hard,inverse_variance,0.008776,0.007841,0.000077,0.000061,14.381126,0.077555,414.686824,5.187912,0.528900,0.063492,0.001560,0.000004
2023-09-27,rmt_hard,minimum_variance,0.007442,0.006853,0.000055,0.000047,5.081965,0.199187,414.686824,5.187912,0.528900,0.063492,0.001560,0.000004
2023-09-27,rmt_hard,risk_parity,0.008994,0.008126,0.000081,0.000066,16.000000,0.067224,414.686824,5.187912,0.528900,0.063492,0.001560,0.000004
2023-09-27,rmt_hard,hrp,0.008518,0.007522,0.000073,0.000057,14.457639,0.081082,414.686824,5.187912,0.528900,0.063492,0.001560,0.000004
2023-09-27,rmt_hard,max_diversification,0.008373,0.007618,0.000070,0.000058,6.673144,0.157549,414.686824,5.187912,0.528900,0.063492,0.001560,0.000004
2023-09-27,rmt_soft,equal_weight,0.009570,0.008894,0.000092,0.000079,15.136487,0.062500,414.686824,5.187912,0.528900,0.063492,0.001560,0.000004
2023-09-27,rmt_soft,inverse_variance,0.008791,0.007863,0.000077,0.000062,14.405266,0.077027,414.686824,5.187912,0.528900,0.063492,0.001560,0.000004
2023-09-27,rmt_soft,minimum_variance,0.007444,0.006846,0.000055,0.000047,5.068945,0.199735,414.686824,5.187912,0.528900,0.063492,0.001560,0.000004
2023-09-27,rmt_soft,risk_parity,0.008994,0.008126,0.000081,0.000066,16.000000,0.067233,414.686824,5.187912,0.528900,0.063492,0.001560,0.000004
2023-09-27,rmt_soft,hrp,0.008703,0.007770,0.000076,0.000060,14.822240,0.076907,414.686824,5.187912,0.528900,0.063492,0.001560,0.000004
2023-09-27,rmt_soft,max_diversification,0.008344,0.007556,0.000070,0.000057,6.604343,0.158782,414.686824,5.187912,0.528900,0.063492,0.001560,0.000004
2023-09-27,rmt_rie,equal_weight,0.008987,0.008894,0.000081,0.000079,15.134414,0.062500,414.686824,5.187912,0.528900,0.063492,0.001560,0.000004
2023-09-27,rmt_rie,inverse_variance,0.008261,0.007879,0.000068,0.000062,14.223779,0.077503,414.686824,5.187912,0.528900,0.063492,0.001560,0.000004
2023-09-27,rmt_rie,minimum_variance,0.007056,0.006893,0.000050,0.000048,5.219945,0.193898,414.686824,5.187912,0.528900,0.063492,0.001560,0.000004
2023-09-27,rmt_rie,risk_parity,0.008450,0.008131,0.000071,0.000066,16.000000,0.067157,414.686824,5.187912,0.528900,0.063492,0.001560,0.000004
2023-09-27,rmt_rie,hrp,0.008076,0.007484,0.000065,0.000056,14.531109,0.081257,414.686824,5.187912,0.528900,0.063492,0.001560,0.000004
2023-09-27,rmt_rie,max_diversification,0.007941,0.007592,0.000063,0.000058,6.452116,0.160353,414.686824,5.187912,0.528900,0.063492,0.001560,0.000004
2023-09-27,factor_model,equal_weight,0.009688,0.008894,0.000094,0.000079,15.124996,0.062500,414.686824,5.187912,0.528900,0.063492,0.001560,0.000004
2023-09-27,factor_model,inverse_variance,0.008865,0.007878,0.000079,0.000062,14.478049,0.076977,414.686824,5.187912,0.528900,0.063492,0.001560,0.000004
2023-09-27,factor_model,minimum_variance,0.007107,0.006776,0.000051,0.000046,4.620041,0.219461,414.686824,5.187912,0.528900,0.063492,0.001560,0.000004
2023-09-27,factor_model,risk_parity,0.009062,0.008089,0.000082,0.000065,16.000000,0.067775,414.686824,5.187912,0.528900,0.063492,0.001560,0.000004
2023-09-27,factor_model,hrp,0.008558,0.007478,0.000073,0.000056,14.484540,0.082435,414.686824,5.187912,0.528900,0.063492,0.001560,0.000004
2023-09-27,factor_model,max_diversification,0.007945,0.007027,0.000063,0.000049,5.357872,0.197912,414.686824,5.187912,0.528900,0.063492,0.001560,0.000004
2023-11-03,sample,equal_weight,0.008990,0.007203,0.000081,0.000052,15.146227,0.062500,373.384499,5.389712,0.515602,0.063492,0.001376,0.000004
2023-11-03,sample,inverse_variance,0.008363,0.006363,0.000070,0.000040,14.413010,0.074716,373.384499,5.389712,0.515602,0.063492,0.001376,0.000004
2023-11-03,sample,minimum_variance,0.007068,0.005106,0.000050,0.000026,5.276295,0.192048,373.384499,5.389712,0.515602,0.063492,0.001376,0.000004
2023-11-03,sample,risk_parity,0.008461,0.006551,0.000072,0.000043,16.000000,0.067078,373.384499,5.389712,0.515602,0.063492,0.001376,0.000004
2023-11-03,sample,hrp,0.008276,0.006237,0.000068,0.000039,15.016554,0.074001,373.384499,5.389712,0.515602,0.063492,0.001376,0.000004
2023-11-03,sample,max_diversification,0.007791,0.005997,0.000061,0.000036,6.281606,0.163761,373.384499,5.389712,0.515602,0.063492,0.001376,0.000004
2023-11-03,ledoit_wolf,equal_weight,0.008869,0.007203,0.000079,0.000052,15.151813,0.062500,373.384499,5.389712,0.515602,0.063492,0.001376,0.000004
2023-11-03,ledoit_wolf,inverse_variance,0.008275,0.006391,0.000068,0.000041,14.523827,0.073795,373.384499,5.389712,0.515602,0.063492,0.001376,0.000004
2023-11-03,ledoit_wolf,minimum_variance,0.007021,0.005110,0.000049,0.000026,5.380471,0.188444,373.384499,5.389712,0.515602,0.063492,0.001376,0.000004
2023-11-03,ledoit_wolf,risk_parity,0.008355,0.006557,0.000070,0.000043,16.000000,0.066984,373.384499,5.389712,0.515602,0.063492,0.001376,0.000004
2023-11-03,ledoit_wolf,hrp,0.008184,0.006258,0.000067,0.000039,15.060328,0.073454,373.384499,5.389712,0.515602,0.063492,0.001376,0.000004
2023-11-03,ledoit_wolf,max_diversification,0.007706,0.005963,0.000059,0.000036,6.294911,0.163732,373.384499,5.389712,0.515602,0.063492,0.001376,0.000004
2023-11-03,constant_corr,equal_weight,0.008972,0.007203,0.000081,0.000052,15.146227,0.062500,373.384499,5.389712,0.515602,0.063492,0.001376,0.000004
2023-11-03,constant_corr,inverse_variance,0.008346,0.006363,0.000070,0.000040,14.413010,0.074716,373.384499,5.389712,0.515602,0.063492,0.001376,0.000004
2023-11-03,constant_corr,minimum_variance,0.007054,0.005106,0.000050,0.000026,5.276324,0.192047,373.384499,5.389712,0.515602,0.063492,0.001376,0.000004
2023-11-03,constant_corr,risk_parity,0.008444,0.006551,0.000071,0.000043,16.000000,0.067078,373.384499,5.389712,0.515602,0.063492,0.001376,0.000004
2023-11-03,constant_corr,hrp,0.008260,0.006237,0.000068,0.000039,15.016554,0.074001,373.384499,5.389712,0.515602,0.063492,0.001376,0.000004
2023-11-03,constant_corr,max_diversification,0.007776,0.005997,0.000060,0.000036,6.281606,0.163761,373.384499,5.389712,0.515602,0.063492,0.001376,0.000004
2023-11-03,rmt_hard,equal_weight,0.008990,0.007203,0.000081,0.000052,15.146325,0.062500,373.384499,5.389712,0.515602,0.063492,0.001376,0.000004
2023-11-03,rmt_hard,inverse_variance,0.008337,0.006316,0.000070,0.000040,14.429629,0.075227,373.384499,5.389712,0.515602,0.063492,0.001376,0.000004
2023-11-03,rmt_hard,minimum_variance,0.007076,0.005092,0.000050,0.000026,5.284222,0.191726,373.384499,5.389712,0.515602,0.063492,0.001376,0.000004
2023-11-03,rmt_hard,risk_parity,0.008461,0.006552,0.000072,0.000043,16.000000,0.067069,373.384499,5.389712,0.515602,0.063492,0.001376,0.000004
2023-11-03,rmt_hard,hrp,0.008172,0.006186,0.000067,0.000038,14.634131,0.078729,373.384499,5.389712,0.515602,0.063492,0.001376,0.000004
2023-11-03,rmt_hard,max_diversification,0.007808,0.006120,0.000061,0.000037,6.279610,0.163668,373.384499,5.389712,0.515602,0.063492,0.001376,0.000004
2023-11-03,rmt_soft,equal_weight,0.008990,0.007203,0.000081,0.000052,15.146690,0.062500,373.384499,5.389712,0.515602,0.063492,0.001376,0.000004
2023-11-03,rmt_soft,inverse_variance,0.008353,0.006344,0.000070,0.000040,14.449899,0.074815,373.384499,5.389712,0.515602,0.063492,0.001376,0.000004
2023-11-03,rmt_soft,minimum_variance,0.007076,0.005097,0.000050,0.000026,5.268042,0.192354,373.384499,5.389712,0.515602,0.063492,0.001376,0.000004
2023-11-03,rmt_soft,risk_parity,0.008462,0.006551,0.000072,0.000043,16.000000,0.067072,373.384499,5.389712,0.515602,0.063492,0.001376,0.000004
2023-11-03,rmt_soft,hrp,0.008242,0.006236,0.000068,0.000039,15.089477,0.074502,373.384499,5.389712,0.515602,0.063492,0.001376,0.000004
2023-11-03,rmt_soft,max_diversification,0.007799,0.006023,0.000061,0.000036,6.280432,0.163669,373.384499,5.389712,0.515602,0.063492,0.001376,0.000004
2023-11-03,rmt_rie,equal_weight,0.008441,0.007203,0.000071,0.000052,15.147015,0.062500,373.384499,5.389712,0.515602,0.063492,0.001376,0.000004
2023-11-03,rmt_rie,inverse_variance,0.007851,0.006368,0.000062,0.000041,14.290579,0.075161,373.384499,5.389712,0.515602,0.063492,0.001376,0.000004
2023-11-03,rmt_rie,minimum_variance,0.006667,0.005134,0.000044,0.000026,5.403702,0.187762,373.384499,5.389712,0.515602,0.063492,0.001376,0.000004
2023-11-03,rmt_rie,risk_parity,0.007949,0.006554,0.000063,0.000043,16.000000,0.067009,373.384499,5.389712,0.515602,0.063492,0.001376,0.000004
2023-11-03,rmt_rie,hrp,0.007814,0.006211,0.000061,0.000039,15.180018,0.072565,373.384499,5.389712,0.515602,0.063492,0.001376,0.000004
2023-11-03,rmt_rie,max_diversification,0.007363,0.005981,0.000054,0.000036,6.387641,0.160561,373.384499,5.389712,0.515602,0.063492,0.001376,0.000004
2023-11-03,factor_model,equal_weight,0.009106,0.007203,0.000083,0.000052,15.138681,0.062500,373.384499,5.389712,0.515602,0.063492,0.001376,0.000004
2023-11-03,factor_model,inverse_variance,0.008437,0.006363,0.000071,0.000040,14.517014,0.074716,373.384499,5.389712,0.515602,0.063492,0.001376,0.000004
2023-11-03,factor_model,minimum_variance,0.006769,0.005025,0.000046,0.000025,4.657106,0.216270,373.384499,5.389712,0.515602,0.063492,0.001376,0.000004
2023-11-03,factor_model,risk_parity,0.008532,0.006535,0.000073,0.000043,16.000000,0.067595,373.384499,5.389712,0.515602,0.063492,0.001376,0.000004
2023-11-03,factor_model,hrp,0.008330,0.006235,0.000069,0.000039,14.393778,0.077485,373.384499,5.389712,0.515602,0.063492,0.001376,0.000004
2023-11-03,factor_model,max_diversification,0.007507,0.005993,0.000056,0.000036,5.155495,0.202536,373.384499,5.389712,0.515602,0.063492,0.001376,0.000004
2023-12-04,sample,equal_weight,0.008319,0.009731,0.000069,0.000095,15.004434,0.062500,363.707549,5.519987,0.507003,0.063492,0.001194,0.000003
2023-12-04,sample,inverse_variance,0.007643,0.008618,0.000058,0.000074,14.245616,0.076537,363.707549,5.519987,0.507003,0.063492,0.001194,0.000003
2023-12-04,sample,minimum_variance,0.006574,0.007009,0.000043,0.000049,5.575938,0.183584,363.707549,5.519987,0.507003,0.063492,0.001194,0.000003
2023-12-04,sample,risk_parity,0.007768,0.008959,0.000060,0.000080,16.000000,0.067737,363.707549,5.519987,0.507003,0.063492,0.001194,0.000003
2023-12-04,sample,hrp,0.007613,0.008499,0.000058,0.000072,14.746815,0.074555,363.707549,5.519987,0.507003,0.063492,0.001194,0.000003
2023-12-04,sample,max_diversification,0.007358,0.009266,0.000054,0.000086,6.072331,0.162248,363.707549,5.519987,0.507003,0.063492,0.001194,0.000003
2023-12-04,ledoit_wolf,equal_weight,0.008210,0.009731,0.000067,0.000095,15.010861,0.062500,363.707549,5.519987,0.507003,0.063492,0.001194,0.000003
2023-12-04,ledoit_wolf,inverse_variance,0.007569,0.008655,0.000057,0.000075,14.368007,0.075482,363.707549,5.519987,0.507003,0.063492,0.001194,0.000003
2023-12-04,ledoit_wolf,minimum_variance,0.006529,0.007046,0.000043,0.000050,5.778484,0.177620,363.707549,5.519987,0.507003,0.063492,0.001194,0.000003
2023-12-04,ledoit_wolf,risk_parity,0.007675,0.008967,0.000059,0.000080,16.000000,0.067623,363.707549,5.519987,0.507003,0.063492,0.001194,0.000003
2023-12-04,ledoit_wolf,hrp,0.007505,0.008561,0.000056,0.000073,14.810152,0.074742,363.707549,5.519987,0.507003,0.063492,0.001194,0.000003
2023-12-04,ledoit_wolf,max_diversification,0.007242,0.009145,0.000052,0.000084,6.367322,0.157128,363.707549,5.519987,0.507003,0.063492,0.001194,0.000003
2023-12-04,constant_corr,equal_weight,0.008302,0.009731,0.000069,0.000095,15.004434,0.062500,363.707549,5.519987,0.507003,0.063492,0.001194,0.000003
2023-12-04,constant_corr,inverse_variance,0.007628,0.008618,0.000058,0.000074,14.245616,0.076537,363.707549,5.519987,0.507003,0.063492,0.001194,0.000003
2023-12-04,constant_corr,minimum_variance,0.006561,0.007009,0.000043,0.000049,5.575986,0.183583,363.707549,5.519987,0.507003,0.063492,0.001194,0.000003
2023-12-04,constant_corr,risk_parity,0.007752,0.008959,0.000060,0.000080,16.000000,0.067737,363.707549,5.519987,0.507003,0.063492,0.001194,0.000003
2023-12-04,constant_corr,hrp,0.007598,0.008499,0.000058,0.000072,14.746815,0.074555,363.707549,5.519987,0.507003,0.063492,0.001194,0.000003
2023-12-04,constant_corr,max_diversification,0.007343,0.009266,0.000054,0.000086,6.072331,0.162248,363.707549,5.519987,0.507003,0.063492,0.001194,0.000003
2023-12-04,rmt_hard,equal_weight,0.008318,0.009731,0.000069,0.000095,15.005166,0.062500,363.707549,5.519987,0.507003,0.063492,0.001194,0.000003
2023-12-04,rmt_hard,inverse_variance,0.007624,0.008568,0.000058,0.000073,14.261554,0.076944,363.707549,5.519987,0.507003,0.063492,0.001194,0.000003
2023-12-04,rmt_hard,minimum_variance,0.006585,0.006992,0.000043,0.000049,5.522154,0.185429,363.707549,5.519987,0.507003,0.063492,0.001194,0.000003
2023-12-04,rmt_hard,risk_parity,0.007768,0.008960,0.000060,0.000080,16.000000,0.067717,363.707549,5.519987,0.507003,0.063492,0.001194,0.000003
2023-12-04,rmt_hard,hrp,0.007548,0.008416,0.000057,0.000071,14.852054,0.077072,363.707549,5.519987,0.507003,0.063492,0.001194,0.000003
2023-12-04,rmt_hard,max_diversification,0.007317,0.009221,0.000054,0.000085,6.566915,0.152567,363.707549,5.519987,0.507003,0.063492,0.001194,0.000003
2023-12-04,rmt_soft,equal_weight,0.008319,0.009731,0.000069,0.000095,15.005146,0.062500,363.707549,5.519987,0.507003,0.063492,0.001194,0.000003
2023-12-04,rmt_soft,inverse_variance,0.007636,0.008593,0.000058,0.000074,14.283177,0.076588,363.707549,5.519987,0.507003,0.063492,0.001194,0.000003
2023-12-04,rmt_soft,minimum_variance,0.006584,0.006990,0.000043,0.000049,5.556282,0.184247,363.707549,5.519987,0.507003,0.063492,0.001194,0.000003
2023-12-04,rmt_soft,risk_parity,0.007768,0.008959,0.000060,0.000080,16.000000,0.067728,363.707549,5.519987,0.507003,0.063492,0.001194,0.000003
2023-12-04,rmt_soft,hrp,0.007585,0.008403,0.000058,0.000071,14.570799,0.075868,363.707549,5.519987,0.507003,0.063492,0.001194,0.000003
2023-12-04,rmt_soft,max_diversification,0.007320,0.009180,0.000054,0.000084,6.463076,0.154676,363.707549,5.519987,0.507003,0.063492,0.001194,0.000003
2023-12-04,rmt_rie,equal_weight,0.007810,0.009731,0.000061,0.000095,15.003499,0.062500,363.707549,5.519987,0.507003,0.063492,0.001194,0.000003
2023-12-04,rmt_rie,inverse_variance,0.007175,0.008620,0.000051,0.000074,14.090704,0.077167,363.707549,5.519987,0.507003,0.063492,0.001194,0.000003
2023-12-04,rmt_rie,minimum_variance,0.006208,0.006996,0.000039,0.000049,5.677751,0.180383,363.707549,5.519987,0.507003,0.063492,0.001194,0.000003
2023-12-04,rmt_rie,risk_parity,0.007297,0.008959,0.000053,0.000080,16.000000,0.067657,363.707549,5.519987,0.507003,0.063492,0.001194,0.000003
2023-12-04,rmt_rie,hrp,0.007155,0.008446,0.000051,0.000071,15.020599,0.074382,363.707549,5.519987,0.507003,0.063492,0.001194,0.000003
2023-12-04,rmt_rie,max_diversification,0.006922,0.009133,0.000048,0.000083,6.508420,0.153538,363.707549,5.519987,0.507003,0.063492,0.001194,0.000003
2023-12-04,factor_model,equal_weight,0.008433,0.009731,0.000071,0.000095,15.005998,0.062500,363.707549,5.519987,0.507003,0.063492,0.001194,0.000003
2023-12-04,factor_model,inverse_variance,0.007715,0.008618,0.000060,0.000074,14.369777,0.076537,363.707549,5.519987,0.507003,0.063492,0.001194,0.000003
2023-12-04,factor_model,minimum_variance,0.006355,0.006914,0.000040,0.000048,4.709149,0.214249,363.707549,5.519987,0.507003,0.063492,0.001194,0.000003
2023-12-04,factor_model,risk_parity,0.007841,0.008941,0.000061,0.000080,16.000000,0.068300,363.707549,5.519987,0.507003,0.063492,0.001194,0.000003
2023-12-04,factor_model,hrp,0.007569,0.008243,0.000057,0.000068,14.269305,0.080238,363.707549,5.519987,0.507003,0.063492,0.001194,0.000003
2023-12-04,factor_model,max_diversification,0.007196,0.009100,0.000052,0.000083,5.081747,0.196672,363.707549,5.519987,0.507003,0.063492,0.001194,0.000003
2024-01-03,sample,equal_weight,0.008473,0.013317,0.000072,0.000177,14.862475,0.062500,401.596117,5.324427,0.529215,0.063492,0.001250,0.000003
2024-01-03,sample,inverse_variance,0.007602,0.012398,0.000058,0.000154,14.324479,0.078709,401.596117,5.324427,0.529215,0.063492,0.001250,0.000003
2024-01-03,sample,minimum_variance,0.006506,0.011713,0.000042,0.000137,5.074630,0.200586,401.596117,5.324427,0.529215,0.063492,0.001250,0.000003
2024-01-03,sample,risk_parity,0.007792,0.012507,0.000061,0.000156,16.000000,0.069380,401.596117,5.324427,0.529215,0.063492,0.001250,0.000003
2024-01-03,sample,hrp,0.007511,0.012147,0.000056,0.000148,14.230749,0.081127,401.596117,5.324427,0.529215,0.063492,0.001250,0.000003
2024-01-03,sample,max_diversification,0.007230,0.011616,0.000052,0.000135,6.199455,0.167868,401.596117,5.324427,0.529215,0.063492,0.001250,0.000003
2024-01-03,ledoit_wolf,equal_weight,0.008362,0.013317,0.000070,0.000177,14.869511,0.062500,401.596117,5.324427,0.529215,0.063492,0.001250,0.000003
2024-01-03,ledoit_wolf,inverse_variance,0.007537,0.012421,0.000057,0.000154,14.448404,0.077436,401.596117,5.324427,0.529215,0.063492,0.001250,0.000003
2024-01-03,ledoit_wolf,minimum_variance,0.006468,0.011735,0.000042,0.000138,5.192951,0.196078,401.596117,5.324427,0.529215,0.063492,0.001250,0.000003
2024-01-03,ledoit_wolf,risk_parity,0.007700,0.012515,0.000059,0.000157,16.000000,0.069211,401.596117,5.324427,0.529215,0.063492,0.001250,0.000003
2024-01-03,ledoit_wolf,hrp,0.007439,0.012161,0.000055,0.000148,14.323953,0.080123,401.596117,5.324427,0.529215,0.063492,0.001250,0.000003
2024-01-03,ledoit_wolf,max_diversification,0.007140,0.011649,0.000051,0.000136,6.304468,0.166482,401.596117,5.324427,0.529215,0.063492,0.001250,0.000003
2024-01-03,constant_corr,equal_weight,0.008456,0.013317,0.000072,0.000177,14.862475,0.062500,401.596117,5.324427,0.529215,0.063492,0.001250,0.000003
2024-01-03,constant_corr,inverse_variance,0.007587,0.012398,0.000058,0.000154,14.324479,0.078709,401.596117,5.324427,0.529215,0.063492,0.001250,0.000003
2024-01-03,constant_corr,minimum_variance,0.006493,0.011713,0.000042,0.000137,5.074662,0.200585,401.596117,5.324427,0.529215,0.063492,0.001250,0.000003
2024-01-03,constant_corr,risk_parity,0.007776,0.012507,0.000060,0.000156,16.000000,0.069380,401.596117,5.324427,0.529215,0.063492,0.001250,0.000003
2024-01-03,constant_corr,hrp,0.007496,0.012147,0.000056,0.000148,14.230749,0.081127,401.596117,5.324427,0.529215,0.063492,0.001250,0.000003
2024-01-03,constant_corr,max_diversification,0.007215,0.011616,0.000052,0.000135,6.199455,0.167868,401.596117,5.324427,0.529215,0.063492,0.001250,0.000003
2024-01-03,rmt_hard,equal_weight,0.008472,0.013317,0.000072,0.000177,14.862706,0.062500,401.596117,5.324427,0.529215,0.063492,0.001250,0.000003
2024-01-03,rmt_hard,inverse_variance,0.007571,0.012375,0.000057,0.000153,14.350501,0.079404,401.596117,5.324427,0.529215,0.063492,0.001250,0.000003
2024-01-03,rmt_hard,minimum_variance,0.006513,0.011727,0.000042,0.000138,5.083304,0.200356,401.596117,5.324427,0.529215,0.063492,0.001250,0.000003
2024-01-03,rmt_hard,risk_parity,0.007792,0.012507,0.000061,0.000156,16.000000,0.069360,401.596117,5.324427,0.529215,0.063492,0.001250,0.000003
2024-01-03,rmt_hard,hrp,0.007466,0.012388,0.000056,0.000153,14.145488,0.082518,401.596117,5.324427,0.529215,0.063492,0.001250,0.000003
2024-01-03,rmt_hard,max_diversification,0.007266,0.011686,0.000053,0.000137,6.220787,0.165549,401.596117,5.324427,0.529215,0.063492,0.001250,0.000003
2024-01-03,rmt_soft,equal_weight,0.008473,0.013317,0.000072,0.000177,14.862739,0.062500,401.596117,5.324427,0.529215,0.063492,0.001250,0.000003
2024-01-03,rmt_soft,inverse_variance,0.007590,0.012397,0.000058,0.000154,14.366708,0.078873,401.596117,5.324427,0.529215,0.063492,0.001250,0.000003
2024-01-03,rmt_soft,minimum_variance,0.006512,0.011725,0.000042,0.000137,5.078079,0.200502,401.596117,5.324427,0.529215,0.063492,0.001250,0.000003
2024-01-03,rmt_soft,risk_parity,0.007792,0.012508,0.000061,0.000156,16.000000,0.069372,401.596117,5.324427,0.529215,0.063492,0.001250,0.000003
2024-01-03,rmt_soft,hrp,0.007494,0.012087,0.000056,0.000146,14.600230,0.080032,401.596117,5.324427,0.529215,0.063492,0.001250,0.000003
2024-01-03,rmt_soft,max_diversification,0.007243,0.011629,0.000052,0.000135,6.199732,0.167305,401.596117,5.324427,0.529215,0.063492,0.001250,0.000003
2024-01-03,rmt_rie,equal_weight,0.007956,0.013317,0.000063,0.000177,14.861875,0.062500,401.596117,5.324427,0.529215,0.063492,0.001250,0.000003
2024-01-03,rmt_rie,inverse_variance,0.007137,0.012393,0.000051,0.000154,14.172543,0.079272,401.596117,5.324427,0.529215,0.063492,0.001250,0.000003
2024-01-03,rmt_rie,minimum_variance,0.006138,0.011712,0.000038,0.000137,5.196022,0.196267,401.596117,5.324427,0.529215,0.063492,0.001250,0.000003
2024-01-03,rmt_rie,risk_parity,0.007320,0.012510,0.000054,0.000156,16.000000,0.069296,401.596117,5.324427,0.529215,0.063492,0.001250,0.000003
2024-01-03,rmt_rie,hrp,0.006982,0.012205,0.000049,0.000149,14.534333,0.081781,401.596117,5.324427,0.529215,0.063492,0.001250,0.000003
2024-01-03,rmt_rie,max_diversification,0.006822,0.011681,0.000047,0.000136,6.436074,0.162919,401.596117,5.324427,0.529215,0.063492,0.001250,0.000003
2024-01-03,factor_model,equal_weight,0.008584,0.013317,0.000074,0.000177,14.878842,0.062500,401.596117,5.324427,0.529215,0.063492,0.001250,0.000003
2024-01-03,factor_model,inverse_variance,0.007669,0.012398,0.000059,0.000154,14.450952,0.078709,401.596117,5.324427,0.529215,0.063492,0.001250,0.000003
2024-01-03,factor_model,minimum_variance,0.006292,0.012334,0.000040,0.000152,4.723393,0.217495,401.596117,5.324427,0.529215,0.063492,0.001250,0.000003
2024-01-03,factor_model,risk_parity,0.007855,0.012501,0.000062,0.000156,16.000000,0.070170,401.596117,5.324427,0.529215,0.063492,0.001250,0.000003
2024-01-03,factor_model,hrp,0.007391,0.012181,0.000055,0.000148,14.276165,0.088399,401.596117,5.324427,0.529215,0.063492,0.001250,0.000003
2024-01-03,factor_model,max_diversification,0.007210,0.011887,0.000052,0.000141,5.462234,0.187629,401.596117,5.324427,0.529215,0.063492,0.001250,0.000003
2024-02-01,sample,equal_weight,0.009028,0.016140,0.000081,0.000260,14.904337,0.062500,439.539635,4.977960,0.562137,0.063492,0.001414,0.000003
2024-02-01,sample,inverse_variance,0.008176,0.014062,0.000067,0.000198,14.675705,0.075349,439.539635,4.977960,0.562137,0.063492,0.001414,0.000003
2024-02-01,sample,minimum_variance,0.007022,0.011127,0.000049,0.000124,6.323396,0.169999,439.539635,4.977960,0.562137,0.063492,0.001414,0.000003
2024-02-01,sample,risk_parity,0.008335,0.014407,0.000069,0.000208,16.000000,0.068886,439.539635,4.977960,0.562137,0.063492,0.001414,0.000003
2024-02-01,sample,hrp,0.008075,0.013681,0.000065,0.000187,14.480472,0.078381,439.539635,4.977960,0.562137,0.063492,0.001414,0.000003
2024-02-01,sample,max_diversification,0.007673,0.013069,0.000059,0.000171,5.792810,0.181545,439.539635,4.977960,0.562137,0.063492,0.001414,0.000003
2024-02-01,ledoit_wolf,equal_weight,0.008917,0.016140,0.000080,0.000260,14.910210,0.062500,439.539635,4.977960,0.562137,0.063492,0.001414,0.000003
2024-02-01,ledoit_wolf,inverse_variance,0.008103,0.014122,0.000066,0.000199,14.760507,0.074532,439.539635,4.977960,0.562137,0.063492,0.001414,0.000003
2024-02-01,ledoit_wolf,minimum_variance,0.006970,0.011104,0.000049,0.000123,6.319145,0.169191,439.539635,4.977960,0.562137,0.063492,0.001414,0.000003
2024-02-01,ledoit_wolf,risk_parity,0.008242,0.014421,0.000068,0.000208,16.000000,0.068762,439.539635,4.977960,0.562137,0.063492,0.001414,0.000003
2024-02-01,ledoit_wolf,hrp,0.007996,0.013722,0.000064,0.000188,14.553643,0.077708,439.539635,4.977960,0.562137,0.063492,0.001414,0.000003
2024-02-01,ledoit_wolf,max_diversification,0.007596,0.013023,0.000058,0.000170,5.954795,0.177450,439.539635,4.977960,0.562137,0.063492,0.001414,0.000003
2024-02-01,constant_corr,equal_weight,0.009010,0.016140,0.000081,0.000260,14.904337,0.062500,439.539635,4.977960,0.562137,0.063492,0.001414,0.000003
2024-02-01,constant_corr,inverse_variance,0.008160,0.014062,0.000067,0.000198,14.675705,0.075349,439.539635,4.977960,0.562137,0.063492,0.001414,0.000003
2024-02-01,constant_corr,minimum_variance,0.007008,0.011127,0.000049,0.000124,6.323397,0.169999,439.539635,4.977960,0.562137,0.063492,0.001414,0.000003
2024-02-01,constant_corr,risk_parity,0.008319,0.014407,0.000069,0.000208,16.000000,0.068886,439.539635,4.977960,0.562137,0.063492,0.001414,0.000003
2024-02-01,constant_corr,hrp,0.008059,0.013681,0.000065,0.000187,14.480472,0.078381,439.539635,4.977960,0.562137,0.063492,0.001414,0.000003
2024-02-01,constant_corr,max_diversification,0.007657,0.013069,0.000059,0.000171,5.792810,0.181545,439.539635,4.977960,0.562137,0.063492,0.001414,0.000003
2024-02-01,rmt_hard,equal_weight,0.009027,0.016140,0.000081,0.000260,14.904306,0.062500,439.539635,4.977960,0.562137,0.063492,0.001414,0.000003
2024-02-01,rmt_hard,inverse_variance,0.008147,0.014001,0.000066,0.000196,14.728746,0.075782,439.539635,4.977960,0.562137,0.063492,0.001414,0.000003
2024-02-01,rmt_hard,minimum_variance,0.007027,0.011088,0.000049,0.000123,6.364575,0.169361,439.539635,4.977960,0.562137,0.063492,0.001414,0.000003
2024-02-01,rmt_hard,risk_parity,0.008335,0.014406,0.000069,0.000208,16.000000,0.068880,439.539635,4.977960,0.562137,0.063492,0.001414,0.000003
2024-02-01,rmt_hard,hrp,0.007996,0.013533,0.000064,0.000183,14.387352,0.080215,439.539635,4.977960,0.562137,0.063492,0.001414,0.000003
2024-02-01,rmt_hard,max_diversification,0.007705,0.013222,0.000059,0.000175,5.928628,0.175381,439.539635,4.977960,0.562137,0.063492,0.001414,0.000003
2024-02-01,rmt_soft,equal_weight,0.009028,0.016140,0.000081,0.000260,14.904522,0.062500,439.539635,4.977960,0.562137,0.063492,0.001414,0.000003
2024-02-01,rmt_soft,inverse_variance,0.008166,0.014051,0.000067,0.000197,14.729731,0.075359,439.539635,4.977960,0.562137,0.063492,0.001414,0.000003
2024-02-01,rmt_soft,minimum_variance,0.007028,0.011158,0.000049,0.000124,6.340320,0.169631,439.539635,4.977960,0.562137,0.063492,0.001414,0.000003
2024-02-01,rmt_soft,risk_parity,0.008336,0.014407,0.000069,0.000208,16.000000,0.068880,439.539635,4.977960,0.562137,0.063492,0.001414,0.000003
2024-02-01,rmt_soft,hrp,0.008015,0.013470,0.000064,0.000181,14.418934,0.079154,439.539635,4.977960,0.562137,0.063492,0.001414,0.000003
2024-02-01,rmt_soft,max_diversification,0.007681,0.013106,0.000059,0.000172,5.818562,0.180210,439.539635,4.977960,0.562137,0.063492,0.001414,0.000003
2024-02-01,rmt_rie,equal_weight,0.008478,0.016140,0.000072,0.000260,14.905002,0.062500,439.539635,4.977960,0.562137,0.063492,0.001414,0.000003
2024-02-01,rmt_rie,inverse_variance,0.007672,0.014055,0.000059,0.000198,14.568242,0.075851,439.539635,4.977960,0.562137,0.063492,0.001414,0.000003
2024-02-01,rmt_rie,minimum_variance,0.006618,0.011155,0.000044,0.000124,6.341045,0.168804,439.539635,4.977960,0.562137,0.063492,0.001414,0.000003
2024-02-01,rmt_rie,risk_parity,0.007830,0.014409,0.000061,0.000208,16.000000,0.068849,439.539635,4.977960,0.562137,0.063492,0.001414,0.000003
2024-02-01,rmt_rie,hrp,0.007486,0.013328,0.000056,0.000178,14.509588,0.080096,439.539635,4.977960,0.562137,0.063492,0.001414,0.000003
2024-02-01,rmt_rie,max_diversification,0.007269,0.013034,0.000053,0.000170,5.938742,0.175847,439.539635,4.977960,0.562137,0.063492,0.001414,0.000003
2024-02-01,factor_model,equal_weight,0.009134,0.016140,0.000083,0.000260,14.922893,0.062500,439.539635,4.977960,0.562137,0.063492,0.001414,0.000003
2024-02-01,factor_model,inverse_variance,0.008254,0.014062,0.000068,0.000198,14.763948,0.075349,439.539635,4.977960,0.562137,0.063492,0.001414,0.000003
2024-02-01,factor_model,minimum_variance,0.007015,0.012158,0.000049,0.000148,5.765799,0.185778,439.539635,4.977960,0.562137,0.063492,0.001414,0.000003
2024-02-01,factor_model,risk_parity,0.008420,0.014396,0.000071,0.000207,16.000000,0.069192,439.539635,4.977960,0.562137,0.063492,0.001414,0.000003
2024-02-01,factor_model,hrp,0.008078,0.013291,0.000065,0.000177,14.684445,0.079477,439.539635,4.977960,0.562137,0.063492,0.001414,0.000003
2024-02-01,factor_model,max_diversification,0.007856,0.013479,0.000062,0.000182,4.895902,0.197601,439.539635,4.977960,0.562137,0.063492,0.001414,0.000003
2024-03-11,sample,equal_weight,0.009954,0.010452,0.000099,0.000109,14.656085,0.062500,557.620770,4.567749,0.604093,0.063492,0.001752,0.000003
2024-03-11,sample,inverse_variance,0.008788,0.008464,0.000077,0.000072,14.838593,0.077351,557.620770,4.567749,0.604093,0.063492,0.001752,0.000003
2024-03-11,sample,minimum_variance,0.007381,0.005434,0.000054,0.000030,5.950377,0.180255,557.620770,4.567749,0.604093,0.063492,0.001752,0.000003
2024-03-11,sample,risk_parity,0.008976,0.008811,0.000081,0.000078,16.000000,0.071123,557.620770,4.567749,0.604093,0.063492,0.001752,0.000003
2024-03-11,sample,hrp,0.008531,0.007882,0.000073,0.000062,14.677073,0.084229,557.620770,4.567749,0.604093,0.063492,0.001752,0.000003
2024-03-11,sample,max_diversification,0.008140,0.006918,0.000066,0.000048,5.928855,0.180396,557.620770,4.567749,0.604093,0.063492,0.001752,0.000003
2024-03-11,ledoit_wolf,equal_weight,0.009792,0.010452,0.000096,0.000109,14.665337,0.062500,557.620770,4.567749,0.604093,0.063492,0.001752,0.000003
2024-03-11,ledoit_wolf,inverse_variance,0.008700,0.008557,0.000076,0.000073,14.958310,0.075929,557.620770,4.567749,0.604093,0.063492,0.001752,0.000003
2024-03-11,ledoit_wolf,minimum_variance,0.007318,0.005434,0.000054,0.000030,6.007381,0.177869,557.620770,4.567749,0.604093,0.063492,0.001752,0.000003
2024-03-11,ledoit_wolf,risk_parity,0.008848,0.008832,0.000078,0.000078,16.000000,0.070882,557.620770,4.567749,0.604093,0.063492,0.001752,0.000003
2024-03-11,ledoit_wolf,hrp,0.008385,0.007926,0.000070,0.000063,14.113728,0.084846,557.620770,4.567749,0.604093,0.063492,0.001752,0.000003
2024-03-11,ledoit_wolf,max_diversification,0.008017,0.006860,0.000064,0.000047,6.098052,0.178133,557.620770,4.567749,0.604093,0.063492,0.001752,0.000003
2024-03-11,constant_corr,equal_weight,0.009934,0.010452,0.000099,0.000109,14.656085,0.062500,557.620770,4.567749,0.604093,0.063492,0.001752,0.000003
2024-03-11,constant_corr,inverse_variance,0.008771,0.008464,0.000077,0.000072,14.838593,0.077351,557.620770,4.567749,0.604093,0.063492,0.001752,0.000003
2024-03-11,constant_corr,minimum_variance,0.007366,0.005434,0.000054,0.000030,5.950386,0.180255,557.620770,4.567749,0.604093,0.063492,0.001752,0.000003
2024-03-11,constant_corr,risk_parity,0.008958,0.008811,0.000080,0.000078,16.000000,0.071123,557.620770,4.567749,0.604093,0.063492,0.001752,0.000003
2024-03-11,constant_corr,hrp,0.008514,0.007882,0.000072,0.000062,14.677073,0.084229,557.620770,4.567749,0.604093,0.063492,0.001752,0.000003
2024-03-11,constant_corr,max_diversification,0.008124,0.006918,0.000066,0.000048,5.928855,0.180396,557.620770,4.567749,0.604093,0.063492,0.001752,0.000003
2024-03-11,rmt_hard,equal_weight,0.009954,0.010452,0.000099,0.000109,14.656131,0.062500,557.620770,4.567749,0.604093,0.063492,0.001752,0.000003
2024-03-11,rmt_hard,inverse_variance,0.008758,0.008394,0.000077,0.000070,14.895860,0.077776,557.620770,4.567749,0.604093,0.063492,0.001752,0.000003
2024-03-11,rmt_hard,minimum_variance,0.007383,0.005353,0.000055,0.000029,5.893572,0.181243,557.620770,4.567749,0.604093,0.063492,0.001752,0.000003
2024-03-11,rmt_hard,risk_parity,0.008976,0.008811,0.000081,0.000078,16.000000,0.071125,557.620770,4.567749,0.604093,0.063492,0.001752,0.000003
2024-03-11,rmt_hard,hrp,0.008490,0.007830,0.000072,0.000061,14.141360,0.085670,557.620770,4.567749,0.604093,0.063492,0.001752,0.000003
2024-03-11,rmt_hard,max_diversification,0.008157,0.006931,0.000067,0.000048,5.761853,0.182943,557.620770,4.567749,0.604093,0.063492,0.001752,0.000003
2024-03-11,rmt_soft,equal_weight,0.009954,0.010452,0.000099,0.000109,14.656297,0.062500,557.620770,4.567749,0.604093,0.063492,0.001752,0.000003
2024-03-11,rmt_soft,inverse_variance,0.008778,0.008436,0.000077,0.000071,14.893351,0.077354,557.620770,4.567749,0.604093,0.063492,0.001752,0.000003
2024-03-11,rmt_soft,minimum_variance,0.007384,0.005375,0.000055,0.000029,5.942687,0.180097,557.620770,4.567749,0.604093,0.063492,0.001752,0.000003
2024-03-11,rmt_soft,risk_parity,0.008976,0.008811,0.000081,0.000078,16.000000,0.071118,557.620770,4.567749,0.604093,0.063492,0.001752,0.000003
2024-03-11,rmt_soft,hrp,0.008494,0.007838,0.000072,0.000061,14.151134,0.085546,557.620770,4.567749,0.604093,0.063492,0.001752,0.000003
2024-03-11,rmt_soft,max_diversification,0.008146,0.006923,0.000066,0.000048,5.877461,0.181138,557.620770,4.567749,0.604093,0.063492,0.001752,0.000003
2024-03-11,rmt_rie,equal_weight,0.009350,0.010452,0.000087,0.000109,14.654318,0.062500,557.620770,4.567749,0.604093,0.063492,0.001752,0.000003
2024-03-11,rmt_rie,inverse_variance,0.008246,0.008456,0.000068,0.000072,14.739461,0.077903,557.620770,4.567749,0.604093,0.063492,0.001752,0.000003
2024-03-11,rmt_rie,minimum_variance,0.006957,0.005399,0.000048,0.000029,6.107728,0.176060,557.620770,4.567749,0.604093,0.063492,0.001752,0.000003
2024-03-11,rmt_rie,risk_parity,0.008433,0.008813,0.000071,0.000078,16.000000,0.071083,557.620770,4.567749,0.604093,0.063492,0.001752,0.000003
2024-03-11,rmt_rie,hrp,0.008038,0.007938,0.000065,0.000063,14.455141,0.084276,557.620770,4.567749,0.604093,0.063492,0.001752,0.000003
2024-03-11,rmt_rie,max_diversification,0.007646,0.006867,0.000058,0.000047,6.220028,0.176257,557.620770,4.567749,0.604093,0.063492,0.001752,0.000003
2024-03-11,factor_model,equal_weight,0.010060,0.010452,0.000101,0.000109,14.688060,0.062500,557.620770,4.567749,0.604093,0.063492,0.001752,0.000003
2024-03-11,factor_model,inverse_variance,0.008877,0.008464,0.000079,0.000072,14.898224,0.077351,557.620770,4.567749,0.604093,0.063492,0.001752,0.000003
2024-03-11,factor_model,minimum_variance,0.007380,0.005689,0.000054,0.000032,5.035229,0.205286,557.620770,4.567749,0.604093,0.063492,0.001752,0.000003
2024-03-11,factor_model,risk_parity,0.009069,0.008806,0.000082,0.000078,16.000000,0.071343,557.620770,4.567749,0.604093,0.063492,0.001752,0.000003
2024-03-11,factor_model,hrp,0.008624,0.007870,0.000074,0.000062,14.381041,0.083950,557.620770,4.567749,0.604093,0.063492,0.001752,0.000003
2024-03-11,factor_model,max_diversification,0.008393,0.007459,0.000070,0.000056,4.986219,0.193320,557.620770,4.567749,0.604093,0.063492,0.001752,0.000003
2024-04-11,sample,equal_weight,0.010164,0.011589,0.000103,0.000134,14.515362,0.062500,600.541504,4.463471,0.616997,0.063492,0.001844,0.000003
2024-04-11,sample,inverse_variance,0.008823,0.009690,0.000078,0.000094,14.842900,0.079015,600.541504,4.463471,0.616997,0.063492,0.001844,0.000003
2024-04-11,sample,minimum_variance,0.007290,0.007737,0.000053,0.000060,5.714810,0.185924,600.541504,4.463471,0.616997,0.063492,0.001844,0.000003
2024-04-11,sample,risk_parity,0.009014,0.009973,0.000081,0.000099,16.000000,0.072829,600.541504,4.463471,0.616997,0.063492,0.001844,0.000003
2024-04-11,sample,hrp,0.008542,0.009239,0.000073,0.000085,14.468727,0.087130,600.541504,4.463471,0.616997,0.063492,0.001844,0.000003
2024-04-11,sample,max_diversification,0.008024,0.008647,0.000064,0.000075,6.543866,0.173510,600.541504,4.463471,0.616997,0.063492,0.001844,0.000003
2024-04-11,ledoit_wolf,equal_weight,0.010010,0.011589,0.000100,0.000134,14.524582,0.062500,600.541504,4.463471,0.616997,0.063492,0.001844,0.000003
2024-04-11,ledoit_wolf,inverse_variance,0.008750,0.009765,0.000077,0.000095,14.961972,0.077481,600.541504,4.463471,0.616997,0.063492,0.001844,0.000003
2024-04-11,ledoit_wolf,minimum_variance,0.007238,0.007708,0.000052,0.000059,5.765088,0.183895,600.541504,4.463471,0.616997,0.063492,0.001844,0.000003
2024-04-11,ledoit_wolf,risk_parity,0.008897,0.009992,0.000079,0.000100,16.000000,0.072545,600.541504,4.463471,0.616997,0.063492,0.001844,0.000003
2024-04-11,ledoit_wolf,hrp,0.008439,0.009203,0.000071,0.000085,14.273517,0.086069,600.541504,4.463471,0.616997,0.063492,0.001844,0.000003
2024-04-11,ledoit_wolf,max_diversification,0.007915,0.008593,0.000063,0.000074,6.655645,0.172336,600.541504,4.463471,0.616997,0.063492,0.001844,0.000003
2024-04-11,constant_corr,equal_weight,0.010144,0.011589,0.000103,0.000134,14.515362,0.062500,600.541504,4.463471,0.616997,0.063492,0.001844,0.000003
2024-04-11,constant_corr,inverse_variance,0.008806,0.009690,0.000078,0.000094,14.842900,0.079015,600.541504,4.463471,0.616997,0.063492,0.001844,0.000003
2024-04-11,constant_corr,minimum_variance,0.007275,0.007737,0.000053,0.000060,5.714830,0.185924,600.541504,4.463471,0.616997,0.063492,0.001844,0.000003
2024-04-11,constant_corr,risk_parity,0.008996,0.009973,0.000081,0.000099,16.000000,0.072829,600.541504,4.463471,0.616997,0.063492,0.001844,0.000003
2024-04-11,constant_corr,hrp,0.008526,0.009239,0.000073,0.000085,14.468727,0.087130,600.541504,4.463471,0.616997,0.063492,0.001844,0.000003
2024-04-11,constant_corr,max_diversification,0.008008,0.008647,0.000064,0.000075,6.543866,0.173510,600.541504,4.463471,0.616997,0.063492,0.001844,0.000003
2024-04-11,rmt_hard,equal_weight,0.010164,0.011589,0.000103,0.000134,14.515788,0.062500,600.541504,4.463471,0.616997,0.063492,0.001844,0.000003
2024-04-11,rmt_hard,inverse_variance,0.008786,0.009633,0.000077,0.000093,14.907817,0.079578,600.541504,4.463471,0.616997,0.063492,0.001844,0.000003
2024-04-11,rmt_hard,minimum_variance,0.007289,0.007721,0.000053,0.000060,5.645760,0.187511,600.541504,4.463471,0.616997,0.063492,0.001844,0.000003
2024-04-11,rmt_hard,risk_parity,0.009014,0.009973,0.000081,0.000099,16.000000,0.072824,600.541504,4.463471,0.616997,0.063492,0.001844,0.000003
2024-04-11,rmt_hard,hrp,0.008421,0.009148,0.000071,0.000084,14.252018,0.089548,600.541504,4.463471,0.616997,0.063492,0.001844,0.000003
2024-04-11,rmt_hard,max_diversification,0.008050,0.008696,0.000065,0.000076,6.344747,0.175591,600.541504,4.463471,0.616997,0.063492,0.001844,0.000003
2024-04-11,rmt_soft,equal_weight,0.010164,0.011589,0.000103,0.000134,14.515860,0.062500,600.541504,4.463471,0.616997,0.063492,0.001844,0.000003
2024-04-11,rmt_soft,inverse_variance,0.008811,0.009669,0.000078,0.000093,14.901295,0.079042,600.541504,4.463471,0.616997,0.063492,0.001844,0.000003
2024-04-11,rmt_soft,minimum_variance,0.007291,0.007716,0.000053,0.000060,5.685238,0.186475,600.541504,4.463471,0.616997,0.063492,0.001844,0.000003
2024-04-11,rmt_soft,risk_parity,0.009014,0.009974,0.000081,0.000099,16.000000,0.072821,600.541504,4.463471,0.616997,0.063492,0.001844,0.000003
2024-04-11,rmt_soft,hrp,0.008540,0.009178,0.000073,0.000084,14.324653,0.086866,600.541504,4.463471,0.616997,0.063492,0.001844,0.000003
2024-04-11,rmt_soft,max_diversification,0.008035,0.008665,0.000065,0.000075,6.478604,0.174127,600.541504,4.463471,0.616997,0.063492,0.001844,0.000003
2024-04-11,rmt_rie,equal_weight,0.009547,0.011589,0.000091,0.000134,14.513318,0.062500,600.541504,4.463471,0.616997,0.063492,0.001844,0.000003
2024-04-11,rmt_rie,inverse_variance,0.008283,0.009684,0.000069,0.000094,14.741110,0.079559,600.541504,4.463471,0.616997,0.063492,0.001844,0.000003
2024-04-11,rmt_rie,minimum_variance,0.006872,0.007637,0.000047,0.000058,5.846660,0.182123,600.541504,4.463471,0.616997,0.063492,0.001844,0.000003
2024-04-11,rmt_rie,risk_parity,0.008468,0.009975,0.000072,0.000099,16.000000,0.072783,600.541504,4.463471,0.616997,0.063492,0.001844,0.000003
2024-04-11,rmt_rie,hrp,0.008002,0.009202,0.000064,0.000085,14.408646,0.087886,600.541504,4.463471,0.616997,0.063492,0.001844,0.000003
2024-04-11,rmt_rie,max_diversification,0.007522,0.008549,0.000057,0.000073,6.831661,0.170606,600.541504,4.463471,0.616997,0.063492,0.001844,0.000003
2024-04-11,factor_model,equal_weight,0.010272,0.011589,0.000106,0.000134,14.550911,0.062500,600.541504,4.463471,0.616997,0.063492,0.001844,0.000003
2024-04-11,factor_model,inverse_variance,0.008911,0.009690,0.000079,0.000094,14.909298,0.079015,600.541504,4.463471,0.616997,0.063492,0.001844,0.000003
2024-04-11,factor_model,minimum_variance,0.007309,0.007650,0.000053,0.000059,5.033936,0.204660,600.541504,4.463471,0.616997,0.063492,0.001844,0.000003
2024-04-11,factor_model,risk_parity,0.009108,0.009976,0.000083,0.000100,16.000000,0.073057,600.541504,4.463471,0.616997,0.063492,0.001844,0.000003
2024-04-11,factor_model,hrp,0.008497,0.009031,0.000072,0.000082,14.133495,0.091245,600.541504,4.463471,0.616997,0.063492,0.001844,0.000003
2024-04-11,factor_model,max_diversification,0.008283,0.009082,0.000069,0.000082,5.500291,0.184816,600.541504,4.463471,0.616997,0.063492,0.001844,0.000003
2024-05-15,sample,equal_weight,0.010419,0.007131,0.000109,0.000051,14.541285,0.062500,649.180645,4.258123,0.639167,0.063492,0.001932,0.000003
2024-05-15,sample,inverse_variance,0.009074,0.006437,0.000082,0.000041,14.952178,0.078242,649.180645,4.258123,0.639167,0.063492,0.001932,0.000003
2024-05-15,sample,minimum_variance,0.007451,0.006102,0.000056,0.000037,5.586571,0.188314,649.180645,4.258123,0.639167,0.063492,0.001932,0.000003
2024-05-15,sample,risk_parity,0.009228,0.006615,0.000085,0.000044,16.000000,0.073139,649.180645,4.258123,0.639167,0.063492,0.001932,0.000003
2024-05-15,sample,hrp,0.008694,0.006575,0.000076,0.000043,14.204244,0.088496,649.180645,4.258123,0.639167,0.063492,0.001932,0.000003
2024-05-15,sample,max_diversification,0.008133,0.006500,0.000066,0.000042,7.003423,0.169905,649.180645,4.258123,0.639167,0.063492,0.001932,0.000003
2024-05-15,ledoit_wolf,equal_weight,0.010272,0.007131,0.000106,0.000051,14.549276,0.062500,649.180645,4.258123,0.639167,0.063492,0.001932,0.000003
2024-05-15,ledoit_wolf,inverse_variance,0.009001,0.006452,0.000081,0.000042,15.050571,0.076911,649.180645,4.258123,0.639167,0.063492,0.001932,0.000003
2024-05-15,ledoit_wolf,minimum_variance,0.007400,0.006127,0.000055,0.000038,5.692447,0.185151,649.180645,4.258123,0.639167,0.063492,0.001932,0.000003
2024-05-15,ledoit_wolf,risk_parity,0.009116,0.006618,0.000083,0.000044,16.000000,0.072875,649.180645,4.258123,0.639167,0.063492,0.001932,0.000003
2024-05-15,ledoit_wolf,hrp,0.008615,0.006491,0.000074,0.000042,14.296105,0.087457,649.180645,4.258123,0.639167,0.063492,0.001932,0.000003
2024-05-15,ledoit_wolf,max_diversification,0.008035,0.006492,0.000065,0.000042,7.066332,0.169067,649.180645,4.258123,0.639167,0.063492,0.001932,0.000003
2024-05-15,constant_corr,equal_weight,0.010398,0.007131,0.000108,0.000051,14.541285,0.062500,649.180645,4.258123,0.639167,0.063492,0.001932,0.000003
2024-05-15,constant_corr,inverse_variance,0.009056,0.006437,0.000082,0.000041,14.952178,0.078242,649.180645,4.258123,0.639167,0.063492,0.001932,0.000003
2024-05-15,constant_corr,minimum_variance,0.007437,0.006102,0.000055,0.000037,5.586574,0.188314,649.180645,4.258123,0.639167,0.063492,0.001932,0.000003
2024-05-15,constant_corr,risk_parity,0.009209,0.006615,0.000085,0.000044,16.000000,0.073139,649.180645,4.258123,0.639167,0.063492,0.001932,0.000003
2024-05-15,constant_corr,hrp,0.008676,0.006575,0.000075,0.000043,14.204244,0.088496,649.180645,4.258123,0.639167,0.063492,0.001932,0.000003
2024-05-15,constant_corr,max_diversification,0.008117,0.006500,0.000066,0.000042,7.003424,0.169905,649.180645,4.258123,0.639167,0.063492,0.001932,0.000003
2024-05-15,rmt_hard,equal_weight,0.010419,0.007131,0.000109,0.000051,14.541333,0.062500,649.180645,4.258123,0.639167,0.063492,0.001932,0.000003
2024-05-15,rmt_hard,inverse_variance,0.009038,0.006435,0.000082,0.000041,15.024178,0.078691,649.180645,4.258123,0.639167,0.063492,0.001932,0.000003
2024-05-15,rmt_hard,minimum_variance,0.007449,0.006086,0.000055,0.000037,5.535845,0.189802,649.180645,4.258123,0.639167,0.063492,0.001932,0.000003
2024-05-15,rmt_hard,risk_parity,0.009228,0.006615,0.000085,0.000044,16.000000,0.073137,649.180645,4.258123,0.639167,0.063492,0.001932,0.000003
2024-05-15,rmt_hard,hrp,0.008769,0.006446,0.000077,0.000042,14.661071,0.084975,649.180645,4.258123,0.639167,0.063492,0.001932,0.000003
2024-05-15,rmt_hard,max_diversification,0.008155,0.006524,0.000066,0.000043,6.871546,0.171049,649.180645,4.258123,0.639167,0.063492,0.001932,0.000003
2024-05-15,rmt_soft,equal_weight,0.010419,0.007131,0.000109,0.000051,14.541528,0.062500,649.180645,4.258123,0.639167,0.063492,0.001932,0.000003
2024-05-15,rmt_soft,inverse_variance,0.009061,0.006437,0.000082,0.000041,15.011301,0.078255,649.180645,4.258123,0.639167,0.063492,0.001932,0.000003
2024-05-15,rmt_soft,minimum_variance,0.007452,0.006100,0.000056,0.000037,5.578114,0.188590,649.180645,4.258123,0.639167,0.063492,0.001932,0.000003
2024-05-15,rmt_soft,risk_parity,0.009228,0.006615,0.000085,0.000044,16.000000,0.073132,649.180645,4.258123,0.639167,0.063492,0.001932,0.000003
2024-05-15,rmt_soft,hrp,0.008762,0.006461,0.000077,0.000042,14.509224,0.085824,649.180645,4.258123,0.639167,0.063492,0.001932,0.000003
2024-05-15,rmt_soft,max_diversification,0.008143,0.006513,0.000066,0.000042,6.945211,0.170361,649.180645,4.258123,0.639167,0.063492,0.001932,0.000003
2024-05-15,rmt_rie,equal_weight,0.009788,0.007131,0.000096,0.000051,14.538831,0.062500,649.180645,4.258123,0.639167,0.063492,0.001932,0.000003
2024-05-15,rmt_rie,inverse_variance,0.008527,0.006436,0.000073,0.000041,14.874148,0.078623,649.180645,4.258123,0.639167,0.063492,0.001932,0.000003
2024-05-15,rmt_rie,minimum_variance,0.007016,0.006154,0.000049,0.000038,5.609587,0.187442,649.180645,4.258123,0.639167,0.063492,0.001932,0.000003
2024-05-15,rmt_rie,risk_parity,0.008669,0.006616,0.000075,0.000044,16.000000,0.073117,649.180645,4.258123,0.639167,0.063492,0.001932,0.000003
2024-05-15,rmt_rie,hrp,0.008156,0.006458,0.000067,0.000042,14.402346,0.088729,649.180645,4.258123,0.639167,0.063492,0.001932,0.000003
2024-05-15,rmt_rie,max_diversification,0.007608,0.006541,0.000058,0.000043,7.474352,0.165332,649.180645,4.258123,0.639167,0.063492,0.001932,0.000003
2024-05-15,factor_model,equal_weight,0.010523,0.007131,0.000111,0.000051,14.571366,0.062500,649.180645,4.258123,0.639167,0.063492,0.001932,0.000003
2024-05-15,factor_model,inverse_variance,0.009152,0.006437,0.000084,0.000041,15.027206,0.078242,649.180645,4.258123,0.639167,0.063492,0.001932,0.000003
2024-05-15,factor_model,minimum_variance,0.007401,0.006148,0.000055,0.000038,4.922486,0.208803,649.180645,4.258123,0.639167,0.063492,0.001932,0.000003
2024-05-15,factor_model,risk_parity,0.009309,0.006607,0.000087,0.000044,16.000000,0.073480,649.180645,4.258123,0.639167,0.063492,0.001932,0.000003
2024-05-15,factor_model,hrp,0.008775,0.006398,0.000077,0.000041,14.853101,0.087310,649.180645,4.258123,0.639167,0.063492,0.001932,0.000003
2024-05-15,factor_model,max_diversification,0.008290,0.006724,0.000069,0.000045,5.963923,0.180493,649.180645,4.258123,0.639167,0.063492,0.001932,0.000003
2024-06-14,sample,equal_weight,0.010400,0.009560,0.000108,0.000091,14.494793,0.062500,640.668349,4.157449,0.648851,0.063492,0.001931,0.000003
2024-06-14,sample,inverse_variance,0.008925,0.007748,0.000080,0.000060,14.946489,0.080064,640.668349,4.157449,0.648851,0.063492,0.001931,0.000003
2024-06-14,sample,minimum_variance,0.007271,0.005765,0.000053,0.000033,4.765288,0.215202,640.668349,4.157449,0.648851,0.063492,0.001931,0.000003
2024-06-14,sample,risk_parity,0.009124,0.008046,0.000083,0.000065,16.000000,0.074464,640.668349,4.157449,0.648851,0.063492,0.001931,0.000003
2024-06-14,sample,hrp,0.008522,0.007359,0.000073,0.000054,14.329265,0.091543,640.668349,4.157449,0.648851,0.063492,0.001931,0.000003
2024-06-14,sample,max_diversification,0.008021,0.007183,0.000064,0.000052,7.543578,0.167299,640.668349,4.157449,0.648851,0.063492,0.001931,0.000003
2024-06-14,ledoit_wolf,equal_weight,0.010255,0.009560,0.000105,0.000091,14.502803,0.062500,640.668349,4.157449,0.648851,0.063492,0.001931,0.000003
2024-06-14,ledoit_wolf,inverse_variance,0.008863,0.007814,0.000079,0.000061,15.050186,0.078573,640.668349,4.157449,0.648851,0.063492,0.001931,0.000003
2024-06-14,ledoit_wolf,minimum_variance,0.007233,0.005778,0.000052,0.000033,4.833810,0.212239,640.668349,4.157449,0.648851,0.063492,0.001931,0.000003
2024-06-14,ledoit_wolf,risk_parity,0.009018,0.008063,0.000081,0.000065,16.000000,0.074145,640.668349,4.157449,0.648851,0.063492,0.001931,0.000003
2024-06-14,ledoit_wolf,hrp,0.008507,0.007459,0.000072,0.000056,14.628433,0.087397,640.668349,4.157449,0.648851,0.063492,0.001931,0.000003
2024-06-14,ledoit_wolf,max_diversification,0.007925,0.007136,0.000063,0.000051,7.593757,0.166245,640.668349,4.157449,0.648851,0.063492,0.001931,0.000003
2024-06-14,constant_corr,equal_weight,0.010379,0.009560,0.000108,0.000091,14.494793,0.062500,640.668349,4.157449,0.648851,0.063492,0.001931,0.000003
2024-06-14,constant_corr,inverse_variance,0.008907,0.007748,0.000079,0.000060,14.946489,0.080064,640.668349,4.157449,0.648851,0.063492,0.001931,0.000003
2024-06-14,constant_corr,minimum_variance,0.007256,0.005765,0.000053,0.000033,4.765308,0.215201,640.668349,4.157449,0.648851,0.063492,0.001931,0.000003
2024-06-14,constant_corr,risk_parity,0.009106,0.008046,0.000083,0.000065,16.000000,0.074464,640.668349,4.157449,0.648851,0.063492,0.001931,0.000003
2024-06-14,constant_corr,hrp,0.008505,0.007359,0.000072,0.000054,14.329265,0.091543,640.668349,4.157449,0.648851,0.063492,0.001931,0.000003
2024-06-14,constant_corr,max_diversification,0.008005,0.007183,0.000064,0.000052,7.543578,0.167299,640.668349,4.157449,0.648851,0.063492,0.001931,0.000003
2024-06-14,rmt_hard,equal_weight,0.010400,0.009560,0.000108,0.000091,14.494745,0.062500,640.668349,4.157449,0.648851,0.063492,0.001931,0.000003
2024-06-14,rmt_hard,inverse_variance,0.008894,0.007722,0.000079,0.000060,15.006124,0.080478,640.668349,4.157449,0.648851,0.063492,0.001931,0.000003
2024-06-14,rmt_hard,minimum_variance,0.007272,0.005768,0.000053,0.000033,4.765495,0.214962,640.668349,4.157449,0.648851,0.063492,0.001931,0.000003
2024-06-14,rmt_hard,risk_parity,0.009124,0.008045,0.000083,0.000065,16.000000,0.074479,640.668349,4.157449,0.648851,0.063492,0.001931,0.000003
2024-06-14,rmt_hard,hrp,0.008513,0.007340,0.000072,0.000054,14.158508,0.091636,640.668349,4.157449,0.648851,0.063492,0.001931,0.000003
2024-06-14,rmt_hard,max_diversification,0.008031,0.007238,0.000064,0.000052,7.406892,0.169221,640.668349,4.157449,0.648851,0.063492,0.001931,0.000003
2024-06-14,rmt_soft,equal_weight,0.010400,0.009560,0.000108,0.000091,14.494876,0.062500,640.668349,4.157449,0.648851,0.063492,0.001931,0.000003
2024-06-14,rmt_soft,inverse_variance,0.008913,0.007741,0.000079,0.000060,14.997805,0.080118,640.668349,4.157449,0.648851,0.063492,0.001931,0.000003
2024-06-14,rmt_soft,minimum_variance,0.007274,0.005766,0.000053,0.000033,4.766174,0.214995,640.668349,4.157449,0.648851,0.063492,0.001931,0.000003
2024-06-14,rmt_soft,risk_parity,0.009125,0.008046,0.000083,0.000065,16.000000,0.074463,640.668349,4.157449,0.648851,0.063492,0.001931,0.000003
2024-06-14,rmt_soft,hrp,0.008596,0.007479,0.000074,0.000056,14.622628,0.088581,640.668349,4.157449,0.648851,0.063492,0.001931,0.000003
2024-06-14,rmt_soft,max_diversification,0.008028,0.007195,0.000064,0.000052,7.503739,0.167658,640.668349,4.157449,0.648851,0.063492,0.001931,0.000003
2024-06-14,rmt_rie,equal_weight,0.009771,0.009560,0.000095,0.000091,14.492908,0.062500,640.668349,4.157449,0.648851,0.063492,0.001931,0.000003
2024-06-14,rmt_rie,inverse_variance,0.008384,0.007736,0.000070,0.000060,14.864110,0.080483,640.668349,4.157449,0.648851,0.063492,0.001931,0.000003
2024-06-14,rmt_rie,minimum_variance,0.006851,0.005776,0.000047,0.000033,4.816026,0.213671,640.668349,4.157449,0.648851,0.063492,0.001931,0.000003
2024-06-14,rmt_rie,risk_parity,0.008574,0.008049,0.000074,0.000065,16.000000,0.074413,640.668349,4.157449,0.648851,0.063492,0.001931,0.000003
2024-06-14,rmt_rie,hrp,0.007993,0.007341,0.000064,0.000054,14.302951,0.092115,640.668349,4.157449,0.648851,0.063492,0.001931,0.000003
2024-06-14,rmt_rie,max_diversification,0.007539,0.007164,0.000057,0.000051,7.884264,0.163782,640.668349,4.157449,0.648851,0.063492,0.001931,0.000003
2024-06-14,factor_model,equal_weight,0.010501,0.009560,0.000110,0.000091,14.518591,0.062500,640.668349,4.157449,0.648851,0.063492,0.001931,0.000003
2024-06-14,factor_model,inverse_variance,0.008986,0.007748,0.000081,0.000060,15.038137,0.080064,640.668349,4.157449,0.648851,0.063492,0.001931,0.000003
2024-06-14,factor_model,minimum_variance,0.007151,0.005745,0.000051,0.000033,4.920902,0.212399,640.668349,4.157449,0.648851,0.063492,0.001931,0.000003
2024-06-14,factor_model,risk_parity,0.009179,0.008002,0.000084,0.000064,16.000000,0.075138,640.668349,4.157449,0.648851,0.063492,0.001931,0.000003
2024-06-14,factor_model,hrp,0.008569,0.007307,0.000073,0.000053,14.223918,0.091483,640.668349,4.157449,0.648851,0.063492,0.001931,0.000003
2024-06-14,factor_model,max_diversification,0.008078,0.007027,0.000065,0.000049,6.510281,0.175503,640.668349,4.157449,0.648851,0.063492,0.001931,0.000003
2024-07-15,sample,equal_weight,0.010488,0.011802,0.000110,0.000139,14.397961,0.062500,672.015682,4.033804,0.660719,0.063492,0.001976,0.000003
2024-07-15,sample,inverse_variance,0.008926,0.009769,0.000080,0.000095,14.873229,0.080525,672.015682,4.033804,0.660719,0.063492,0.001976,0.000003
2024-07-15,sample,minimum_variance,0.007133,0.007112,0.000051,0.000051,4.636638,0.219997,672.015682,4.033804,0.660719,0.063492,0.001976,0.000003
2024-07-15,sample,risk_parity,0.009087,0.009798,0.000083,0.000096,16.000000,0.075925,672.015682,4.033804,0.660719,0.063492,0.001976,0.000003
2024-07-15,sample,hrp,0.008509,0.009114,0.000072,0.000083,14.467910,0.091301,672.015682,4.033804,0.660719,0.063492,0.001976,0.000003
2024-07-15,sample,max_diversification,0.007979,0.008060,0.000064,0.000065,7.629995,0.167358,672.015682,4.033804,0.660719,0.063492,0.001976,0.000003
2024-07-15,ledoit_wolf,equal_weight,0.010347,0.011802,0.000107,0.000139,14.405954,0.062500,672.015682,4.033804,0.660719,0.063492,0.001976,0.000003
2024-07-15,ledoit_wolf,inverse_variance,0.008868,0.009849,0.000079,0.000097,14.977412,0.079079,672.015682,4.033804,0.660719,0.063492,0.001976,0.000003
2024-07-15,ledoit_wolf,minimum_variance,0.007102,0.007066,0.000050,0.000050,4.675613,0.218047,672.015682,4.033804,0.660719,0.063492,0.001976,0.000003
2024-07-15,ledoit_wolf,risk_parity,0.008988,0.009825,0.000081,0.000097,16.000000,0.075562,672.015682,4.033804,0.660719,0.063492,0.001976,0.000003
2024-07-15,ledoit_wolf,hrp,0.008414,0.009073,0.000071,0.000082,14.183569,0.091437,672.015682,4.033804,0.660719,0.063492,0.001976,0.000003
2024-07-15,ledoit_wolf,max_diversification,0.007881,0.008036,0.000062,0.000065,7.693824,0.166130,672.015682,4.033804,0.660719,0.063492,0.001976,0.000003
2024-07-15,constant_corr,equal_weight,0.010467,0.011802,0.000110,0.000139,14.397961,0.062500,672.015682,4.033804,0.660719,0.063492,0.001976,0.000003
2024-07-15,constant_corr,inverse_variance,0.008908,0.009769,0.000079,0.000095,14.873229,0.080525,672.015682,4.033804,0.660719,0.063492,0.001976,0.000003
2024-07-15,constant_corr,minimum_variance,0.007119,0.007112,0.000051,0.000051,4.636652,0.219997,672.015682,4.033804,0.660719,0.063492,0.001976,0.000003
2024-07-15,constant_corr,risk_parity,0.009069,0.009798,0.000082,0.000096,16.000000,0.075925,672.015682,4.033804,0.660719,0.063492,0.001976,0.000003
2024-07-15,constant_corr,hrp,0.008492,0.009114,0.000072,0.000083,14.467910,0.091301,672.015682,4.033804,0.660719,0.063492,0.001976,0.000003
2024-07-15,constant_corr,max_diversification,0.007963,0.008060,0.000063,0.000065,7.629994,0.167358,672.015682,4.033804,0.660719,0.063492,0.001976,0.000003
2024-07-15,rmt_hard,equal_weight,0.010488,0.011802,0.000110,0.000139,14.397823,0.062500,672.015682,4.033804,0.660719,0.063492,0.001976,0.000003
2024-07-15,rmt_hard,inverse_variance,0.008892,0.009718,0.000079,0.000094,14.930037,0.080939,672.015682,4.033804,0.660719,0.063492,0.001976,0.000003
2024-07-15,rmt_hard,minimum_variance,0.007133,0.007115,0.000051,0.000051,4.629573,0.220035,672.015682,4.033804,0.660719,0.063492,0.001976,0.000003
2024-07-15,rmt_hard,risk_parity,0.009086,0.009795,0.000083,0.000096,16.000000,0.075962,672.015682,4.033804,0.660719,0.063492,0.001976,0.000003
2024-07-15,rmt_hard,hrp,0.008460,0.009079,0.000072,0.000082,14.227818,0.093030,672.015682,4.033804,0.660719,0.063492,0.001976,0.000003
2024-07-15,rmt_hard,max_diversification,0.007998,0.008111,0.000064,0.000066,7.458998,0.169937,672.015682,4.033804,0.660719,0.063492,0.001976,0.000003
2024-07-15,rmt_soft,equal_weight,0.010488,0.011802,0.000110,0.000139,14.398016,0.062500,672.015682,4.033804,0.660719,0.063492,0.001976,0.000003
2024-07-15,rmt_soft,inverse_variance,0.008914,0.009755,0.000079,0.000095,14.919291,0.080562,672.015682,4.033804,0.660719,0.063492,0.001976,0.000003
2024-07-15,rmt_soft,minimum_variance,0.007136,0.007106,0.000051,0.000051,4.636673,0.219845,672.015682,4.033804,0.660719,0.063492,0.001976,0.000003
2024-07-15,rmt_soft,risk_parity,0.009087,0.009798,0.000083,0.000096,16.000000,0.075927,672.015682,4.033804,0.660719,0.063492,0.001976,0.000003
2024-07-15,rmt_soft,hrp,0.008438,0.008959,0.000071,0.000080,14.251223,0.094811,672.015682,4.033804,0.660719,0.063492,0.001976,0.000003
2024-07-15,rmt_soft,max_diversification,0.007989,0.008077,0.000064,0.000065,7.593703,0.167698,672.015682,4.033804,0.660719,0.063492,0.001976,0.000003
2024-07-15,rmt_rie,equal_weight,0.009854,0.011802,0.000097,0.000139,14.395910,0.062500,672.015682,4.033804,0.660719,0.063492,0.001976,0.000003
2024-07-15,rmt_rie,inverse_variance,0.008382,0.009746,0.000070,0.000095,14.785102,0.081025,672.015682,4.033804,0.660719,0.063492,0.001976,0.000003
2024-07-15,rmt_rie,minimum_variance,0.006727,0.007034,0.000045,0.000049,4.716628,0.217235,672.015682,4.033804,0.660719,0.063492,0.001976,0.000003
2024-07-15,rmt_rie,risk_parity,0.008539,0.009803,0.000073,0.000096,16.000000,0.075861,672.015682,4.033804,0.660719,0.063492,0.001976,0.000003
2024-07-15,rmt_rie,hrp,0.007975,0.009073,0.000064,0.000082,14.416824,0.092000,672.015682,4.033804,0.660719,0.063492,0.001976,0.000003
2024-07-15,rmt_rie,max_diversification,0.007501,0.007986,0.000056,0.000064,7.970452,0.163451,672.015682,4.033804,0.660719,0.063492,0.001976,0.000003
2024-07-15,factor_model,equal_weight,0.010585,0.011802,0.000112,0.000139,14.409914,0.062500,672.015682,4.033804,0.660719,0.063492,0.001976,0.000003
2024-07-15,factor_model,inverse_variance,0.008969,0.009769,0.000080,0.000095,14.982325,0.080525,672.015682,4.033804,0.660719,0.063492,0.001976,0.000003
2024-07-15,factor_model,minimum_variance,0.006970,0.007043,0.000049,0.000050,4.797736,0.216193,672.015682,4.033804,0.660719,0.063492,0.001976,0.000003
2024-07-15,factor_model,risk_parity,0.009119,0.009725,0.000083,0.000095,16.000000,0.076818,672.015682,4.033804,0.660719,0.063492,0.001976,0.000003
2024-07-15,factor_model,hrp,0.008359,0.008682,0.000070,0.000075,14.150757,0.099099,672.015682,4.033804,0.660719,0.063492,0.001976,0.000003
2024-07-15,factor_model,max_diversification,0.007876,0.008284,0.000062,0.000069,6.307256,0.178749,672.015682,4.033804,0.660719,0.063492,0.001976,0.000003
2024-08-13,sample,equal_weight,0.010694,0.008770,0.000114,0.000077,14.205287,0.062500,700.016345,3.956320,0.670520,0.063492,0.002083,0.000003
2024-08-13,sample,inverse_variance,0.008888,0.007121,0.000079,0.000051,14.722587,0.083054,700.016345,3.956320,0.670520,0.063492,0.002083,0.000003
2024-08-13,sample,minimum_variance,0.006964,0.006133,0.000048,0.000038,4.994792,0.209951,700.016345,3.956320,0.670520,0.063492,0.002083,0.000003
2024-08-13,sample,risk_parity,0.008931,0.006958,0.000080,0.000048,16.000000,0.081653,700.016345,3.956320,0.670520,0.063492,0.002083,0.000003
2024-08-13,sample,hrp,0.008250,0.006461,0.000068,0.000042,13.859800,0.101345,700.016345,3.956320,0.670520,0.063492,0.002083,0.000003
2024-08-13,sample,max_diversification,0.007784,0.005972,0.000061,0.000036,7.926363,0.166034,700.016345,3.956320,0.670520,0.063492,0.002083,0.000003
2024-08-13,ledoit_wolf,equal_weight,0.010555,0.008770,0.000111,0.000077,14.213796,0.062500,700.016345,3.956320,0.670520,0.063492,0.002083,0.000003
2024-08-13,ledoit_wolf,inverse_variance,0.008846,0.007179,0.000078,0.000052,14.837362,0.081355,700.016345,3.956320,0.670520,0.063492,0.002083,0.000003
2024-08-13,ledoit_wolf,minimum_variance,0.006936,0.006125,0.000048,0.000038,4.997614,0.209058,700.016345,3.956320,0.670520,0.063492,0.002083,0.000003
2024-08-13,ledoit_wolf,risk_parity,0.008847,0.006982,0.000078,0.000049,16.000000,0.081000,700.016345,3.956320,0.670520,0.063492,0.002083,0.000003
2024-08-13,ledoit_wolf,hrp,0.008228,0.006635,0.000068,0.000044,13.806909,0.098438,700.016345,3.956320,0.670520,0.063492,0.002083,0.000003
2024-08-13,ledoit_wolf,max_diversification,0.007705,0.005986,0.000059,0.000036,7.972757,0.165097,700.016345,3.956320,0.670520,0.063492,0.002083,0.000003
2024-08-13,constant_corr,equal_weight,0.010673,0.008770,0.000114,0.000077,14.205287,0.062500,700.016345,3.956320,0.670520,0.063492,0.002083,0.000003
2024-08-13,constant_corr,inverse_variance,0.008871,0.007121,0.000079,0.000051,14.722587,0.083054,700.016345,3.956320,0.670520,0.063492,0.002083,0.000003
2024-08-13,constant_corr,minimum_variance,0.006950,0.006133,0.000048,0.000038,4.994795,0.209951,700.016345,3.956320,0.670520,0.063492,0.002083,0.000003
2024-08-13,constant_corr,risk_parity,0.008913,0.006958,0.000079,0.000048,16.000000,0.081653,700.016345,3.956320,0.670520,0.063492,0.002083,0.000003
2024-08-13,constant_corr,hrp,0.008233,0.006461,0.000068,0.000042,13.859800,0.101345,700.016345,3.956320,0.670520,0.063492,0.002083,0.000003
2024-08-13,constant_corr,max_diversification,0.007769,0.005972,0.000060,0.000036,7.926363,0.166034,700.016345,3.956320,0.670520,0.063492,0.002083,0.000003
2024-08-13,rmt_hard,equal_weight,0.010694,0.008770,0.000114,0.000077,14.205132,0.062500,700.016345,3.956320,0.670520,0.063492,0.002083,0.000003
2024-08-13,rmt_hard,inverse_variance,0.008850,0.007084,0.000078,0.000050,14.788374,0.083508,700.016345,3.956320,0.670520,0.063492,0.002083,0.000003
2024-08-13,rmt_hard,minimum_variance,0.006965,0.006127,0.000049,0.000038,4.969083,0.210578,700.016345,3.956320,0.670520,0.063492,0.002083,0.000003
2024-08-13,rmt_hard,risk_parity,0.008928,0.006954,0.000080,0.000048,16.000000,0.081757,700.016345,3.956320,0.670520,0.063492,0.002083,0.000003
2024-08-13,rmt_hard,hrp,0.008332,0.006533,0.000069,0.000043,14.151894,0.098075,700.016345,3.956320,0.670520,0.063492,0.002083,0.000003
2024-08-13,rmt_hard,max_diversification,0.007811,0.005956,0.000061,0.000035,7.825003,0.167306,700.016345,3.956320,0.670520,0.063492,0.002083,0.000003
2024-08-13,rmt_soft,equal_weight,0.010694,0.008770,0.000114,0.000077,14.205403,0.062500,700.016345,3.956320,0.670520,0.063492,0.002083,0.000003
2024-08-13,rmt_soft,inverse_variance,0.008874,0.007107,0.000079,0.000051,14.772637,0.083109,700.016345,3.956320,0.670520,0.063492,0.002083,0.000003
2024-08-13,rmt_soft,minimum_variance,0.006966,0.006133,0.000049,0.000038,4.990614,0.209940,700.016345,3.956320,0.670520,0.063492,0.002083,0.000003
2024-08-13,rmt_soft,risk_parity,0.008931,0.006958,0.000080,0.000048,16.000000,0.081664,700.016345,3.956320,0.670520,0.063492,0.002083,0.000003
2024-08-13,rmt_soft,hrp,0.008333,0.006534,0.000069,0.000043,14.160186,0.098060,700.016345,3.956320,0.670520,0.063492,0.002083,0.000003
2024-08-13,rmt_soft,max_diversification,0.007797,0.005976,0.000061,0.000036,7.918884,0.166058,700.016345,3.956320,0.670520,0.063492,0.002083,0.000003
2024-08-13,rmt_rie,equal_weight,0.010048,0.008770,0.000101,0.000077,14.202745,0.062500,700.016345,3.956320,0.670520,0.063492,0.002083,0.000003
2024-08-13,rmt_rie,inverse_variance,0.008349,0.007106,0.000070,0.000050,14.636319,0.083565,700.016345,3.956320,0.670520,0.063492,0.002083,0.000003
2024-08-13,rmt_rie,minimum_variance,0.006554,0.006141,0.000043,0.000038,5.078154,0.207523,700.016345,3.956320,0.670520,0.063492,0.002083,0.000003
2024-08-13,rmt_rie,risk_parity,0.008393,0.006962,0.000070,0.000048,16.000000,0.081540,700.016345,3.956320,0.670520,0.063492,0.002083,0.000003
2024-08-13,rmt_rie,hrp,0.007736,0.006441,0.000060,0.000041,13.847390,0.102031,700.016345,3.956320,0.670520,0.063492,0.002083,0.000003
2024-08-13,rmt_rie,max_diversification,0.007292,0.005997,0.000053,0.000036,8.154801,0.163440,700.016345,3.956320,0.670520,0.063492,0.002083,0.000003
2024-08-13,factor_model,equal_weight,0.010782,0.008770,0.000116,0.000077,14.187832,0.062500,700.016345,3.956320,0.670520,0.063492,0.002083,0.000003
2024-08-13,factor_model,inverse_variance,0.008889,0.007121,0.000079,0.000051,14.852401,0.083054,700.016345,3.956320,0.670520,0.063492,0.002083,0.000003
2024-08-13,factor_model,minimum_variance,0.006638,0.006109,0.000044,0.000037,5.177666,0.208258,700.016345,3.956320,0.670520,0.063492,0.002083,0.000003
2024-08-13,factor_model,risk_parity,0.008865,0.006876,0.000079,0.000047,16.000000,0.084086,700.016345,3.956320,0.670520,0.063492,0.002083,0.000003
2024-08-13,factor_model,hrp,0.008076,0.006419,0.000065,0.000041,13.844235,0.105918,700.016345,3.956320,0.670520,0.063492,0.002083,0.000003
2024-08-13,factor_model,max_diversification,0.007437,0.006228,0.000055,0.000039,5.960184,0.184011,700.016345,3.956320,0.670520,0.063492,0.002083,0.000003
2024-09-11,sample,equal_weight,0.010639,0.039844,0.000113,0.001588,14.091378,0.062500,705.511727,3.920180,0.673769,0.063492,0.002080,0.000003
2024-09-11,sample,inverse_variance,0.008830,0.036263,0.000078,0.001315,14.584418,0.082703,705.511727,3.920180,0.673769,0.063492,0.002080,0.000003
2024-09-11,sample,minimum_variance,0.006835,0.031159,0.000047,0.000971,4.980117,0.210646,705.511727,3.920180,0.673769,0.063492,0.002080,0.000003
2024-09-11,sample,risk_parity,0.008699,0.035263,0.000076,0.001244,16.000000,0.085364,705.511727,3.920180,0.673769,0.063492,0.002080,0.000003
2024-09-11,sample,hrp,0.008257,0.034379,0.000068,0.001182,13.587068,0.098059,705.511727,3.920180,0.673769,0.063492,0.002080,0.000003
2024-09-11,sample,max_diversification,0.007630,0.030570,0.000058,0.000935,7.953692,0.166179,705.511727,3.920180,0.673769,0.063492,0.002080,0.000003
2024-09-11,ledoit_wolf,equal_weight,0.010500,0.039844,0.000110,0.001588,14.100405,0.062500,705.511727,3.920180,0.673769,0.063492,0.002080,0.000003
2024-09-11,ledoit_wolf,inverse_variance,0.008787,0.036405,0.000077,0.001325,14.702911,0.081015,705.511727,3.920180,0.673769,0.063492,0.002080,0.000003
2024-09-11,ledoit_wolf,minimum_variance,0.006810,0.031184,0.000046,0.000972,4.986783,0.209646,705.511727,3.920180,0.673769,0.063492,0.002080,0.000003
2024-09-11,ledoit_wolf,risk_parity,0.008624,0.035331,0.000074,0.001248,16.000000,0.084492,705.511727,3.920180,0.673769,0.063492,0.002080,0.000003
2024-09-11,ledoit_wolf,hrp,0.008117,0.034152,0.000066,0.001166,14.106868,0.098955,705.511727,3.920180,0.673769,0.063492,0.002080,0.000003
2024-09-11,ledoit_wolf,max_diversification,0.007557,0.030561,0.000057,0.000934,8.009879,0.165107,705.511727,3.920180,0.673769,0.063492,0.002080,0.000003
2024-09-11,constant_corr,equal_weight,0.010618,0.039844,0.000113,0.001588,14.091378,0.062500,705.511727,3.920180,0.673769,0.063492,0.002080,0.000003
2024-09-11,constant_corr,inverse_variance,0.008813,0.036263,0.000078,0.001315,14.584418,0.082703,705.511727,3.920180,0.673769,0.063492,0.002080,0.000003
2024-09-11,constant_corr,minimum_variance,0.006821,0.031159,0.000047,0.000971,4.980142,0.210645,705.511727,3.920180,0.673769,0.063492,0.002080,0.000003
2024-09-11,constant_corr,risk_parity,0.008682,0.035263,0.000075,0.001244,16.000000,0.085364,705.511727,3.920180,0.673769,0.063492,0.002080,0.000003
2024-09-11,constant_corr,hrp,0.008241,0.034379,0.000068,0.001182,13.587068,0.098059,705.511727,3.920180,0.673769,0.063492,0.002080,0.000003
2024-09-11,constant_corr,max_diversification,0.007615,0.030570,0.000058,0.000935,7.953691,0.166179,705.511727,3.920180,0.673769,0.063492,0.002080,0.000003
2024-09-11,rmt_hard,equal_weight,0.010639,0.039844,0.000113,0.001588,14.090888,0.062500,705.511727,3.920180,0.673769,0.063492,0.002080,0.000003
2024-09-11,rmt_hard,inverse_variance,0.008794,0.036145,0.000077,0.001306,14.655525,0.083002,705.511727,3.920180,0.673769,0.063492,0.002080,0.000003
2024-09-11,rmt_hard,minimum_variance,0.006833,0.031162,0.000047,0.000971,4.933657,0.211779,705.511727,3.920180,0.673769,0.063492,0.002080,0.000003
2024-09-11,rmt_hard,risk_parity,0.008694,0.035253,0.000076,0.001243,16.000000,0.085553,705.511727,3.920180,0.673769,0.063492,0.002080,0.000003
2024-09-11,rmt_hard,hrp,0.008264,0.034446,0.000068,0.001187,13.743635,0.097057,705.511727,3.920180,0.673769,0.063492,0.002080,0.000003
2024-09-11,rmt_hard,max_diversification,0.007648,0.030534,0.000058,0.000932,7.844437,0.167498,705.511727,3.920180,0.673769,0.063492,0.002080,0.000003
2024-09-11,rmt_soft,equal_weight,0.010639,0.039844,0.000113,0.001588,14.091378,0.062500,705.511727,3.920180,0.673769,0.063492,0.002080,0.000003
2024-09-11,rmt_soft,inverse_variance,0.008815,0.036198,0.000078,0.001310,14.635579,0.082717,705.511727,3.920180,0.673769,0.063492,0.002080,0.000003
2024-09-11,rmt_soft,minimum_variance,0.006836,0.031157,0.000047,0.000971,4.973185,0.210720,705.511727,3.920180,0.673769,0.063492,0.002080,0.000003
2024-09-11,rmt_soft,risk_parity,0.008699,0.035261,0.000076,0.001243,16.000000,0.085391,705.511727,3.920180,0.673769,0.063492,0.002080,0.000003
2024-09-11,rmt_soft,hrp,0.008265,0.034444,0.000068,0.001186,13.734431,0.097088,705.511727,3.920180,0.673769,0.063492,0.002080,0.000003
2024-09-11,rmt_soft,max_diversification,0.007642,0.030533,0.000058,0.000932,7.949731,0.166160,705.511727,3.920180,0.673769,0.063492,0.002080,0.000003
2024-09-11,rmt_rie,equal_weight,0.009996,0.039844,0.000100,0.001588,14.088324,0.062500,705.511727,3.920180,0.673769,0.063492,0.002080,0.000003
2024-09-11,rmt_rie,inverse_variance,0.008289,0.036288,0.000069,0.001317,14.498324,0.083327,705.511727,3.920180,0.673769,0.063492,0.002080,0.000003
2024-09-11,rmt_rie,minimum_variance,0.006433,0.031230,0.000041,0.000975,5.089836,0.207527,705.511727,3.920180,0.673769,0.063492,0.002080,0.000003
2024-09-11,rmt_rie,risk_parity,0.008177,0.035275,0.000067,0.001244,16.000000,0.085149,705.511727,3.920180,0.673769,0.063492,0.002080,0.000003
2024-09-11,rmt_rie,hrp,0.007731,0.034323,0.000060,0.001178,13.544137,0.099101,705.511727,3.920180,0.673769,0.063492,0.002080,0.000003
2024-09-11,rmt_rie,max_diversification,0.007156,0.030517,0.000051,0.000931,8.221067,0.163453,705.511727,3.920180,0.673769,0.063492,0.002080,0.000003
2024-09-11,factor_model,equal_weight,0.010723,0.039844,0.000115,0.001588,14.072502,0.062500,705.511727,3.920180,0.673769,0.063492,0.002080,0.000003
2024-09-11,factor_model,inverse_variance,0.008823,0.036263,0.000078,0.001315,14.702719,0.082703,705.511727,3.920180,0.673769,0.063492,0.002080,0.000003
2024-09-11,factor_model,minimum_variance,0.006481,0.031765,0.000042,0.001009,5.153972,0.209053,705.511727,3.920180,0.673769,0.063492,0.002080,0.000003
2024-09-11,factor_model,risk_parity,0.008612,0.035101,0.000074,0.001232,16.000000,0.088230,705.511727,3.920180,0.673769,0.063492,0.002080,0.000003
2024-09-11,factor_model,hrp,0.008100,0.033889,0.000066,0.001148,13.770153,0.102506,705.511727,3.920180,0.673769,0.063492,0.002080,0.000003
2024-09-11,factor_model,max_diversification,0.007309,0.029965,0.000053,0.000898,6.483142,0.179592,705.511727,3.920180,0.673769,0.063492,0.002080,0.000003
2024-10-21,sample,equal_weight,0.015726,0.015479,0.000247,0.000240,14.471063,0.062500,872.641412,3.107113,0.739653,0.063492,0.004405,0.000005
2024-10-21,sample,inverse_variance,0.013472,0.012675,0.000181,0.000161,15.223803,0.078970,872.641412,3.107113,0.739653,0.063492,0.004405,0.000005
2024-10-21,sample,minimum_variance,0.010919,0.009172,0.000119,0.000084,4.789383,0.214290,872.641412,3.107113,0.739653,0.063492,0.004405,0.000005
2024-10-21,sample,risk_parity,0.013843,0.013172,0.000192,0.000174,16.000000,0.074052,872.641412,3.107113,0.739653,0.063492,0.004405,0.000005
2024-10-21,sample,hrp,0.013002,0.011890,0.000169,0.000141,14.482839,0.088286,872.641412,3.107113,0.739653,0.063492,0.004405,0.000005
2024-10-21,sample,max_diversification,0.011642,0.010915,0.000136,0.000119,4.724745,0.203517,872.641412,3.107113,0.739653,0.063492,0.004405,0.000005
2024-10-21,ledoit_wolf,equal_weight,0.015096,0.015479,0.000228,0.000240,14.494261,0.062500,872.641412,3.107113,0.739653,0.063492,0.004405,0.000005
2024-10-21,ledoit_wolf,inverse_variance,0.013198,0.012997,0.000174,0.000169,15.425698,0.075101,872.641412,3.107113,0.739653,0.063492,0.004405,0.000005
2024-10-21,ledoit_wolf,minimum_variance,0.010745,0.009278,0.000115,0.000086,4.994486,0.207890,872.641412,3.107113,0.739653,0.063492,0.004405,0.000005
2024-10-21,ledoit_wolf,risk_parity,0.013374,0.013252,0.000179,0.000176,16.000000,0.073120,872.641412,3.107113,0.739653,0.063492,0.004405,0.000005
2024-10-21,ledoit_wolf,hrp,0.012684,0.012489,0.000161,0.000156,15.001213,0.084177,872.641412,3.107113,0.739653,0.063492,0.004405,0.000005
2024-10-21,ledoit_wolf,max_diversification,0.011339,0.010913,0.000129,0.000119,4.833040,0.199973,872.641412,3.107113,0.739653,0.063492,0.004405,0.000005
2024-10-21,constant_corr,equal_weight,0.015695,0.015479,0.000246,0.000240,14.471063,0.062500,872.641412,3.107113,0.739653,0.063492,0.004405,0.000005
2024-10-21,constant_corr,inverse_variance,0.013445,0.012675,0.000181,0.000161,15.223803,0.078970,872.641412,3.107113,0.739653,0.063492,0.004405,0.000005
2024-10-21,constant_corr,minimum_variance,0.010897,0.009172,0.000119,0.000084,4.789383,0.214290,872.641412,3.107113,0.739653,0.063492,0.004405,0.000005
2024-10-21,constant_corr,risk_parity,0.013816,0.013172,0.000191,0.000174,16.000000,0.074052,872.641412,3.107113,0.739653,0.063492,0.004405,0.000005
2024-10-21,constant_corr,hrp,0.012976,0.011890,0.000168,0.000141,14.482839,0.088286,872.641412,3.107113,0.739653,0.063492,0.004405,0.000005
2024-10-21,constant_corr,max_diversification,0.011619,0.010915,0.000135,0.000119,4.724745,0.203517,872.641412,3.107113,0.739653,0.063492,0.004405,0.000005
2024-10-21,rmt_hard,equal_weight,0.015727,0.015479,0.000247,0.000240,14.468277,0.062500,872.641412,3.107113,0.739653,0.063492,0.004405,0.000005
2024-10-21,rmt_hard,inverse_variance,0.013422,0.012618,0.000180,0.000159,15.264924,0.079549,872.641412,3.107113,0.739653,0.063492,0.004405,0.000005
2024-10-21,rmt_hard,minimum_variance,0.010904,0.009071,0.000119,0.000082,4.837695,0.212681,872.641412,3.107113,0.739653,0.063492,0.004405,0.000005
2024-10-21,rmt_hard,risk_parity,0.013841,0.013170,0.000192,0.000173,16.000000,0.074068,872.641412,3.107113,0.739653,0.063492,0.004405,0.000005
2024-10-21,rmt_hard,hrp,0.012701,0.012053,0.000161,0.000145,14.254778,0.097073,872.641412,3.107113,0.739653,0.063492,0.004405,0.000005
2024-10-21,rmt_hard,max_diversification,0.011648,0.010940,0.000136,0.000120,4.694561,0.204088,872.641412,3.107113,0.739653,0.063492,0.004405,0.000005
2024-10-21,rmt_soft,equal_weight,0.015727,0.015479,0.000247,0.000240,14.468449,0.062500,872.641412,3.107113,0.739653,0.063492,0.004405,0.000005
2024-10-21,rmt_soft,inverse_variance,0.013436,0.012628,0.000181,0.000159,15.248471,0.079361,872.641412,3.107113,0.739653,0.063492,0.004405,0.000005
2024-10-21,rmt_soft,minimum_variance,0.010932,0.009097,0.000120,0.000083,4.817831,0.213371,872.641412,3.107113,0.739653,0.063492,0.004405,0.000005
2024-10-21,rmt_soft,risk_parity,0.013844,0.013172,0.000192,0.000174,16.000000,0.074046,872.641412,3.107113,0.739653,0.063492,0.004405,0.000005
2024-10-21,rmt_soft,hrp,0.012983,0.012262,0.000169,0.000150,14.751155,0.088166,872.641412,3.107113,0.739653,0.063492,0.004405,0.000005
2024-10-21,rmt_soft,max_diversification,0.011699,0.010925,0.000137,0.000119,4.699746,0.203629,872.641412,3.107113,0.739653,0.063492,0.004405,0.000005
2024-10-21,rmt_rie,equal_weight,0.014780,0.015479,0.000218,0.000240,14.470152,0.062500,872.641412,3.107113,0.739653,0.063492,0.004405,0.000005
2024-10-21,rmt_rie,inverse_variance,0.012652,0.012654,0.000160,0.000160,15.201862,0.079263,872.641412,3.107113,0.739653,0.063492,0.004405,0.000005
2024-10-21,rmt_rie,minimum_variance,0.010294,0.009217,0.000106,0.000085,4.683976,0.217740,872.641412,3.107113,0.739653,0.063492,0.004405,0.000005
2024-10-21,rmt_rie,risk_parity,0.013014,0.013175,0.000169,0.000174,16.000000,0.074014,872.641412,3.107113,0.739653,0.063492,0.004405,0.000005
2024-10-21,rmt_rie,hrp,0.012207,0.011865,0.000149,0.000141,14.452597,0.088651,872.641412,3.107113,0.739653,0.063492,0.004405,0.000005
2024-10-21,rmt_rie,max_diversification,0.011010,0.011022,0.000121,0.000121,4.686168,0.202493,872.641412,3.107113,0.739653,0.063492,0.004405,0.000005
2024-10-21,factor_model,equal_weight,0.015820,0.015479,0.000250,0.000240,14.482500,0.062500,872.641412,3.107113,0.739653,0.063492,0.004405,0.000005
2024-10-21,factor_model,inverse_variance,0.013546,0.012675,0.000183,0.000161,15.247949,0.078970,872.641412,3.107113,0.739653,0.063492,0.004405,0.000005
2024-10-21,factor_model,minimum_variance,0.010711,0.009458,0.000115,0.000089,4.668300,0.218749,872.641412,3.107113,0.739653,0.063492,0.004405,0.000005
2024-10-21,factor_model,risk_parity,0.013900,0.013157,0.000193,0.000173,16.000000,0.074438,872.641412,3.107113,0.739653,0.063492,0.004405,0.000005
2024-10-21,factor_model,hrp,0.012949,0.012116,0.000168,0.000147,14.708009,0.090949,872.641412,3.107113,0.739653,0.063492,0.004405,0.000005
2024-10-21,factor_model,max_diversification,0.011422,0.011371,0.000130,0.000129,4.589969,0.207819,872.641412,3.107113,0.739653,0.063492,0.004405,0.000005
2024-11-19,sample,equal_weight,0.016120,0.013249,0.000260,0.000176,14.429760,0.062500,894.661636,3.178930,0.731639,0.063492,0.004643,0.000005
2024-11-19,sample,inverse_variance,0.013637,0.011647,0.000186,0.000136,15.114933,0.081277,894.661636,3.178930,0.731639,0.063492,0.004643,0.000005
2024-11-19,sample,minimum_variance,0.011038,0.009982,0.000122,0.000100,4.728595,0.216164,894.661636,3.178930,0.731639,0.063492,0.004643,0.000005
2024-11-19,sample,risk_parity,0.014093,0.011980,0.000199,0.000144,16.000000,0.074970,894.661636,3.178930,0.731639,0.063492,0.004643,0.000005
2024-11-19,sample,hrp,0.013189,0.011379,0.000174,0.000129,14.471033,0.090227,894.661636,3.178930,0.731639,0.063492,0.004643,0.000005
2024-11-19,sample,max_diversification,0.011929,0.010705,0.000142,0.000115,4.585749,0.203444,894.661636,3.178930,0.731639,0.063492,0.004643,0.000005
2024-11-19,ledoit_wolf,equal_weight,0.015532,0.013249,0.000241,0.000176,14.451458,0.062500,894.661636,3.178930,0.731639,0.063492,0.004643,0.000005
2024-11-19,ledoit_wolf,inverse_variance,0.013419,0.011830,0.000180,0.000140,15.344600,0.077032,894.661636,3.178930,0.731639,0.063492,0.004643,0.000005
2024-11-19,ledoit_wolf,minimum_variance,0.010891,0.009999,0.000119,0.000100,4.784105,0.214467,894.661636,3.178930,0.731639,0.063492,0.004643,0.000005
2024-11-19,ledoit_wolf,risk_parity,0.013668,0.012024,0.000187,0.000145,16.000000,0.073998,894.661636,3.178930,0.731639,0.063492,0.004643,0.000005
2024-11-19,ledoit_wolf,hrp,0.012788,0.011415,0.000164,0.000130,14.461595,0.090857,894.661636,3.178930,0.731639,0.063492,0.004643,0.000005
2024-11-19,ledoit_wolf,max_diversification,0.011599,0.010654,0.000135,0.000114,4.962858,0.197743,894.661636,3.178930,0.731639,0.063492,0.004643,0.000005
2024-11-19,constant_corr,equal_weight,0.016088,0.013249,0.000259,0.000176,14.429760,0.062500,894.661636,3.178930,0.731639,0.063492,0.004643,0.000005
2024-11-19,constant_corr,inverse_variance,0.013610,0.011647,0.000185,0.000136,15.114933,0.081277,894.661636,3.178930,0.731639,0.063492,0.004643,0.000005
2024-11-19,constant_corr,minimum_variance,0.011016,0.009982,0.000121,0.000100,4.728595,0.216164,894.661636,3.178930,0.731639,0.063492,0.004643,0.000005
2024-11-19,constant_corr,risk_parity,0.014065,0.011980,0.000198,0.000144,16.000000,0.074970,894.661636,3.178930,0.731639,0.063492,0.004643,0.000005
2024-11-19,constant_corr,hrp,0.013163,0.011379,0.000173,0.000129,14.471033,0.090227,894.661636,3.178930,0.731639,0.063492,0.004643,0.000005
2024-11-19,constant_corr,max_diversification,0.011906,0.010705,0.000142,0.000115,4.585749,0.203444,894.661636,3.178930,0.731639,0.063492,0.004643,0.000005
2024-11-19,rmt_hard,equal_weight,0.016121,0.013249,0.000260,0.000176,14.426650,0.062500,894.661636,3.178930,0.731639,0.063492,0.004643,0.000005
2024-11-19,rmt_hard,inverse_variance,0.013586,0.011625,0.000185,0.000135,15.140986,0.081992,894.661636,3.178930,0.731639,0.063492,0.004643,0.000005
2024-11-19,rmt_hard,minimum_variance,0.011023,0.010056,0.000122,0.000101,4.691199,0.217215,894.661636,3.178930,0.731639,0.063492,0.004643,0.000005
2024-11-19,rmt_hard,risk_parity,0.014091,0.011980,0.000199,0.000144,16.000000,0.074995,894.661636,3.178930,0.731639,0.063492,0.004643,0.000005
2024-11-19,rmt_hard,hrp,0.013168,0.011414,0.000173,0.000130,14.577728,0.090716,894.661636,3.178930,0.731639,0.063492,0.004643,0.000005
2024-11-19,rmt_hard,max_diversification,0.011932,0.010751,0.000142,0.000116,4.533335,0.204445,894.661636,3.178930,0.731639,0.063492,0.004643,0.000005
2024-11-19,rmt_soft,equal_weight,0.016121,0.013249,0.000260,0.000176,14.427141,0.062500,894.661636,3.178930,0.731639,0.063492,0.004643,0.000005
2024-11-19,rmt_soft,inverse_variance,0.013597,0.011628,0.000185,0.000135,15.129549,0.081786,894.661636,3.178930,0.731639,0.063492,0.004643,0.000005
2024-11-19,rmt_soft,minimum_variance,0.011049,0.010011,0.000122,0.000100,4.705783,0.216844,894.661636,3.178930,0.731639,0.063492,0.004643,0.000005
2024-11-19,rmt_soft,risk_parity,0.014094,0.011980,0.000199,0.000144,16.000000,0.074963,894.661636,3.178930,0.731639,0.063492,0.004643,0.000005
2024-11-19,rmt_soft,hrp,0.013051,0.011300,0.000170,0.000128,14.228436,0.094647,894.661636,3.178930,0.731639,0.063492,0.004643,0.000005
2024-11-19,rmt_soft,max_diversification,0.011980,0.010717,0.000144,0.000115,4.583249,0.203033,894.661636,3.178930,0.731639,0.063492,0.004643,0.000005
2024-11-19,rmt_rie,equal_weight,0.015150,0.013249,0.000230,0.000176,14.428697,0.062500,894.661636,3.178930,0.731639,0.063492,0.004643,0.000005
2024-11-19,rmt_rie,inverse_variance,0.012816,0.011639,0.000164,0.000135,15.099214,0.081392,894.661636,3.178930,0.731639,0.063492,0.004643,0.000005
2024-11-19,rmt_rie,minimum_variance,0.010408,0.009922,0.000108,0.000098,4.680434,0.217769,894.661636,3.178930,0.731639,0.063492,0.004643,0.000005
2024-11-19,rmt_rie,risk_parity,0.013249,0.011983,0.000176,0.000144,16.000000,0.074912,894.661636,3.178930,0.731639,0.063492,0.004643,0.000005
2024-11-19,rmt_rie,hrp,0.012240,0.011215,0.000150,0.000126,14.211972,0.095353,894.661636,3.178930,0.731639,0.063492,0.004643,0.000005
2024-11-19,rmt_rie,max_diversification,0.011222,0.010674,0.000126,0.000114,4.806010,0.199335,894.661636,3.178930,0.731639,0.063492,0.004643,0.000005
2024-11-19,factor_model,equal_weight,0.016221,0.013249,0.000263,0.000176,14.437501,0.062500,894.661636,3.178930,0.731639,0.063492,0.004643,0.000005
2024-11-19,factor_model,inverse_variance,0.013727,0.011647,0.000188,0.000136,15.125927,0.081277,894.661636,3.178930,0.731639,0.063492,0.004643,0.000005
2024-11-19,factor_model,minimum_variance,0.010993,0.009887,0.000121,0.000098,4.636288,0.219238,894.661636,3.178930,0.731639,0.063492,0.004643,0.000005
2024-11-19,factor_model,risk_parity,0.014183,0.011972,0.000201,0.000143,16.000000,0.075011,894.661636,3.178930,0.731639,0.063492,0.004643,0.000005
2024-11-19,factor_model,hrp,0.013033,0.011170,0.000170,0.000125,14.141514,0.098259,894.661636,3.178930,0.731639,0.063492,0.004643,0.000005
2024-11-19,factor_model,max_diversification,0.012019,0.010790,0.000144,0.000116,4.566494,0.206607,894.661636,3.178930,0.731639,0.063492,0.004643,0.000005
2024-12-18,sample,equal_weight,0.016423,0.012686,0.000270,0.000161,14.480659,0.062500,885.082279,3.123429,0.737624,0.063492,0.004801,0.000005
2024-12-18,sample,inverse_variance,0.013956,0.011184,0.000195,0.000125,15.139490,0.080862,885.082279,3.123429,0.737624,0.063492,0.004801,0.000005
2024-12-18,sample,minimum_variance,0.011318,0.010560,0.000128,0.000112,4.678598,0.217850,885.082279,3.123429,0.737624,0.063492,0.004801,0.000005
2024-12-18,sample,risk_parity,0.014422,0.011581,0.000208,0.000134,16.000000,0.074550,885.082279,3.123429,0.737624,0.063492,0.004801,0.000005
2024-12-18,sample,hrp,0.013514,0.010937,0.000183,0.000120,14.519759,0.089558,885.082279,3.123429,0.737624,0.063492,0.004801,0.000005
2024-12-18,sample,max_diversification,0.012259,0.011401,0.000150,0.000130,4.600996,0.203334,885.082279,3.123429,0.737624,0.063492,0.004801,0.000005
2024-12-18,ledoit_wolf,equal_weight,0.015859,0.012686,0.000252,0.000161,14.500100,0.062500,885.082279,3.123429,0.737624,0.063492,0.004801,0.000005
2024-12-18,ledoit_wolf,inverse_variance,0.013738,0.011323,0.000189,0.000128,15.353140,0.076953,885.082279,3.123429,0.737624,0.063492,0.004801,0.000005
2024-12-18,ledoit_wolf,minimum_variance,0.011171,0.010620,0.000125,0.000113,4.761151,0.215205,885.082279,3.123429,0.737624,0.063492,0.004801,0.000005
2024-12-18,ledoit_wolf,risk_parity,0.014008,0.011609,0.000196,0.000135,16.000000,0.073687,885.082279,3.123429,0.737624,0.063492,0.004801,0.000005
2024-12-18,ledoit_wolf,hrp,0.013238,0.011141,0.000175,0.000124,14.898864,0.086139,885.082279,3.123429,0.737624,0.063492,0.004801,0.000005
2024-12-18,ledoit_wolf,max_diversification,0.011924,0.011245,0.000142,0.000126,4.972875,0.197480,885.082279,3.123429,0.737624,0.063492,0.004801,0.000005
2024-12-18,constant_corr,equal_weight,0.016390,0.012686,0.000269,0.000161,14.480659,0.062500,885.082279,3.123429,0.737624,0.063492,0.004801,0.000005
2024-12-18,constant_corr,inverse_variance,0.013928,0.011184,0.000194,0.000125,15.139490,0.080862,885.082279,3.123429,0.737624,0.063492,0.004801,0.000005
2024-12-18,constant_corr,minimum_variance,0.011295,0.010560,0.000128,0.000112,4.678598,0.217850,885.082279,3.123429,0.737624,0.063492,0.004801,0.000005
2024-12-18,constant_corr,risk_parity,0.014393,0.011581,0.000207,0.000134,16.000000,0.074550,885.082279,3.123429,0.737624,0.063492,0.004801,0.000005
2024-12-18,constant_corr,hrp,0.013487,0.010937,0.000182,0.000120,14.519759,0.089558,885.082279,3.123429,0.737624,0.063492,0.004801,0.000005
2024-12-18,constant_corr,max_diversification,0.012235,0.011401,0.000150,0.000130,4.600996,0.203334,885.082279,3.123429,0.737624,0.063492,0.004801,0.000005
2024-12-18,rmt_hard,equal_weight,0.016424,0.012686,0.000270,0.000161,14.477668,0.062500,885.082279,3.123429,0.737624,0.063492,0.004801,0.000005
2024-12-18,rmt_hard,inverse_variance,0.013908,0.011150,0.000193,0.000124,15.159906,0.081530,885.082279,3.123429,0.737624,0.063492,0.004801,0.000005
2024-12-18,rmt_hard,minimum_variance,0.011307,0.010677,0.000128,0.000114,4.684105,0.217514,885.082279,3.123429,0.737624,0.063492,0.004801,0.000005
2024-12-18,rmt_hard,risk_parity,0.014420,0.011581,0.000208,0.000134,16.000000,0.074571,885.082279,3.123429,0.737624,0.063492,0.004801,0.000005
2024-12-18,rmt_hard,hrp,0.013236,0.011055,0.000175,0.000122,14.191453,0.098127,885.082279,3.123429,0.737624,0.063492,0.004801,0.000005
2024-12-18,rmt_hard,max_diversification,0.012260,0.011546,0.000150,0.000133,4.558327,0.203975,885.082279,3.123429,0.737624,0.063492,0.004801,0.000005
2024-12-18,rmt_soft,equal_weight,0.016424,0.012686,0.000270,0.000161,14.478143,0.062500,885.082279,3.123429,0.737624,0.063492,0.004801,0.000005
2024-12-18,rmt_soft,inverse_variance,0.013917,0.011160,0.000194,0.000125,15.152977,0.081337,885.082279,3.123429,0.737624,0.063492,0.004801,0.000005
2024-12-18,rmt_soft,minimum_variance,0.011329,0.010608,0.000128,0.000113,4.679849,0.217742,885.082279,3.123429,0.737624,0.063492,0.004801,0.000005
2024-12-18,rmt_soft,risk_parity,0.014422,0.011581,0.000208,0.000134,16.000000,0.074544,885.082279,3.123429,0.737624,0.063492,0.004801,0.000005
2024-12-18,rmt_soft,hrp,0.013478,0.011045,0.000182,0.000122,14.611973,0.090330,885.082279,3.123429,0.737624,0.063492,0.004801,0.000005
2024-12-18,rmt_soft,max_diversification,0.012304,0.011428,0.000151,0.000131,4.603079,0.202877,885.082279,3.123429,0.737624,0.063492,0.004801,0.000005
2024-12-18,rmt_rie,equal_weight,0.015435,0.012686,0.000238,0.000161,14.479807,0.062500,885.082279,3.123429,0.737624,0.063492,0.004801,0.000005
2024-12-18,rmt_rie,inverse_variance,0.013113,0.011186,0.000172,0.000125,15.123880,0.081014,885.082279,3.123429,0.737624,0.063492,0.004801,0.000005
2024-12-18,rmt_rie,minimum_variance,0.010668,0.010474,0.000114,0.000110,4.602625,0.220463,885.082279,3.123429,0.737624,0.063492,0.004801,0.000005
2024-12-18,rmt_rie,risk_parity,0.013558,0.011581,0.000184,0.000134,16.000000,0.074500,885.082279,3.123429,0.737624,0.063492,0.004801,0.000005
2024-12-18,rmt_rie,hrp,0.012693,0.010948,0.000161,0.000120,14.461097,0.090090,885.082279,3.123429,0.737624,0.063492,0.004801,0.000005
2024-12-18,rmt_rie,max_diversification,0.011533,0.011314,0.000133,0.000128,4.830916,0.198895,885.082279,3.123429,0.737624,0.063492,0.004801,0.000005
2024-12-18,factor_model,equal_weight,0.016524,0.012686,0.000273,0.000161,14.490111,0.062500,885.082279,3.123429,0.737624,0.063492,0.004801,0.000005
2024-12-18,factor_model,inverse_variance,0.014047,0.011184,0.000197,0.000125,15.150907,0.080862,885.082279,3.123429,0.737624,0.063492,0.004801,0.000005
2024-12-18,factor_model,minimum_variance,0.011279,0.010536,0.000127,0.000111,4.669602,0.218638,885.082279,3.123429,0.737624,0.063492,0.004801,0.000005
2024-12-18,factor_model,risk_parity,0.014515,0.011593,0.000211,0.000134,16.000000,0.074570,885.082279,3.123429,0.737624,0.063492,0.004801,0.000005
2024-12-18,factor_model,hrp,0.013372,0.010800,0.000179,0.000117,14.217672,0.096994,885.082279,3.123429,0.737624,0.063492,0.004801,0.000005
2024-12-18,factor_model,max_diversification,0.012392,0.011504,0.000154,0.000132,4.525557,0.207780,885.082279,3.123429,0.737624,0.063492,0.004801,0.000005
2025-01-17,sample,equal_weight,0.016586,0.008946,0.000275,0.000080,14.501505,0.062500,910.340324,3.113877,0.739113,0.063492,0.004890,0.000005
2025-01-17,sample,inverse_variance,0.014172,0.006643,0.000201,0.000044,15.147519,0.080073,910.340324,3.113877,0.739113,0.063492,0.004890,0.000005
2025-01-17,sample,minimum_variance,0.011532,0.005504,0.000133,0.000030,4.576345,0.221539,910.340324,3.113877,0.739113,0.063492,0.004890,0.000005
2025-01-17,sample,risk_parity,0.014621,0.007074,0.000214,0.000050,16.000000,0.074026,910.340324,3.113877,0.739113,0.063492,0.004890,0.000005
2025-01-17,sample,hrp,0.013739,0.006163,0.000189,0.000038,14.491910,0.087905,910.340324,3.113877,0.739113,0.063492,0.004890,0.000005
2025-01-17,sample,max_diversification,0.012408,0.006194,0.000154,0.000038,4.565296,0.203286,910.340324,3.113877,0.739113,0.063492,0.004890,0.000005
2025-01-17,ledoit_wolf,equal_weight,0.016035,0.008946,0.000257,0.000080,14.519953,0.062500,910.340324,3.113877,0.739113,0.063492,0.004890,0.000005
2025-01-17,ledoit_wolf,inverse_variance,0.013944,0.006842,0.000194,0.000047,15.351424,0.076513,910.340324,3.113877,0.739113,0.063492,0.004890,0.000005
2025-01-17,ledoit_wolf,minimum_variance,0.011384,0.005527,0.000130,0.000031,4.789853,0.214266,910.340324,3.113877,0.739113,0.063492,0.004890,0.000005
2025-01-17,ledoit_wolf,risk_parity,0.014210,0.007122,0.000202,0.000051,16.000000,0.073252,910.340324,3.113877,0.739113,0.063492,0.004890,0.000005
2025-01-17,ledoit_wolf,hrp,0.013337,0.006112,0.000178,0.000037,14.535312,0.088932,910.340324,3.113877,0.739113,0.063492,0.004890,0.000005
2025-01-17,ledoit_wolf,max_diversification,0.012083,0.006041,0.000146,0.000036,4.953010,0.197072,910.340324,3.113877,0.739113,0.063492,0.004890,0.000005
2025-01-17,constant_corr,equal_weight,0.016553,0.008946,0.000274,0.000080,14.501505,0.062500,910.340324,3.113877,0.739113,0.063492,0.004890,0.000005
2025-01-17,constant_corr,inverse_variance,0.014144,0.006643,0.000200,0.000044,15.147519,0.080073,910.340324,3.113877,0.739113,0.063492,0.004890,0.000005
2025-01-17,constant_corr,minimum_variance,0.011509,0.005504,0.000132,0.000030,4.576350,0.221539,910.340324,3.113877,0.739113,0.063492,0.004890,0.000005
2025-01-17,constant_corr,risk_parity,0.014592,0.007074,0.000213,0.000050,16.000000,0.074026,910.340324,3.113877,0.739113,0.063492,0.004890,0.000005
2025-01-17,constant_corr,hrp,0.013712,0.006163,0.000188,0.000038,14.491910,0.087905,910.340324,3.113877,0.739113,0.063492,0.004890,0.000005
2025-01-17,constant_corr,max_diversification,0.012383,0.006194,0.000153,0.000038,4.565296,0.203286,910.340324,3.113877,0.739113,0.063492,0.004890,0.000005
2025-01-17,rmt_hard,equal_weight,0.016587,0.008946,0.000275,0.000080,14.498859,0.062500,910.340324,3.113877,0.739113,0.063492,0.004890,0.000005
2025-01-17,rmt_hard,inverse_variance,0.014132,0.006601,0.000200,0.000044,15.180930,0.080602,910.340324,3.113877,0.739113,0.063492,0.004890,0.000005
2025-01-17,rmt_hard,minimum_variance,0.011539,0.005537,0.000133,0.000031,4.647070,0.218962,910.340324,3.113877,0.739113,0.063492,0.004890,0.000005
2025-01-17,rmt_hard,risk_parity,0.014619,0.007074,0.000214,0.000050,16.000000,0.074040,910.340324,3.113877,0.739113,0.063492,0.004890,0.000005
2025-01-17,rmt_hard,hrp,0.013720,0.006188,0.000188,0.000038,14.579683,0.088506,910.340324,3.113877,0.739113,0.063492,0.004890,0.000005
2025-01-17,rmt_hard,max_diversification,0.012422,0.006277,0.000154,0.000039,4.564578,0.202909,910.340324,3.113877,0.739113,0.063492,0.004890,0.000005
2025-01-17,rmt_soft,equal_weight,0.016587,0.008946,0.000275,0.000080,14.499137,0.062500,910.340324,3.113877,0.739113,0.063492,0.004890,0.000005
2025-01-17,rmt_soft,inverse_variance,0.014134,0.006605,0.000200,0.000044,15.163994,0.080524,910.340324,3.113877,0.739113,0.063492,0.004890,0.000005
2025-01-17,rmt_soft,minimum_variance,0.011547,0.005527,0.000133,0.000031,4.616681,0.220040,910.340324,3.113877,0.739113,0.063492,0.004890,0.000005
2025-01-17,rmt_soft,risk_parity,0.014621,0.007074,0.000214,0.000050,16.000000,0.074022,910.340324,3.113877,0.739113,0.063492,0.004890,0.000005
2025-01-17,rmt_soft,hrp,0.013618,0.006023,0.000185,0.000036,14.357329,0.091333,910.340324,3.113877,0.739113,0.063492,0.004890,0.000005
2025-01-17,rmt_soft,max_diversification,0.012453,0.006210,0.000155,0.000039,4.612833,0.201981,910.340324,3.113877,0.739113,0.063492,0.004890,0.000005
2025-01-17,rmt_rie,equal_weight,0.015589,0.008946,0.000243,0.000080,14.500983,0.062500,910.340324,3.113877,0.739113,0.063492,0.004890,0.000005
2025-01-17,rmt_rie,inverse_variance,0.013315,0.006630,0.000177,0.000044,15.130140,0.080436,910.340324,3.113877,0.739113,0.063492,0.004890,0.000005
2025-01-17,rmt_rie,minimum_variance,0.010883,0.005485,0.000118,0.000030,4.589437,0.221643,910.340324,3.113877,0.739113,0.063492,0.004890,0.000005
2025-01-17,rmt_rie,risk_parity,0.013744,0.007075,0.000189,0.000050,16.000000,0.073992,910.340324,3.113877,0.739113,0.063492,0.004890,0.000005
2025-01-17,rmt_rie,hrp,0.012764,0.006041,0.000163,0.000036,14.327096,0.093099,910.340324,3.113877,0.739113,0.063492,0.004890,0.000005
2025-01-17,rmt_rie,max_diversification,0.011572,0.006107,0.000134,0.000037,4.878344,0.198411,910.340324,3.113877,0.739113,0.063492,0.004890,0.000005
2025-01-17,factor_model,equal_weight,0.016690,0.008946,0.000279,0.000080,14.516830,0.062500,910.340324,3.113877,0.739113,0.063492,0.004890,0.000005
2025-01-17,factor_model,inverse_variance,0.014265,0.006643,0.000203,0.000044,15.166640,0.080073,910.340324,3.113877,0.739113,0.063492,0.004890,0.000005
2025-01-17,factor_model,minimum_variance,0.011449,0.005471,0.000131,0.000030,4.793998,0.215258,910.340324,3.113877,0.739113,0.063492,0.004890,0.000005
2025-01-17,factor_model,risk_parity,0.014718,0.007088,0.000217,0.000050,16.000000,0.074083,910.340324,3.113877,0.739113,0.063492,0.004890,0.000005
2025-01-17,factor_model,hrp,0.013868,0.006246,0.000192,0.000039,14.738506,0.087527,910.340324,3.113877,0.739113,0.063492,0.004890,0.000005
2025-01-17,factor_model,max_diversification,0.012586,0.006596,0.000158,0.000044,4.521201,0.206167,910.340324,3.113877,0.739113,0.063492,0.004890,0.000005
2025-02-25,sample,equal_weight,0.016261,0.010274,0.000264,0.000106,14.423147,0.062500,997.023807,3.143675,0.734389,0.063492,0.004730,0.000005
2025-02-25,sample,inverse_variance,0.013868,0.008749,0.000192,0.000077,15.099086,0.079985,997.023807,3.143675,0.734389,0.063492,0.004730,0.000005
2025-02-25,sample,minimum_variance,0.011259,0.007862,0.000127,0.000062,4.672377,0.218286,997.023807,3.143675,0.734389,0.063492,0.004730,0.000005
2025-02-25,sample,risk_parity,0.014259,0.009065,0.000203,0.000082,16.000000,0.074409,997.023807,3.143675,0.734389,0.063492,0.004730,0.000005
2025-02-25,sample,hrp,0.013242,0.008372,0.000175,0.000070,14.164869,0.092131,997.023807,3.143675,0.734389,0.063492,0.004730,0.000005
2025-02-25,sample,max_diversification,0.011968,0.008369,0.000143,0.000070,4.461494,0.205686,997.023807,3.143675,0.734389,0.063492,0.004730,0.000005
2025-02-25,ledoit_wolf,equal_weight,0.015700,0.010274,0.000246,0.000106,14.443587,0.062500,997.023807,3.143675,0.734389,0.063492,0.004730,0.000005
2025-02-25,ledoit_wolf,inverse_variance,0.013636,0.008909,0.000186,0.000079,15.312660,0.076319,997.023807,3.143675,0.734389,0.063492,0.004730,0.000005
2025-02-25,ledoit_wolf,minimum_variance,0.011107,0.007860,0.000123,0.000062,5.032856,0.206830,997.023807,3.143675,0.734389,0.063492,0.004730,0.000005
2025-02-25,ledoit_wolf,risk_parity,0.013846,0.009101,0.000192,0.000083,16.000000,0.073573,997.023807,3.143675,0.734389,0.063492,0.004730,0.000005
2025-02-25,ledoit_wolf,hrp,0.013156,0.008543,0.000173,0.000073,14.706353,0.084366,997.023807,3.143675,0.734389,0.063492,0.004730,0.000005
2025-02-25,ledoit_wolf,max_diversification,0.011697,0.008333,0.000137,0.000069,4.701627,0.201460,997.023807,3.143675,0.734389,0.063492,0.004730,0.000005
2025-02-25,constant_corr,equal_weight,0.016229,0.010274,0.000263,0.000106,14.423147,0.062500,997.023807,3.143675,0.734389,0.063492,0.004730,0.000005
2025-02-25,constant_corr,inverse_variance,0.013840,0.008749,0.000192,0.000077,15.099086,0.079985,997.023807,3.143675,0.734389,0.063492,0.004730,0.000005
2025-02-25,constant_corr,minimum_variance,0.011237,0.007862,0.000126,0.000062,4.672378,0.218286,997.023807,3.143675,0.734389,0.063492,0.004730,0.000005
2025-02-25,constant_corr,risk_parity,0.014230,0.009065,0.000203,0.000082,16.000000,0.074409,997.023807,3.143675,0.734389,0.063492,0.004730,0.000005
2025-02-25,constant_corr,hrp,0.013216,0.008372,0.000175,0.000070,14.164869,0.092131,997.023807,3.143675,0.734389,0.063492,0.004730,0.000005
2025-02-25,constant_corr,max_diversification,0.011944,0.008369,0.000143,0.000070,4.461494,0.205686,997.023807,3.143675,0.734389,0.063492,0.004730,0.000005
2025-02-25,rmt_hard,equal_weight,0.016263,0.010274,0.000264,0.000106,14.420331,0.062500,997.023807,3.143675,0.734389,0.063492,0.004730,0.000005
2025-02-25,rmt_hard,inverse_variance,0.013825,0.008709,0.000191,0.000076,15.127168,0.080603,997.023807,3.143675,0.734389,0.063492,0.004730,0.000005
2025-02-25,rmt_hard,minimum_variance,0.011265,0.007926,0.000127,0.000063,4.743566,0.215869,997.023807,3.143675,0.734389,0.063492,0.004730,0.000005
2025-02-25,rmt_hard,risk_parity,0.014258,0.009066,0.000203,0.000082,16.000000,0.074416,997.023807,3.143675,0.734389,0.063492,0.004730,0.000005
2025-02-25,rmt_hard,hrp,0.013383,0.008480,0.000179,0.000072,14.456569,0.088314,997.023807,3.143675,0.734389,0.063492,0.004730,0.000005
2025-02-25,rmt_hard,max_diversification,0.012002,0.008352,0.000144,0.000070,4.479084,0.204816,997.023807,3.143675,0.734389,0.063492,0.004730,0.000005
2025-02-25,rmt_soft,equal_weight,0.016263,0.010274,0.000264,0.000106,14.420603,0.062500,997.023807,3.143675,0.734389,0.063492,0.004730,0.000005
2025-02-25,rmt_soft,inverse_variance,0.013829,0.008719,0.000191,0.000076,15.119419,0.080444,997.023807,3.143675,0.734389,0.063492,0.004730,0.000005
2025-02-25,rmt_soft,minimum_variance,0.011274,0.007901,0.000127,0.000062,4.719387,0.216672,997.023807,3.143675,0.734389,0.063492,0.004730,0.000005
2025-02-25,rmt_soft,risk_parity,0.014259,0.009065,0.000203,0.000082,16.000000,0.074403,997.023807,3.143675,0.734389,0.063492,0.004730,0.000005
2025-02-25,rmt_soft,hrp,0.013390,0.008471,0.000179,0.000072,14.513037,0.088051,997.023807,3.143675,0.734389,0.063492,0.004730,0.000005
2025-02-25,rmt_soft,max_diversification,0.012029,0.008348,0.000145,0.000070,4.462853,0.204975,997.023807,3.143675,0.734389,0.063492,0.004730,0.000005
2025-02-25,rmt_rie,equal_weight,0.015283,0.010274,0.000234,0.000106,14.422533,0.062500,997.023807,3.143675,0.734389,0.063492,0.004730,0.000005
2025-02-25,rmt_rie,inverse_variance,0.013029,0.008751,0.000170,0.000077,15.088657,0.080109,997.023807,3.143675,0.734389,0.063492,0.004730,0.000005
2025-02-25,rmt_rie,minimum_variance,0.010609,0.007797,0.000113,0.000061,4.593655,0.221036,997.023807,3.143675,0.734389,0.063492,0.004730,0.000005
2025-02-25,rmt_rie,risk_parity,0.013404,0.009066,0.000180,0.000082,16.000000,0.074374,997.023807,3.143675,0.734389,0.063492,0.004730,0.000005
2025-02-25,rmt_rie,hrp,0.012550,0.008418,0.000157,0.000071,14.291230,0.089678,997.023807,3.143675,0.734389,0.063492,0.004730,0.000005
2025-02-25,rmt_rie,max_diversification,0.011287,0.008363,0.000127,0.000070,4.537948,0.203224,997.023807,3.143675,0.734389,0.063492,0.004730,0.000005
2025-02-25,factor_model,equal_weight,0.016364,0.010274,0.000268,0.000106,14.440234,0.062500,997.023807,3.143675,0.734389,0.063492,0.004730,0.000005
2025-02-25,factor_model,inverse_variance,0.013960,0.008749,0.000195,0.000077,15.119911,0.079985,997.023807,3.143675,0.734389,0.063492,0.004730,0.000005
2025-02-25,factor_model,minimum_variance,0.011158,0.007827,0.000125,0.000061,4.685651,0.218554,997.023807,3.143675,0.734389,0.063492,0.004730,0.000005
2025-02-25,factor_model,risk_parity,0.014356,0.009060,0.000206,0.000082,16.000000,0.074471,997.023807,3.143675,0.734389,0.063492,0.004730,0.000005
2025-02-25,factor_model,hrp,0.013552,0.008423,0.000184,0.000071,14.686980,0.087686,997.023807,3.143675,0.734389,0.063492,0.004730,0.000005
2025-02-25,factor_model,max_diversification,0.012168,0.008323,0.000148,0.000069,4.537762,0.205623,997.023807,3.143675,0.734389,0.063492,0.004730,0.000005
2025-03-26,sample,equal_weight,0.015819,0.020264,0.000250,0.000411,14.431799,0.062500,972.588667,3.158008,0.730806,0.063492,0.004473,0.000005
2025-03-26,sample,inverse_variance,0.013556,0.018120,0.000184,0.000328,15.085462,0.079490,972.588667,3.158008,0.730806,0.063492,0.004473,0.000005
2025-03-26,sample,minimum_variance,0.011119,0.015714,0.000124,0.000247,5.072718,0.206090,972.588667,3.158008,0.730806,0.063492,0.004473,0.000005
2025-03-26,sample,risk_parity,0.013946,0.018417,0.000194,0.000339,16.000000,0.073574,972.588667,3.158008,0.730806,0.063492,0.004473,0.000005
2025-03-26,sample,hrp,0.012901,0.017608,0.000166,0.000310,14.038407,0.094412,972.588667,3.158008,0.730806,0.063492,0.004473,0.000005
2025-03-26,sample,max_diversification,0.011690,0.016614,0.000137,0.000276,4.565875,0.206991,972.588667,3.158008,0.730806,0.063492,0.004473,0.000005
2025-03-26,ledoit_wolf,equal_weight,0.015216,0.020264,0.000232,0.000411,14.454628,0.062500,972.588667,3.158008,0.730806,0.063492,0.004473,0.000005
2025-03-26,ledoit_wolf,inverse_variance,0.013292,0.018366,0.000177,0.000337,15.310947,0.075622,972.588667,3.158008,0.730806,0.063492,0.004473,0.000005
2025-03-26,ledoit_wolf,minimum_variance,0.010930,0.016031,0.000119,0.000257,5.507849,0.194301,972.588667,3.158008,0.730806,0.063492,0.004473,0.000005
2025-03-26,ledoit_wolf,risk_parity,0.013494,0.018483,0.000182,0.000342,16.000000,0.072751,972.588667,3.158008,0.730806,0.063492,0.004473,0.000005
2025-03-26,ledoit_wolf,hrp,0.012694,0.017497,0.000161,0.000306,14.517763,0.088373,972.588667,3.158008,0.730806,0.063492,0.004473,0.000005
2025-03-26,ledoit_wolf,max_diversification,0.011425,0.016575,0.000131,0.000275,4.635822,0.204544,972.588667,3.158008,0.730806,0.063492,0.004473,0.000005
2025-03-26,constant_corr,equal_weight,0.015788,0.020264,0.000249,0.000411,14.431799,0.062500,972.588667,3.158008,0.730806,0.063492,0.004473,0.000005
2025-03-26,constant_corr,inverse_variance,0.013529,0.018120,0.000183,0.000328,15.085462,0.079490,972.588667,3.158008,0.730806,0.063492,0.004473,0.000005
2025-03-26,constant_corr,minimum_variance,0.011097,0.015714,0.000123,0.000247,5.072718,0.206090,972.588667,3.158008,0.730806,0.063492,0.004473,0.000005
2025-03-26,constant_corr,risk_parity,0.013918,0.018417,0.000194,0.000339,16.000000,0.073574,972.588667,3.158008,0.730806,0.063492,0.004473,0.000005
2025-03-26,constant_corr,hrp,0.012875,0.017608,0.000166,0.000310,14.038407,0.094412,972.588667,3.158008,0.730806,0.063492,0.004473,0.000005
2025-03-26,constant_corr,max_diversification,0.011667,0.016614,0.000136,0.000276,4.565875,0.206991,972.588667,3.158008,0.730806,0.063492,0.004473,0.000005
2025-03-26,rmt_hard,equal_weight,0.015820,0.020264,0.000250,0.000411,14.430061,0.062500,972.588667,3.158008,0.730806,0.063492,0.004473,0.000005
2025-03-26,rmt_hard,inverse_variance,0.013497,0.018068,0.000182,0.000326,15.088172,0.080493,972.588667,3.158008,0.730806,0.063492,0.004473,0.000005
2025-03-26,rmt_hard,minimum_variance,0.011124,0.015845,0.000124,0.000251,5.213936,0.202330,972.588667,3.158008,0.730806,0.063492,0.004473,0.000005
2025-03-26,rmt_hard,risk_parity,0.013945,0.018416,0.000194,0.000339,16.000000,0.073579,972.588667,3.158008,0.730806,0.063492,0.004473,0.000005
2025-03-26,rmt_hard,hrp,0.013020,0.017142,0.000170,0.000294,14.311652,0.091425,972.588667,3.158008,0.730806,0.063492,0.004473,0.000005
2025-03-26,rmt_hard,max_diversification,0.011707,0.016565,0.000137,0.000274,4.586852,0.206860,972.588667,3.158008,0.730806,0.063492,0.004473,0.000005
2025-03-26,rmt_soft,equal_weight,0.015820,0.020264,0.000250,0.000411,14.430209,0.062500,972.588667,3.158008,0.730806,0.063492,0.004473,0.000005
2025-03-26,rmt_soft,inverse_variance,0.013525,0.018091,0.000183,0.000327,15.101296,0.079893,972.588667,3.158008,0.730806,0.063492,0.004473,0.000005
2025-03-26,rmt_soft,minimum_variance,0.011130,0.015833,0.000124,0.000251,5.190409,0.202924,972.588667,3.158008,0.730806,0.063492,0.004473,0.000005
2025-03-26,rmt_soft,risk_parity,0.013946,0.018417,0.000194,0.000339,16.000000,0.073571,972.588667,3.158008,0.730806,0.063492,0.004473,0.000005
2025-03-26,rmt_soft,hrp,0.013018,0.017140,0.000169,0.000294,14.341587,0.091171,972.588667,3.158008,0.730806,0.063492,0.004473,0.000005
2025-03-26,rmt_soft,max_diversification,0.011721,0.016591,0.000137,0.000275,4.561980,0.206812,972.588667,3.158008,0.730806,0.063492,0.004473,0.000005
2025-03-26,rmt_rie,equal_weight,0.014867,0.020264,0.000221,0.000411,14.430727,0.062500,972.588667,3.158008,0.730806,0.063492,0.004473,0.000005
2025-03-26,rmt_rie,inverse_variance,0.012739,0.018112,0.000162,0.000328,15.073479,0.079584,972.588667,3.158008,0.730806,0.063492,0.004473,0.000005
2025-03-26,rmt_rie,minimum_variance,0.010467,0.015573,0.000110,0.000243,4.928674,0.210225,972.588667,3.158008,0.730806,0.063492,0.004473,0.000005
2025-03-26,rmt_rie,risk_parity,0.013108,0.018417,0.000172,0.000339,16.000000,0.073556,972.588667,3.158008,0.730806,0.063492,0.004473,0.000005
2025-03-26,rmt_rie,hrp,0.012378,0.017614,0.000153,0.000310,14.626791,0.086213,972.588667,3.158008,0.730806,0.063492,0.004473,0.000005
2025-03-26,rmt_rie,max_diversification,0.011005,0.016458,0.000121,0.000271,4.556224,0.205520,972.588667,3.158008,0.730806,0.063492,0.004473,0.000005
2025-03-26,factor_model,equal_weight,0.015916,0.020264,0.000253,0.000411,14.445280,0.062500,972.588667,3.158008,0.730806,0.063492,0.004473,0.000005
2025-03-26,factor_model,inverse_variance,0.013640,0.018120,0.000186,0.000328,15.106680,0.079490,972.588667,3.158008,0.730806,0.063492,0.004473,0.000005
2025-03-26,factor_model,minimum_variance,0.011008,0.015430,0.000121,0.000238,4.800590,0.214684,972.588667,3.158008,0.730806,0.063492,0.004473,0.000005
2025-03-26,factor_model,risk_parity,0.014030,0.018427,0.000197,0.000340,16.000000,0.073693,972.588667,3.158008,0.730806,0.063492,0.004473,0.000005
2025-03-26,factor_model,hrp,0.013183,0.017707,0.000174,0.000314,14.645248,0.087947,972.588667,3.158008,0.730806,0.063492,0.004473,0.000005
2025-03-26,factor_model,max_diversification,0.011797,0.017310,0.000139,0.000300,4.491737,0.211018,972.588667,3.158008,0.730806,0.063492,0.004473,0.000005
2025-04-25,sample,equal_weight,0.016575,0.006667,0.000275,0.000044,14.564789,0.062500,1066.572543,3.030236,0.744544,0.063492,0.004861,0.000005
2025-04-25,sample,inverse_variance,0.014331,0.005662,0.000205,0.000032,15.136672,0.078869,1066.572543,3.030236,0.744544,0.063492,0.004861,0.000005
2025-04-25,sample,minimum_variance,0.011854,0.005029,0.000141,0.000025,4.879960,0.212369,1066.572543,3.030236,0.744544,0.063492,0.004861,0.000005
2025-04-25,sample,risk_parity,0.014753,0.005853,0.000218,0.000034,16.000000,0.072978,1066.572543,3.030236,0.744544,0.063492,0.004861,0.000005
2025-04-25,sample,hrp,0.013848,0.005377,0.000192,0.000029,14.548040,0.087461,1066.572543,3.030236,0.744544,0.063492,0.004861,0.000005
2025-04-25,sample,max_diversification,0.012441,0.004778,0.000155,0.000023,4.565383,0.208538,1066.572543,3.030236,0.744544,0.063492,0.004861,0.000005
2025-04-25,ledoit_wolf,equal_weight,0.015948,0.006667,0.000254,0.000044,14.585031,0.062500,1066.572543,3.030236,0.744544,0.063492,0.004861,0.000005
2025-04-25,ledoit_wolf,inverse_variance,0.014040,0.005758,0.000197,0.000033,15.353337,0.075190,1066.572543,3.030236,0.744544,0.063492,0.004861,0.000005
2025-04-25,ledoit_wolf,minimum_variance,0.011648,0.004967,0.000136,0.000025,5.359697,0.197751,1066.572543,3.030236,0.744544,0.063492,0.004861,0.000005
2025-04-25,ledoit_wolf,risk_parity,0.014271,0.005874,0.000204,0.000035,16.000000,0.072197,1066.572543,3.030236,0.744544,0.063492,0.004861,0.000005
2025-04-25,ledoit_wolf,hrp,0.013405,0.005561,0.000180,0.000031,14.534975,0.087595,1066.572543,3.030236,0.744544,0.063492,0.004861,0.000005
2025-04-25,ledoit_wolf,max_diversification,0.012151,0.004772,0.000148,0.000023,4.634548,0.205486,1066.572543,3.030236,0.744544,0.063492,0.004861,0.000005
2025-04-25,constant_corr,equal_weight,0.016542,0.006667,0.000274,0.000044,14.564789,0.062500,1066.572543,3.030236,0.744544,0.063492,0.004861,0.000005
2025-04-25,constant_corr,inverse_variance,0.014303,0.005662,0.000205,0.000032,15.136672,0.078869,1066.572543,3.030236,0.744544,0.063492,0.004861,0.000005
2025-04-25,constant_corr,minimum_variance,0.011831,0.005029,0.000140,0.000025,4.879959,0.212369,1066.572543,3.030236,0.744544,0.063492,0.004861,0.000005
2025-04-25,constant_corr,risk_parity,0.014723,0.005853,0.000217,0.000034,16.000000,0.072978,1066.572543,3.030236,0.744544,0.063492,0.004861,0.000005
2025-04-25,constant_corr,hrp,0.013820,0.005377,0.000191,0.000029,14.548040,0.087461,1066.572543,3.030236,0.744544,0.063492,0.004861,0.000005
2025-04-25,constant_corr,max_diversification,0.012417,0.004778,0.000154,0.000023,4.565383,0.208538,1066.572543,3.030236,0.744544,0.063492,0.004861,0.000005
2025-04-25,rmt_hard,equal_weight,0.016575,0.006667,0.000275,0.000044,14.563621,0.062500,1066.572543,3.030236,0.744544,0.063492,0.004861,0.000005
2025-04-25,rmt_hard,inverse_variance,0.014283,0.005642,0.000204,0.000032,15.139482,0.079631,1066.572543,3.030236,0.744544,0.063492,0.004861,0.000005
2025-04-25,rmt_hard,minimum_variance,0.011861,0.005019,0.000141,0.000025,4.890692,0.211584,1066.572543,3.030236,0.744544,0.063492,0.004861,0.000005
2025-04-25,rmt_hard,risk_parity,0.014752,0.005852,0.000218,0.000034,16.000000,0.072988,1066.572543,3.030236,0.744544,0.063492,0.004861,0.000005
2025-04-25,rmt_hard,hrp,0.013729,0.005509,0.000188,0.000030,14.278486,0.091613,1066.572543,3.030236,0.744544,0.063492,0.004861,0.000005
2025-04-25,rmt_hard,max_diversification,0.012448,0.004793,0.000155,0.000023,4.567438,0.208982,1066.572543,3.030236,0.744544,0.063492,0.004861,0.000005
2025-04-25,rmt_soft,equal_weight,0.016576,0.006667,0.000275,0.000044,14.563596,0.062500,1066.572543,3.030236,0.744544,0.063492,0.004861,0.000005
2025-04-25,rmt_soft,inverse_variance,0.014303,0.005649,0.000205,0.000032,15.150762,0.079218,1066.572543,3.030236,0.744544,0.063492,0.004861,0.000005
2025-04-25,rmt_soft,minimum_variance,0.011869,0.005027,0.000141,0.000025,4.888824,0.211720,1066.572543,3.030236,0.744544,0.063492,0.004861,0.000005
2025-04-25,rmt_soft,risk_parity,0.014753,0.005853,0.000218,0.000034,16.000000,0.072976,1066.572543,3.030236,0.744544,0.063492,0.004861,0.000005
2025-04-25,rmt_soft,hrp,0.013728,0.005507,0.000188,0.000030,14.308758,0.091427,1066.572543,3.030236,0.744544,0.063492,0.004861,0.000005
2025-04-25,rmt_soft,max_diversification,0.012467,0.004784,0.000155,0.000023,4.553623,0.208698,1066.572543,3.030236,0.744544,0.063492,0.004861,0.000005
2025-04-25,rmt_rie,equal_weight,0.015579,0.006667,0.000243,0.000044,14.563542,0.062500,1066.572543,3.030236,0.744544,0.063492,0.004861,0.000005
2025-04-25,rmt_rie,inverse_variance,0.013459,0.005660,0.000181,0.000032,15.115988,0.079148,1066.572543,3.030236,0.744544,0.063492,0.004861,0.000005
2025-04-25,rmt_rie,minimum_variance,0.011154,0.005023,0.000124,0.000025,4.908045,0.211644,1066.572543,3.030236,0.744544,0.063492,0.004861,0.000005
2025-04-25,rmt_rie,risk_parity,0.013867,0.005853,0.000192,0.000034,16.000000,0.072970,1066.572543,3.030236,0.744544,0.063492,0.004861,0.000005
2025-04-25,rmt_rie,hrp,0.013051,0.005503,0.000170,0.000030,14.665391,0.086173,1066.572543,3.030236,0.744544,0.063492,0.004861,0.000005
2025-04-25,rmt_rie,max_diversification,0.011716,0.004756,0.000137,0.000023,4.552267,0.207332,1066.572543,3.030236,0.744544,0.063492,0.004861,0.000005
2025-04-25,factor_model,equal_weight,0.016670,0.006667,0.000278,0.000044,14.573615,0.062500,1066.572543,3.030236,0.744544,0.063492,0.004861,0.000005
2025-04-25,factor_model,inverse_variance,0.014414,0.005662,0.000208,0.000032,15.155842,0.078869,1066.572543,3.030236,0.744544,0.063492,0.004861,0.000005
2025-04-25,factor_model,minimum_variance,0.011755,0.005110,0.000138,0.000026,4.881188,0.213374,1066.572543,3.030236,0.744544,0.063492,0.004861,0.000005
2025-04-25,factor_model,risk_parity,0.014841,0.005858,0.000220,0.000034,16.000000,0.072986,1066.572543,3.030236,0.744544,0.063492,0.004861,0.000005
2025-04-25,factor_model,hrp,0.014025,0.005536,0.000197,0.000031,14.784963,0.086400,1066.572543,3.030236,0.744544,0.063492,0.004861,0.000005
2025-04-25,factor_model,max_diversification,0.012565,0.005074,0.000158,0.000026,4.593658,0.209215,1066.572543,3.030236,0.744544,0.063492,0.004861,0.000005
2025-05-29,sample,equal_weight,0.016352,0.007123,0.000267,0.000051,14.562484,0.062500,1063.754309,3.024337,0.744169,0.063492,0.004731,0.000004
2025-05-29,sample,inverse_variance,0.014175,0.006009,0.000201,0.000036,15.118773,0.078434,1063.754309,3.024337,0.744169,0.063492,0.004731,0.000004
2025-05-29,sample,minimum_variance,0.011718,0.005070,0.000137,0.000026,4.810861,0.214249,1063.754309,3.024337,0.744169,0.063492,0.004731,0.000004
2025-05-29,sample,risk_parity,0.014577,0.006229,0.000212,0.000039,16.000000,0.072704,1063.754309,3.024337,0.744169,0.063492,0.004731,0.000004
2025-05-29,sample,hrp,0.013712,0.005755,0.000188,0.000033,14.547698,0.086629,1063.754309,3.024337,0.744169,0.063492,0.004731,0.000004
2025-05-29,sample,max_diversification,0.012282,0.005031,0.000151,0.000025,4.627529,0.207693,1063.754309,3.024337,0.744169,0.063492,0.004731,0.000004
2025-05-29,ledoit_wolf,equal_weight,0.015699,0.007123,0.000246,0.000051,14.584006,0.062500,1063.754309,3.024337,0.744169,0.063492,0.004731,0.000004
2025-05-29,ledoit_wolf,inverse_variance,0.013860,0.006129,0.000192,0.000038,15.345824,0.074735,1063.754309,3.024337,0.744169,0.063492,0.004731,0.000004
2025-05-29,ledoit_wolf,minimum_variance,0.011500,0.004971,0.000132,0.000025,5.532330,0.193433,1063.754309,3.024337,0.744169,0.063492,0.004731,0.000004
2025-05-29,ledoit_wolf,risk_parity,0.014073,0.006254,0.000198,0.000039,16.000000,0.071914,1063.754309,3.024337,0.744169,0.063492,0.004731,0.000004
2025-05-29,ledoit_wolf,hrp,0.013322,0.005802,0.000177,0.000034,14.746095,0.084727,1063.754309,3.024337,0.744169,0.063492,0.004731,0.000004
2025-05-29,ledoit_wolf,max_diversification,0.011979,0.005039,0.000143,0.000025,4.646308,0.205458,1063.754309,3.024337,0.744169,0.063492,0.004731,0.000004
2025-05-29,constant_corr,equal_weight,0.016319,0.007123,0.000266,0.000051,14.562484,0.062500,1063.754309,3.024337,0.744169,0.063492,0.004731,0.000004
2025-05-29,constant_corr,inverse_variance,0.014147,0.006009,0.000200,0.000036,15.118773,0.078434,1063.754309,3.024337,0.744169,0.063492,0.004731,0.000004
2025-05-29,constant_corr,minimum_variance,0.011695,0.005070,0.000137,0.000026,4.810855,0.214249,1063.754309,3.024337,0.744169,0.063492,0.004731,0.000004
2025-05-29,constant_corr,risk_parity,0.014548,0.006229,0.000212,0.000039,16.000000,0.072704,1063.754309,3.024337,0.744169,0.063492,0.004731,0.000004
2025-05-29,constant_corr,hrp,0.013685,0.005755,0.000187,0.000033,14.547698,0.086629,1063.754309,3.024337,0.744169,0.063492,0.004731,0.000004
2025-05-29,constant_corr,max_diversification,0.012258,0.005031,0.000150,0.000025,4.627529,0.207693,1063.754309,3.024337,0.744169,0.063492,0.004731,0.000004
2025-05-29,rmt_hard,equal_weight,0.016352,0.007123,0.000267,0.000051,14.561170,0.062500,1063.754309,3.024337,0.744169,0.063492,0.004731,0.000004
2025-05-29,rmt_hard,inverse_variance,0.014131,0.006001,0.000200,0.000036,15.123594,0.079132,1063.754309,3.024337,0.744169,0.063492,0.004731,0.000004
2025-05-29,rmt_hard,minimum_variance,0.011719,0.005067,0.000137,0.000026,4.820162,0.213442,1063.754309,3.024337,0.744169,0.063492,0.004731,0.000004
2025-05-29,rmt_hard,risk_parity,0.014576,0.006228,0.000212,0.000039,16.000000,0.072718,1063.754309,3.024337,0.744169,0.063492,0.004731,0.000004
2025-05-29,rmt_hard,hrp,0.013766,0.005768,0.000190,0.000033,14.627585,0.085851,1063.754309,3.024337,0.744169,0.063492,0.004731,0.000004
2025-05-29,rmt_hard,max_diversification,0.012274,0.005065,0.000151,0.000026,4.638246,0.207719,1063.754309,3.024337,0.744169,0.063492,0.004731,0.000004
2025-05-29,rmt_soft,equal_weight,0.016352,0.007123,0.000267,0.000051,14.561215,0.062500,1063.754309,3.024337,0.744169,0.063492,0.004731,0.000004
2025-05-29,rmt_soft,inverse_variance,0.014148,0.005998,0.000200,0.000036,15.131596,0.078767,1063.754309,3.024337,0.744169,0.063492,0.004731,0.000004
2025-05-29,rmt_soft,minimum_variance,0.011732,0.005068,0.000138,0.000026,4.813810,0.213768,1063.754309,3.024337,0.744169,0.063492,0.004731,0.000004
2025-05-29,rmt_soft,risk_parity,0.014577,0.006229,0.000212,0.000039,16.000000,0.072702,1063.754309,3.024337,0.744169,0.063492,0.004731,0.000004
2025-05-29,rmt_soft,hrp,0.013708,0.005751,0.000188,0.000033,14.521197,0.086915,1063.754309,3.024337,0.744169,0.063492,0.004731,0.000004
2025-05-29,rmt_soft,max_diversification,0.012304,0.005042,0.000151,0.000025,4.615651,0.207791,1063.754309,3.024337,0.744169,0.063492,0.004731,0.000004
2025-05-29,rmt_rie,equal_weight,0.015369,0.007123,0.000236,0.000051,14.561215,0.062500,1063.754309,3.024337,0.744169,0.063492,0.004731,0.000004
2025-05-29,rmt_rie,inverse_variance,0.013314,0.006006,0.000177,0.000036,15.102515,0.078642,1063.754309,3.024337,0.744169,0.063492,0.004731,0.000004
2025-05-29,rmt_rie,minimum_variance,0.011027,0.005059,0.000122,0.000026,4.851344,0.213094,1063.754309,3.024337,0.744169,0.063492,0.004731,0.000004
2025-05-29,rmt_rie,risk_parity,0.013702,0.006230,0.000188,0.000039,16.000000,0.072693,1063.754309,3.024337,0.744169,0.063492,0.004731,0.000004
2025-05-29,rmt_rie,hrp,0.012862,0.005736,0.000165,0.000033,14.461048,0.087874,1063.754309,3.024337,0.744169,0.063492,0.004731,0.000004
2025-05-29,rmt_rie,max_diversification,0.011557,0.005034,0.000134,0.000025,4.618846,0.206539,1063.754309,3.024337,0.744169,0.063492,0.004731,0.000004
2025-05-29,factor_model,equal_weight,0.016442,0.007123,0.000270,0.000051,14.564473,0.062500,1063.754309,3.024337,0.744169,0.063492,0.004731,0.000004
2025-05-29,factor_model,inverse_variance,0.014250,0.006009,0.000203,0.000036,15.136315,0.078434,1063.754309,3.024337,0.744169,0.063492,0.004731,0.000004
2025-05-29,factor_model,minimum_variance,0.011601,0.005097,0.000135,0.000026,4.732864,0.217240,1063.754309,3.024337,0.744169,0.063492,0.004731,0.000004
2025-05-29,factor_model,risk_parity,0.014655,0.006226,0.000215,0.000039,16.000000,0.072726,1063.754309,3.024337,0.744169,0.063492,0.004731,0.000004
2025-05-29,factor_model,hrp,0.013769,0.005757,0.000190,0.000033,14.652320,0.087789,1063.754309,3.024337,0.744169,0.063492,0.004731,0.000004
2025-05-29,factor_model,max_diversification,0.012327,0.005098,0.000152,0.000026,4.704295,0.207115,1063.754309,3.024337,0.744169,0.063492,0.004731,0.000004
2025-06-30,sample,equal_weight,0.016343,0.005202,0.000267,0.000027,14.537262,0.062500,733.603560,2.978539,0.749798,0.063492,0.004733,0.000006
2025-06-30,sample,inverse_variance,0.014125,0.004033,0.000200,0.000016,15.127270,0.078713,733.603560,2.978539,0.749798,0.063492,0.004733,0.000006
2025-06-30,sample,minimum_variance,0.011662,0.003126,0.000136,0.000010,4.931065,0.210410,733.603560,2.978539,0.749798,0.063492,0.004733,0.000006
2025-06-30,sample,risk_parity,0.014524,0.004090,0.000211,0.000017,16.000000,0.073044,733.603560,2.978539,0.749798,0.063492,0.004733,0.000006
2025-06-30,sample,hrp,0.013575,0.003721,0.000184,0.000014,14.398512,0.089734,733.603560,2.978539,0.749798,0.063492,0.004733,0.000006
2025-06-30,sample,max_diversification,0.012131,0.003663,0.000147,0.000013,4.575379,0.209068,733.603560,2.978539,0.749798,0.063492,0.004733,0.000006
2025-06-30,ledoit_wolf,equal_weight,0.015693,0.005202,0.000246,0.000027,14.558880,0.062500,733.603560,2.978539,0.749798,0.063492,0.004733,0.000006
2025-06-30,ledoit_wolf,inverse_variance,0.013819,0.004160,0.000191,0.000017,15.354949,0.074915,733.603560,2.978539,0.749798,0.063492,0.004733,0.000006
2025-06-30,ledoit_wolf,minimum_variance,0.011435,0.003220,0.000131,0.000010,5.837509,0.186639,733.603560,2.978539,0.749798,0.063492,0.004733,0.000006
2025-06-30,ledoit_wolf,risk_parity,0.014026,0.004130,0.000197,0.000017,16.000000,0.072224,733.603560,2.978539,0.749798,0.063492,0.004733,0.000006
2025-06-30,ledoit_wolf,hrp,0.013384,0.003942,0.000179,0.000016,14.858946,0.082191,733.603560,2.978539,0.749798,0.063492,0.004733,0.000006
2025-06-30,ledoit_wolf,max_diversification,0.011851,0.003522,0.000140,0.000012,4.601181,0.206703,733.603560,2.978539,0.749798,0.063492,0.004733,0.000006
2025-06-30,constant_corr,equal_weight,0.016310,0.005202,0.000266,0.000027,14.537262,0.062500,733.603560,2.978539,0.749798,0.063492,0.004733,0.000006
2025-06-30,constant_corr,inverse_variance,0.014097,0.004033,0.000199,0.000016,15.127271,0.078713,733.603560,2.978539,0.749798,0.063492,0.004733,0.000006
2025-06-30,constant_corr,minimum_variance,0.011639,0.003126,0.000135,0.000010,4.931064,0.210410,733.603560,2.978539,0.749798,0.063492,0.004733,0.000006
2025-06-30,constant_corr,risk_parity,0.014495,0.004090,0.000210,0.000017,16.000000,0.073044,733.603560,2.978539,0.749798,0.063492,0.004733,0.000006
2025-06-30,constant_corr,hrp,0.013548,0.003721,0.000184,0.000014,14.398512,0.089734,733.603560,2.978539,0.749798,0.063492,0.004733,0.000006
2025-06-30,constant_corr,max_diversification,0.012107,0.003663,0.000147,0.000013,4.575379,0.209068,733.603560,2.978539,0.749798,0.063492,0.004733,0.000006
2025-06-30,rmt_hard,equal_weight,0.016343,0.005202,0.000267,0.000027,14.535989,0.062500,733.603560,2.978539,0.749798,0.063492,0.004733,0.000006
2025-06-30,rmt_hard,inverse_variance,0.014078,0.004014,0.000198,0.000016,15.126546,0.079506,733.603560,2.978539,0.749798,0.063492,0.004733,0.000006
2025-06-30,rmt_hard,minimum_variance,0.011662,0.003112,0.000136,0.000010,5.116004,0.204827,733.603560,2.978539,0.749798,0.063492,0.004733,0.000006
2025-06-30,rmt_hard,risk_parity,0.014522,0.004089,0.000211,0.000017,16.000000,0.073065,733.603560,2.978539,0.749798,0.063492,0.004733,0.000006
2025-06-30,rmt_hard,hrp,0.013637,0.003805,0.000186,0.000014,14.364096,0.089566,733.603560,2.978539,0.749798,0.063492,0.004733,0.000006
2025-06-30,rmt_hard,max_diversification,0.012125,0.003669,0.000147,0.000013,4.600701,0.208719,733.603560,2.978539,0.749798,0.063492,0.004733,0.000006
2025-06-30,rmt_soft,equal_weight,0.016343,0.005202,0.000267,0.000027,14.536038,0.062500,733.603560,2.978539,0.749798,0.063492,0.004733,0.000006
2025-06-30,rmt_soft,inverse_variance,0.014095,0.004021,0.000199,0.000016,15.128585,0.079128,733.603560,2.978539,0.749798,0.063492,0.004733,0.000006
2025-06-30,rmt_soft,minimum_variance,0.011676,0.003133,0.000136,0.000010,4.966226,0.209062,733.603560,2.978539,0.749798,0.063492,0.004733,0.000006
2025-06-30,rmt_soft,risk_parity,0.014524,0.004090,0.000211,0.000017,16.000000,0.073043,733.603560,2.978539,0.749798,0.063492,0.004733,0.000006
2025-06-30,rmt_soft,hrp,0.013629,0.003718,0.000186,0.000014,14.478838,0.087932,733.603560,2.978539,0.749798,0.063492,0.004733,0.000006
2025-06-30,rmt_soft,max_diversification,0.012158,0.003674,0.000148,0.000013,4.566263,0.209040,733.603560,2.978539,0.749798,0.063492,0.004733,0.000006
2025-06-30,rmt_rie,equal_weight,0.015361,0.005202,0.000236,0.000027,14.535517,0.062500,733.603560,2.978539,0.749798,0.063492,0.004733,0.000006
2025-06-30,rmt_rie,inverse_variance,0.013264,0.004008,0.000176,0.000016,15.109005,0.078990,733.603560,2.978539,0.749798,0.063492,0.004733,0.000006
2025-06-30,rmt_rie,minimum_variance,0.010981,0.003141,0.000121,0.000010,4.956987,0.209833,733.603560,2.978539,0.749798,0.063492,0.004733,0.000006
2025-06-30,rmt_rie,risk_parity,0.013653,0.004090,0.000186,0.000017,16.000000,0.073035,733.603560,2.978539,0.749798,0.063492,0.004733,0.000006
2025-06-30,rmt_rie,hrp,0.012746,0.003675,0.000162,0.000014,14.407249,0.090151,733.603560,2.978539,0.749798,0.063492,0.004733,0.000006
2025-06-30,rmt_rie,max_diversification,0.011495,0.003658,0.000132,0.000013,4.580422,0.207472,733.603560,2.978539,0.749798,0.063492,0.004733,0.000006
2025-06-30,factor_model,equal_weight,0.016429,0.005202,0.000270,0.000027,14.530547,0.062500,733.603560,2.978539,0.749798,0.063492,0.004733,0.000006
2025-06-30,factor_model,inverse_variance,0.014188,0.004033,0.000201,0.000016,15.148235,0.078713,733.603560,2.978539,0.749798,0.063492,0.004733,0.000006
2025-06-30,factor_model,minimum_variance,0.011495,0.003163,0.000132,0.000010,4.842995,0.213271,733.603560,2.978539,0.749798,0.063492,0.004733,0.000006
2025-06-30,factor_model,risk_parity,0.014581,0.004090,0.000213,0.000017,16.000000,0.073169,733.603560,2.978539,0.749798,0.063492,0.004733,0.000006
2025-06-30,factor_model,hrp,0.013788,0.003828,0.000190,0.000015,14.770094,0.086349,733.603560,2.978539,0.749798,0.063492,0.004733,0.000006
2025-06-30,factor_model,max_diversification,0.011973,0.003772,0.000143,0.000014,4.557562,0.209370,733.603560,2.978539,0.749798,0.063492,0.004733,0.000006
2025-07-29,sample,equal_weight,0.016184,0.010767,0.000262,0.000116,14.529052,0.062500,722.471377,3.022525,0.745836,0.063492,0.004645,0.000006
2025-07-29,sample,inverse_variance,0.014002,0.008542,0.000196,0.000073,15.117599,0.078531,722.471377,3.022525,0.745836,0.063492,0.004645,0.000006
2025-07-29,sample,minimum_variance,0.011572,0.007159,0.000134,0.000051,4.875809,0.211896,722.471377,3.022525,0.745836,0.063492,0.004645,0.000006
2025-07-29,sample,risk_parity,0.014393,0.009072,0.000207,0.000082,16.000000,0.072879,722.471377,3.022525,0.745836,0.063492,0.004645,0.000006
2025-07-29,sample,hrp,0.013526,0.008160,0.000183,0.000067,14.524025,0.087170,722.471377,3.022525,0.745836,0.063492,0.004645,0.000006
2025-07-29,sample,max_diversification,0.012043,0.008968,0.000145,0.000080,4.635945,0.208590,722.471377,3.022525,0.745836,0.063492,0.004645,0.000006
2025-07-29,ledoit_wolf,equal_weight,0.015521,0.010767,0.000241,0.000116,14.551685,0.062500,722.471377,3.022525,0.745836,0.063492,0.004645,0.000006
2025-07-29,ledoit_wolf,inverse_variance,0.013684,0.008789,0.000187,0.000077,15.351790,0.074690,722.471377,3.022525,0.745836,0.063492,0.004645,0.000006
2025-07-29,ledoit_wolf,minimum_variance,0.011336,0.007171,0.000129,0.000051,5.921629,0.184933,722.471377,3.022525,0.745836,0.063492,0.004645,0.000006
2025-07-29,ledoit_wolf,risk_parity,0.013883,0.009128,0.000193,0.000083,16.000000,0.072054,722.471377,3.022525,0.745836,0.063492,0.004645,0.000006
2025-07-29,ledoit_wolf,hrp,0.013259,0.008294,0.000176,0.000069,14.870484,0.081809,722.471377,3.022525,0.745836,0.063492,0.004645,0.000006
2025-07-29,ledoit_wolf,max_diversification,0.011749,0.008883,0.000138,0.000079,4.674229,0.205473,722.471377,3.022525,0.745836,0.063492,0.004645,0.000006
2025-07-29,constant_corr,equal_weight,0.016152,0.010767,0.000261,0.000116,14.529052,0.062500,722.471377,3.022525,0.745836,0.063492,0.004645,0.000006
2025-07-29,constant_corr,inverse_variance,0.013974,0.008542,0.000195,0.000073,15.117599,0.078531,722.471377,3.022525,0.745836,0.063492,0.004645,0.000006
2025-07-29,constant_corr,minimum_variance,0.011549,0.007159,0.000133,0.000051,4.875805,0.211896,722.471377,3.022525,0.745836,0.063492,0.004645,0.000006
2025-07-29,constant_corr,risk_parity,0.014364,0.009072,0.000206,0.000082,16.000000,0.072879,722.471377,3.022525,0.745836,0.063492,0.004645,0.000006
2025-07-29,constant_corr,hrp,0.013499,0.008160,0.000182,0.000067,14.524025,0.087170,722.471377,3.022525,0.745836,0.063492,0.004645,0.000006
2025-07-29,constant_corr,max_diversification,0.012019,0.008968,0.000144,0.000080,4.635945,0.208590,722.471377,3.022525,0.745836,0.063492,0.004645,0.000006
2025-07-29,rmt_hard,equal_weight,0.016185,0.010767,0.000262,0.000116,14.527782,0.062500,722.471377,3.022525,0.745836,0.063492,0.004645,0.000006
2025-07-29,rmt_hard,inverse_variance,0.013963,0.008506,0.000195,0.000072,15.132076,0.079165,722.471377,3.022525,0.745836,0.063492,0.004645,0.000006
2025-07-29,rmt_hard,minimum_variance,0.011573,0.007163,0.000134,0.000051,5.369914,0.198359,722.471377,3.022525,0.745836,0.063492,0.004645,0.000006
2025-07-29,rmt_hard,risk_parity,0.014391,0.009071,0.000207,0.000082,16.000000,0.072899,722.471377,3.022525,0.745836,0.063492,0.004645,0.000006
2025-07-29,rmt_hard,hrp,0.013639,0.008074,0.000186,0.000065,14.641124,0.085472,722.471377,3.022525,0.745836,0.063492,0.004645,0.000006
2025-07-29,rmt_hard,max_diversification,0.012030,0.008973,0.000145,0.000081,4.636722,0.209150,722.471377,3.022525,0.745836,0.063492,0.004645,0.000006
2025-07-29,rmt_soft,equal_weight,0.016185,0.010767,0.000262,0.000116,14.527887,0.062500,722.471377,3.022525,0.745836,0.063492,0.004645,0.000006
2025-07-29,rmt_soft,inverse_variance,0.013973,0.008513,0.000195,0.000072,15.121886,0.078930,722.471377,3.022525,0.745836,0.063492,0.004645,0.000006
2025-07-29,rmt_soft,minimum_variance,0.011588,0.007118,0.000134,0.000051,5.141470,0.204175,722.471377,3.022525,0.745836,0.063492,0.004645,0.000006
2025-07-29,rmt_soft,risk_parity,0.014393,0.009072,0.000207,0.000082,16.000000,0.072877,722.471377,3.022525,0.745836,0.063492,0.004645,0.000006
2025-07-29,rmt_soft,hrp,0.013643,0.008089,0.000186,0.000065,14.670281,0.085352,722.471377,3.022525,0.745836,0.063492,0.004645,0.000006
2025-07-29,rmt_soft,max_diversification,0.012067,0.008971,0.000146,0.000080,4.616727,0.208832,722.471377,3.022525,0.745836,0.063492,0.004645,0.000006
2025-07-29,rmt_rie,equal_weight,0.015212,0.010767,0.000231,0.000116,14.527722,0.062500,722.471377,3.022525,0.745836,0.063492,0.004645,0.000006
2025-07-29,rmt_rie,inverse_variance,0.013132,0.008518,0.000172,0.000073,15.070629,0.079105,722.471377,3.022525,0.745836,0.063492,0.004645,0.000006
2025-07-29,rmt_rie,minimum_variance,0.010895,0.007106,0.000119,0.000050,4.906242,0.211097,722.471377,3.022525,0.745836,0.063492,0.004645,0.000006
2025-07-29,rmt_rie,risk_parity,0.013529,0.009072,0.000183,0.000082,16.000000,0.072864,722.471377,3.022525,0.745836,0.063492,0.004645,0.000006
2025-07-29,rmt_rie,hrp,0.012643,0.008057,0.000160,0.000065,14.377561,0.089828,722.471377,3.022525,0.745836,0.063492,0.004645,0.000006
2025-07-29,rmt_rie,max_diversification,0.011414,0.008930,0.000130,0.000080,4.678362,0.205211,722.471377,3.022525,0.745836,0.063492,0.004645,0.000006
2025-07-29,factor_model,equal_weight,0.016272,0.010767,0.000265,0.000116,14.525396,0.062500,722.471377,3.022525,0.745836,0.063492,0.004645,0.000006
2025-07-29,factor_model,inverse_variance,0.014071,0.008542,0.000198,0.000073,15.136917,0.078531,722.471377,3.022525,0.745836,0.063492,0.004645,0.000006
2025-07-29,factor_model,minimum_variance,0.011434,0.007497,0.000131,0.000056,4.782693,0.214883,722.471377,3.022525,0.745836,0.063492,0.004645,0.000006
2025-07-29,factor_model,risk_parity,0.014460,0.009080,0.000209,0.000082,16.000000,0.072943,722.471377,3.022525,0.745836,0.063492,0.004645,0.000006
2025-07-29,factor_model,hrp,0.013545,0.008104,0.000183,0.000066,14.407800,0.088524,722.471377,3.022525,0.745836,0.063492,0.004645,0.000006
2025-07-29,factor_model,max_diversification,0.011976,0.009168,0.000143,0.000084,4.810977,0.204691,722.471377,3.022525,0.745836,0.063492,0.004645,0.000006
2025-08-27,sample,equal_weight,0.016134,0.014450,0.000260,0.000209,14.491368,0.062500,679.797800,3.017860,0.744267,0.063492,0.004631,0.000007
2025-08-27,sample,inverse_variance,0.013919,0.011252,0.000194,0.000127,15.067966,0.078693,679.797800,3.017860,0.744267,0.063492,0.004631,0.000007
2025-08-27,sample,minimum_variance,0.011515,0.008604,0.000133,0.000074,5.531201,0.194382,679.797800,3.017860,0.744267,0.063492,0.004631,0.000007
2025-08-27,sample,risk_parity,0.014341,0.012013,0.000206,0.000144,16.000000,0.072676,679.797800,3.017860,0.744267,0.063492,0.004631,0.000007
2025-08-27,sample,hrp,0.013461,0.010595,0.000181,0.000112,14.456708,0.087013,679.797800,3.017860,0.744267,0.063492,0.004631,0.000007
2025-08-27,sample,max_diversification,0.012005,0.010701,0.000144,0.000115,4.558072,0.209872,679.797800,3.017860,0.744267,0.063492,0.004631,0.000007
2025-08-27,ledoit_wolf,equal_weight,0.015474,0.014450,0.000239,0.000209,14.514612,0.062500,679.797800,3.017860,0.744267,0.063492,0.004631,0.000007
2025-08-27,ledoit_wolf,inverse_variance,0.013605,0.011603,0.000185,0.000135,15.309705,0.074888,679.797800,3.017860,0.744267,0.063492,0.004631,0.000007
2025-08-27,ledoit_wolf,minimum_variance,0.011269,0.008537,0.000127,0.000073,6.060896,0.181846,679.797800,3.017860,0.744267,0.063492,0.004631,0.000007
2025-08-27,ledoit_wolf,risk_parity,0.013833,0.012090,0.000191,0.000146,16.000000,0.071888,679.797800,3.017860,0.744267,0.063492,0.004631,0.000007
2025-08-27,ledoit_wolf,hrp,0.013196,0.010875,0.000174,0.000118,14.825339,0.081690,679.797800,3.017860,0.744267,0.063492,0.004631,0.000007
2025-08-27,ledoit_wolf,max_diversification,0.011716,0.010642,0.000137,0.000113,4.586766,0.207217,679.797800,3.017860,0.744267,0.063492,0.004631,0.000007
2025-08-27,constant_corr,equal_weight,0.016102,0.014450,0.000259,0.000209,14.491368,0.062500,679.797800,3.017860,0.744267,0.063492,0.004631,0.000007
2025-08-27,constant_corr,inverse_variance,0.013892,0.011252,0.000193,0.000127,15.067966,0.078693,679.797800,3.017860,0.744267,0.063492,0.004631,0.000007
2025-08-27,constant_corr,minimum_variance,0.011492,0.008604,0.000132,0.000074,5.531201,0.194382,679.797800,3.017860,0.744267,0.063492,0.004631,0.000007
2025-08-27,constant_corr,risk_parity,0.014313,0.012013,0.000205,0.000144,16.000000,0.072676,679.797800,3.017860,0.744267,0.063492,0.004631,0.000007
2025-08-27,constant_corr,hrp,0.013434,0.010595,0.000180,0.000112,14.456708,0.087013,679.797800,3.017860,0.744267,0.063492,0.004631,0.000007
2025-08-27,constant_corr,max_diversification,0.011982,0.010701,0.000144,0.000115,4.558072,0.209872,679.797800,3.017860,0.744267,0.063492,0.004631,0.000007
2025-08-27,rmt_hard,equal_weight,0.016135,0.014450,0.000260,0.000209,14.490396,0.062500,679.797800,3.017860,0.744267,0.063492,0.004631,0.000007
2025-08-27,rmt_hard,inverse_variance,0.013880,0.011171,0.000193,0.000125,15.090209,0.079316,679.797800,3.017860,0.744267,0.063492,0.004631,0.000007
2025-08-27,rmt_hard,minimum_variance,0.011508,0.008583,0.000132,0.000074,5.874972,0.187046,679.797800,3.017860,0.744267,0.063492,0.004631,0.000007
2025-08-27,rmt_hard,risk_parity,0.014339,0.012013,0.000206,0.000144,16.000000,0.072695,679.797800,3.017860,0.744267,0.063492,0.004631,0.000007
2025-08-27,rmt_hard,hrp,0.013219,0.010487,0.000175,0.000110,14.232305,0.094558,679.797800,3.017860,0.744267,0.063492,0.004631,0.000007
2025-08-27,rmt_hard,max_diversification,0.011992,0.010728,0.000144,0.000115,4.588382,0.209182,679.797800,3.017860,0.744267,0.063492,0.004631,0.000007
2025-08-27,rmt_soft,equal_weight,0.016135,0.014450,0.000260,0.000209,14.490331,0.062500,679.797800,3.017860,0.744267,0.063492,0.004631,0.000007
2025-08-27,rmt_soft,inverse_variance,0.013889,0.011197,0.000193,0.000125,15.071186,0.079122,679.797800,3.017860,0.744267,0.063492,0.004631,0.000007
2025-08-27,rmt_soft,minimum_variance,0.011523,0.008543,0.000133,0.000073,5.741546,0.189744,679.797800,3.017860,0.744267,0.063492,0.004631,0.000007
2025-08-27,rmt_soft,risk_parity,0.014342,0.012013,0.000206,0.000144,16.000000,0.072675,679.797800,3.017860,0.744267,0.063492,0.004631,0.000007
2025-08-27,rmt_soft,hrp,0.013583,0.010545,0.000184,0.000111,14.717005,0.085226,679.797800,3.017860,0.744267,0.063492,0.004631,0.000007
2025-08-27,rmt_soft,max_diversification,0.012037,0.010712,0.000145,0.000115,4.549865,0.209585,679.797800,3.017860,0.744267,0.063492,0.004631,0.000007
2025-08-27,rmt_rie,equal_weight,0.015165,0.014450,0.000230,0.000209,14.489893,0.062500,679.797800,3.017860,0.744267,0.063492,0.004631,0.000007
2025-08-27,rmt_rie,inverse_variance,0.013068,0.011250,0.000171,0.000127,15.038820,0.079009,679.797800,3.017860,0.744267,0.063492,0.004631,0.000007
2025-08-27,rmt_rie,minimum_variance,0.010841,0.008562,0.000118,0.000073,5.413420,0.197118,679.797800,3.017860,0.744267,0.063492,0.004631,0.000007
2025-08-27,rmt_rie,risk_parity,0.013481,0.012013,0.000182,0.000144,16.000000,0.072657,679.797800,3.017860,0.744267,0.063492,0.004631,0.000007
2025-08-27,rmt_rie,hrp,0.012685,0.010572,0.000161,0.000112,14.552518,0.086368,679.797800,3.017860,0.744267,0.063492,0.004631,0.000007
2025-08-27,rmt_rie,max_diversification,0.011354,0.010703,0.000129,0.000115,4.577439,0.207675,679.797800,3.017860,0.744267,0.063492,0.004631,0.000007
2025-08-27,factor_model,equal_weight,0.016221,0.014450,0.000263,0.000209,14.485977,0.062500,679.797800,3.017860,0.744267,0.063492,0.004631,0.000007
2025-08-27,factor_model,inverse_variance,0.013988,0.011252,0.000196,0.000127,15.083241,0.078693,679.797800,3.017860,0.744267,0.063492,0.004631,0.000007
2025-08-27,factor_model,minimum_variance,0.011405,0.008874,0.000130,0.000079,5.035281,0.207200,679.797800,3.017860,0.744267,0.063492,0.004631,0.000007
2025-08-27,factor_model,risk_parity,0.014408,0.012034,0.000208,0.000145,16.000000,0.072723,679.797800,3.017860,0.744267,0.063492,0.004631,0.000007
2025-08-27,factor_model,hrp,0.013494,0.010519,0.000182,0.000111,14.353793,0.088048,679.797800,3.017860,0.744267,0.063492,0.004631,0.000007
2025-08-27,factor_model,max_diversification,0.011977,0.011150,0.000143,0.000124,4.708074,0.206768,679.797800,3.017860,0.744267,0.063492,0.004631,0.000007
2025-09-25,sample,equal_weight,0.016416,0.014060,0.000269,0.000198,14.407543,0.062500,690.915089,3.128186,0.731977,0.063492,0.004827,0.000007
2025-09-25,sample,inverse_variance,0.013967,0.010095,0.000195,0.000102,14.941765,0.080938,690.915089,3.128186,0.731977,0.063492,0.004827,0.000007
2025-09-25,sample,minimum_variance,0.011577,0.006237,0.000134,0.000039,5.928600,0.186001,690.915089,3.128186,0.731977,0.063492,0.004827,0.000007
2025-09-25,sample,risk_parity,0.014491,0.011079,0.000210,0.000123,16.000000,0.073303,690.915089,3.128186,0.731977,0.063492,0.004827,0.000007
2025-09-25,sample,hrp,0.013524,0.009054,0.000183,0.000082,14.249876,0.089192,690.915089,3.128186,0.731977,0.063492,0.004827,0.000007
2025-09-25,sample,max_diversification,0.012120,0.009198,0.000147,0.000085,4.388617,0.211161,690.915089,3.128186,0.731977,0.063492,0.004827,0.000007
2025-09-25,ledoit_wolf,equal_weight,0.015794,0.014060,0.000249,0.000198,14.430513,0.062500,690.915089,3.128186,0.731977,0.063492,0.004827,0.000007
2025-09-25,ledoit_wolf,inverse_variance,0.013710,0.010553,0.000188,0.000111,15.214326,0.076715,690.915089,3.128186,0.731977,0.063492,0.004827,0.000007
2025-09-25,ledoit_wolf,minimum_variance,0.011355,0.006318,0.000129,0.000040,6.142416,0.180527,690.915089,3.128186,0.731977,0.063492,0.004827,0.000007
2025-09-25,ledoit_wolf,risk_parity,0.014023,0.011177,0.000197,0.000125,16.000000,0.072493,690.915089,3.128186,0.731977,0.063492,0.004827,0.000007
2025-09-25,ledoit_wolf,hrp,0.013169,0.009251,0.000173,0.000086,14.444248,0.087594,690.915089,3.128186,0.731977,0.063492,0.004827,0.000007
2025-09-25,ledoit_wolf,max_diversification,0.011900,0.009161,0.000142,0.000084,4.400517,0.210947,690.915089,3.128186,0.731977,0.063492,0.004827,0.000007
2025-09-25,constant_corr,equal_weight,0.016383,0.014060,0.000268,0.000198,14.407543,0.062500,690.915089,3.128186,0.731977,0.063492,0.004827,0.000007
2025-09-25,constant_corr,inverse_variance,0.013940,0.010095,0.000194,0.000102,14.941765,0.080938,690.915089,3.128186,0.731977,0.063492,0.004827,0.000007
2025-09-25,constant_corr,minimum_variance,0.011554,0.006237,0.000133,0.000039,5.928600,0.186001,690.915089,3.128186,0.731977,0.063492,0.004827,0.000007
2025-09-25,constant_corr,risk_parity,0.014462,0.011079,0.000209,0.000123,16.000000,0.073303,690.915089,3.128186,0.731977,0.063492,0.004827,0.000007
2025-09-25,constant_corr,hrp,0.013498,0.009054,0.000182,0.000082,14.249876,0.089192,690.915089,3.128186,0.731977,0.063492,0.004827,0.000007
2025-09-25,constant_corr,max_diversification,0.012095,0.009198,0.000146,0.000085,4.388617,0.211161,690.915089,3.128186,0.731977,0.063492,0.004827,0.000007
2025-09-25,rmt_hard,equal_weight,0.016416,0.014060,0.000269,0.000198,14.407742,0.062500,690.915089,3.128186,0.731977,0.063492,0.004827,0.000007
2025-09-25,rmt_hard,inverse_variance,0.013915,0.009982,0.000194,0.000100,14.910083,0.081998,690.915089,3.128186,0.731977,0.063492,0.004827,0.000007
2025-09-25,rmt_hard,minimum_variance,0.011580,0.006207,0.000134,0.000039,5.945072,0.185769,690.915089,3.128186,0.731977,0.063492,0.004827,0.000007
2025-09-25,rmt_hard,risk_parity,0.014490,0.011079,0.000210,0.000123,16.000000,0.073309,690.915089,3.128186,0.731977,0.063492,0.004827,0.000007
2025-09-25,rmt_hard,hrp,0.013503,0.008930,0.000182,0.000080,14.160402,0.091069,690.915089,3.128186,0.731977,0.063492,0.004827,0.000007
2025-09-25,rmt_hard,max_diversification,0.012150,0.009247,0.000148,0.000086,4.392910,0.210639,690.915089,3.128186,0.731977,0.063492,0.004827,0.000007
2025-09-25,rmt_soft,equal_weight,0.016416,0.014060,0.000269,0.000198,14.406989,0.062500,690.915089,3.128186,0.731977,0.063492,0.004827,0.000007
2025-09-25,rmt_soft,inverse_variance,0.013941,0.010039,0.000194,0.000101,14.937851,0.081369,690.915089,3.128186,0.731977,0.063492,0.004827,0.000007
2025-09-25,rmt_soft,minimum_variance,0.011581,0.006205,0.000134,0.000039,5.948489,0.185646,690.915089,3.128186,0.731977,0.063492,0.004827,0.000007
2025-09-25,rmt_soft,risk_parity,0.014491,0.011079,0.000210,0.000123,16.000000,0.073304,690.915089,3.128186,0.731977,0.063492,0.004827,0.000007
2025-09-25,rmt_soft,hrp,0.013459,0.008957,0.000181,0.000080,14.132538,0.091823,690.915089,3.128186,0.731977,0.063492,0.004827,0.000007
2025-09-25,rmt_soft,max_diversification,0.012144,0.009210,0.000147,0.000085,4.381906,0.210927,690.915089,3.128186,0.731977,0.063492,0.004827,0.000007
2025-09-25,rmt_rie,equal_weight,0.015428,0.014060,0.000238,0.000198,14.406460,0.062500,690.915089,3.128186,0.731977,0.063492,0.004827,0.000007
2025-09-25,rmt_rie,inverse_variance,0.013114,0.010094,0.000172,0.000102,14.921900,0.081202,690.915089,3.128186,0.731977,0.063492,0.004827,0.000007
2025-09-25,rmt_rie,minimum_variance,0.010902,0.006222,0.000119,0.000039,5.850257,0.187483,690.915089,3.128186,0.731977,0.063492,0.004827,0.000007
2025-09-25,rmt_rie,risk_parity,0.013621,0.011078,0.000186,0.000123,16.000000,0.073283,690.915089,3.128186,0.731977,0.063492,0.004827,0.000007
2025-09-25,rmt_rie,hrp,0.012700,0.009053,0.000161,0.000082,14.261453,0.089369,690.915089,3.128186,0.731977,0.063492,0.004827,0.000007
2025-09-25,rmt_rie,max_diversification,0.011444,0.009105,0.000131,0.000083,4.363788,0.210343,690.915089,3.128186,0.731977,0.063492,0.004827,0.000007
2025-09-25,factor_model,equal_weight,0.016510,0.014060,0.000273,0.000198,14.409314,0.062500,690.915089,3.128186,0.731977,0.063492,0.004827,0.000007
2025-09-25,factor_model,inverse_variance,0.014045,0.010095,0.000197,0.000102,14.962166,0.080938,690.915089,3.128186,0.731977,0.063492,0.004827,0.000007
2025-09-25,factor_model,minimum_variance,0.011471,0.006513,0.000132,0.000042,4.737236,0.215688,690.915089,3.128186,0.731977,0.063492,0.004827,0.000007
2025-09-25,factor_model,risk_parity,0.014569,0.011097,0.000212,0.000123,16.000000,0.073347,690.915089,3.128186,0.731977,0.063492,0.004827,0.000007
2025-09-25,factor_model,hrp,0.013460,0.008904,0.000181,0.000079,14.368466,0.093539,690.915089,3.128186,0.731977,0.063492,0.004827,0.000007
2025-09-25,factor_model,max_diversification,0.012165,0.009545,0.000148,0.000091,4.512339,0.208375,690.915089,3.128186,0.731977,0.063492,0.004827,0.000007
2025-11-03,sample,equal_weight,0.012195,0.010702,0.000149,0.000115,13.828118,0.062500,551.660840,3.791803,0.674496,0.063492,0.002793,0.000005
2025-11-03,sample,inverse_variance,0.009668,0.008248,0.000093,0.000068,14.388698,0.088056,551.660840,3.791803,0.674496,0.063492,0.002793,0.000005
2025-11-03,sample,minimum_variance,0.007703,0.005800,0.000059,0.000034,5.210856,0.200448,551.660840,3.791803,0.674496,0.063492,0.002793,0.000005
2025-11-03,sample,risk_parity,0.009792,0.008428,0.000096,0.000071,16.000000,0.085978,551.660840,3.791803,0.674496,0.063492,0.002793,0.000005
2025-11-03,sample,hrp,0.009065,0.007485,0.000082,0.000056,13.009960,0.103870,551.660840,3.791803,0.674496,0.063492,0.002793,0.000005
2025-11-03,sample,max_diversification,0.008596,0.007894,0.000074,0.000062,6.749980,0.165443,551.660840,3.791803,0.674496,0.063492,0.002793,0.000005
2025-11-03,ledoit_wolf,equal_weight,0.011883,0.010702,0.000141,0.000115,13.850525,0.062500,551.660840,3.791803,0.674496,0.063492,0.002793,0.000005
2025-11-03,ledoit_wolf,inverse_variance,0.009628,0.008430,0.000093,0.000071,14.674130,0.083686,551.660840,3.791803,0.674496,0.063492,0.002793,0.000005
2025-11-03,ledoit_wolf,minimum_variance,0.007656,0.005809,0.000059,0.000034,5.620531,0.188559,551.660840,3.791803,0.674496,0.063492,0.002793,0.000005
2025-11-03,ledoit_wolf,risk_parity,0.009640,0.008496,0.000093,0.000072,16.000000,0.084058,551.660840,3.791803,0.674496,0.063492,0.002793,0.000005
2025-11-03,ledoit_wolf,hrp,0.008953,0.007659,0.000080,0.000059,13.336861,0.100158,551.660840,3.791803,0.674496,0.063492,0.002793,0.000005
2025-11-03,ledoit_wolf,max_diversification,0.008415,0.007720,0.000071,0.000060,7.194526,0.160992,551.660840,3.791803,0.674496,0.063492,0.002793,0.000005
2025-11-03,constant_corr,equal_weight,0.012171,0.010702,0.000148,0.000115,13.828118,0.062500,551.660840,3.791803,0.674496,0.063492,0.002793,0.000005
2025-11-03,constant_corr,inverse_variance,0.009648,0.008248,0.000093,0.000068,14.388698,0.088056,551.660840,3.791803,0.674496,0.063492,0.002793,0.000005
2025-11-03,constant_corr,minimum_variance,0.007687,0.005800,0.000059,0.000034,5.210888,0.200447,551.660840,3.791803,0.674496,0.063492,0.002793,0.000005
2025-11-03,constant_corr,risk_parity,0.009773,0.008428,0.000096,0.000071,16.000000,0.085978,551.660840,3.791803,0.674496,0.063492,0.002793,0.000005
2025-11-03,constant_corr,hrp,0.009047,0.007485,0.000082,0.000056,13.009960,0.103870,551.660840,3.791803,0.674496,0.063492,0.002793,0.000005
2025-11-03,constant_corr,max_diversification,0.008579,0.007894,0.000074,0.000062,6.749980,0.165443,551.660840,3.791803,0.674496,0.063492,0.002793,0.000005
2025-11-03,rmt_hard,equal_weight,0.012196,0.010702,0.000149,0.000115,13.824116,0.062500,551.660840,3.791803,0.674496,0.063492,0.002793,0.000005
2025-11-03,rmt_hard,inverse_variance,0.009569,0.008129,0.000092,0.000066,14.334559,0.090734,551.660840,3.791803,0.674496,0.063492,0.002793,0.000005
2025-11-03,rmt_hard,minimum_variance,0.007694,0.005809,0.000059,0.000034,5.351957,0.196399,551.660840,3.791803,0.674496,0.063492,0.002793,0.000005
2025-11-03,rmt_hard,risk_parity,0.009784,0.008422,0.000096,0.000071,16.000000,0.086195,551.660840,3.791803,0.674496,0.063492,0.002793,0.000005
2025-11-03,rmt_hard,hrp,0.008898,0.007290,0.000079,0.000053,12.651916,0.110646,551.660840,3.791803,0.674496,0.063492,0.002793,0.000005
2025-11-03,rmt_hard,max_diversification,0.008732,0.008052,0.000076,0.000065,6.597789,0.163077,551.660840,3.791803,0.674496,0.063492,0.002793,0.000005
2025-11-03,rmt_soft,equal_weight,0.012196,0.010702,0.000149,0.000115,13.825718,0.062500,551.660840,3.791803,0.674496,0.063492,0.002793,0.000005
2025-11-03,rmt_soft,inverse_variance,0.009620,0.008193,0.000093,0.000067,14.398572,0.088934,551.660840,3.791803,0.674496,0.063492,0.002793,0.000005
2025-11-03,rmt_soft,minimum_variance,0.007704,0.005794,0.000059,0.000034,5.330340,0.197079,551.660840,3.791803,0.674496,0.063492,0.002793,0.000005
2025-11-03,rmt_soft,risk_parity,0.009792,0.008427,0.000096,0.000071,16.000000,0.085993,551.660840,3.791803,0.674496,0.063492,0.002793,0.000005
2025-11-03,rmt_soft,hrp,0.008906,0.007248,0.000079,0.000053,12.551935,0.112548,551.660840,3.791803,0.674496,0.063492,0.002793,0.000005
2025-11-03,rmt_soft,max_diversification,0.008643,0.007918,0.000075,0.000063,6.736100,0.164435,551.660840,3.791803,0.674496,0.063492,0.002793,0.000005
2025-11-03,rmt_rie,equal_weight,0.011457,0.010702,0.000131,0.000115,13.828856,0.062500,551.660840,3.791803,0.674496,0.063492,0.002793,0.000005
2025-11-03,rmt_rie,inverse_variance,0.009092,0.008279,0.000083,0.000069,14.375524,0.087716,551.660840,3.791803,0.674496,0.063492,0.002793,0.000005
2025-11-03,rmt_rie,minimum_variance,0.007241,0.005786,0.000052,0.000033,5.200417,0.200852,551.660840,3.791803,0.674496,0.063492,0.002793,0.000005
2025-11-03,rmt_rie,risk_parity,0.009206,0.008432,0.000085,0.000071,16.000000,0.085793,551.660840,3.791803,0.674496,0.063492,0.002793,0.000005
2025-11-03,rmt_rie,hrp,0.008497,0.007488,0.000072,0.000056,13.080383,0.103604,551.660840,3.791803,0.674496,0.063492,0.002793,0.000005
2025-11-03,rmt_rie,max_diversification,0.008042,0.007695,0.000065,0.000059,7.449498,0.159011,551.660840,3.791803,0.674496,0.063492,0.002793,0.000005
2025-11-03,factor_model,equal_weight,0.012299,0.010702,0.000151,0.000115,13.855020,0.062500,551.660840,3.791803,0.674496,0.063492,0.002793,0.000005
2025-11-03,factor_model,inverse_variance,0.009743,0.008248,0.000095,0.000068,14.437286,0.088056,551.660840,3.791803,0.674496,0.063492,0.002793,0.000005
2025-11-03,factor_model,minimum_variance,0.007660,0.006434,0.000059,0.000041,4.812546,0.215199,551.660840,3.791803,0.674496,0.063492,0.002793,0.000005
2025-11-03,factor_model,risk_parity,0.009858,0.008442,0.000097,0.000071,16.000000,0.086438,551.660840,3.791803,0.674496,0.063492,0.002793,0.000005
2025-11-03,factor_model,hrp,0.009138,0.007581,0.000083,0.000057,13.387825,0.104203,551.660840,3.791803,0.674496,0.063492,0.002793,0.000005
2025-11-03,factor_model,max_diversification,0.008497,0.008232,0.000072,0.000068,5.156641,0.194366,551.660840,3.791803,0.674496,0.063492,0.002793,0.000005
2025-12-02,sample,equal_weight,0.011794,0.008323,0.000139,0.000069,13.797238,0.062500,528.629916,3.703158,0.682245,0.063492,0.002617,0.000005
2025-12-02,sample,inverse_variance,0.009314,0.006019,0.000087,0.000036,14.413456,0.087960,528.629916,3.703158,0.682245,0.063492,0.002617,0.000005
2025-12-02,sample,minimum_variance,0.007229,0.003838,0.000052,0.000015,4.547956,0.222597,528.629916,3.703158,0.682245,0.063492,0.002617,0.000005
2025-12-02,sample,risk_parity,0.009431,0.006188,0.000089,0.000038,16.000000,0.085800,528.629916,3.703158,0.682245,0.063492,0.002617,0.000005
2025-12-02,sample,hrp,0.008499,0.005233,0.000072,0.000027,12.569463,0.111339,528.629916,3.703158,0.682245,0.063492,0.002617,0.000005
2025-12-02,sample,max_diversification,0.008144,0.005244,0.000066,0.000027,6.668262,0.167544,528.629916,3.703158,0.682245,0.063492,0.002617,0.000005
2025-12-02,ledoit_wolf,equal_weight,0.011467,0.008323,0.000131,0.000069,13.821812,0.062500,528.629916,3.703158,0.682245,0.063492,0.002617,0.000005
2025-12-02,ledoit_wolf,inverse_variance,0.009274,0.006201,0.000086,0.000038,14.715659,0.083356,528.629916,3.703158,0.682245,0.063492,0.002617,0.000005
2025-12-02,ledoit_wolf,minimum_variance,0.007212,0.003881,0.000052,0.000015,4.905439,0.208587,528.629916,3.703158,0.682245,0.063492,0.002617,0.000005
2025-12-02,ledoit_wolf,risk_parity,0.009271,0.006254,0.000086,0.000039,16.000000,0.083840,528.629916,3.703158,0.682245,0.063492,0.002617,0.000005
2025-12-02,ledoit_wolf,hrp,0.008570,0.005507,0.000073,0.000030,13.277549,0.100814,528.629916,3.703158,0.682245,0.063492,0.002617,0.000005
2025-12-02,ledoit_wolf,max_diversification,0.007975,0.005173,0.000064,0.000027,6.919097,0.166025,528.629916,3.703158,0.682245,0.063492,0.002617,0.000005
2025-12-02,constant_corr,equal_weight,0.011770,0.008323,0.000139,0.000069,13.797238,0.062500,528.629916,3.703158,0.682245,0.063492,0.002617,0.000005
2025-12-02,constant_corr,inverse_variance,0.009295,0.006019,0.000086,0.000036,14.413456,0.087960,528.629916,3.703158,0.682245,0.063492,0.002617,0.000005
2025-12-02,constant_corr,minimum_variance,0.007214,0.003838,0.000052,0.000015,4.547961,0.222597,528.629916,3.703158,0.682245,0.063492,0.002617,0.000005
2025-12-02,constant_corr,risk_parity,0.009413,0.006188,0.000089,0.000038,16.000000,0.085800,528.629916,3.703158,0.682245,0.063492,0.002617,0.000005
2025-12-02,constant_corr,hrp,0.008482,0.005233,0.000072,0.000027,12.569463,0.111339,528.629916,3.703158,0.682245,0.063492,0.002617,0.000005
2025-12-02,constant_corr,max_diversification,0.008128,0.005244,0.000066,0.000027,6.668262,0.167544,528.629916,3.703158,0.682245,0.063492,0.002617,0.000005
2025-12-02,rmt_hard,equal_weight,0.011795,0.008323,0.000139,0.000069,13.793620,0.062500,528.629916,3.703158,0.682245,0.063492,0.002617,0.000005
2025-12-02,rmt_hard,inverse_variance,0.009231,0.005936,0.000085,0.000035,14.351814,0.090362,528.629916,3.703158,0.682245,0.063492,0.002617,0.000005
2025-12-02,rmt_hard,minimum_variance,0.007224,0.003856,0.000052,0.000015,4.614129,0.220230,528.629916,3.703158,0.682245,0.063492,0.002617,0.000005
2025-12-02,rmt_hard,risk_parity,0.009425,0.006183,0.000089,0.000038,16.000000,0.085977,528.629916,3.703158,0.682245,0.063492,0.002617,0.000005
2025-12-02,rmt_hard,hrp,0.008493,0.005223,0.000072,0.000027,12.430851,0.112936,528.629916,3.703158,0.682245,0.063492,0.002617,0.000005
2025-12-02,rmt_hard,max_diversification,0.008260,0.005331,0.000068,0.000028,6.675472,0.167508,528.629916,3.703158,0.682245,0.063492,0.002617,0.000005
2025-12-02,rmt_soft,equal_weight,0.011795,0.008323,0.000139,0.000069,13.794892,0.062500,528.629916,3.703158,0.682245,0.063492,0.002617,0.000005
2025-12-02,rmt_soft,inverse_variance,0.009271,0.005977,0.000086,0.000036,14.416634,0.088747,528.629916,3.703158,0.682245,0.063492,0.002617,0.000005
2025-12-02,rmt_soft,minimum_variance,0.007229,0.003848,0.000052,0.000015,4.568822,0.221799,528.629916,3.703158,0.682245,0.063492,0.002617,0.000005
2025-12-02,rmt_soft,risk_parity,0.009431,0.006187,0.000089,0.000038,16.000000,0.085820,528.629916,3.703158,0.682245,0.063492,0.002617,0.000005
2025-12-02,rmt_soft,hrp,0.008673,0.005408,0.000075,0.000029,13.137851,0.104948,528.629916,3.703158,0.682245,0.063492,0.002617,0.000005
2025-12-02,rmt_soft,max_diversification,0.008185,0.005260,0.000067,0.000028,6.686062,0.166888,528.629916,3.703158,0.682245,0.063492,0.002617,0.000005
2025-12-02,rmt_rie,equal_weight,0.011081,0.008323,0.000123,0.000069,13.797170,0.062500,528.629916,3.703158,0.682245,0.063492,0.002617,0.000005
2025-12-02,rmt_rie,inverse_variance,0.008760,0.006033,0.000077,0.000036,14.395982,0.087896,528.629916,3.703158,0.682245,0.063492,0.002617,0.000005
2025-12-02,rmt_rie,minimum_variance,0.006797,0.003841,0.000046,0.000015,4.594177,0.220776,528.629916,3.703158,0.682245,0.063492,0.002617,0.000005
2025-12-02,rmt_rie,risk_parity,0.008869,0.006192,0.000079,0.000038,16.000000,0.085542,528.629916,3.703158,0.682245,0.063492,0.002617,0.000005
2025-12-02,rmt_rie,hrp,0.008094,0.005358,0.000066,0.000029,12.993213,0.106735,528.629916,3.703158,0.682245,0.063492,0.002617,0.000005
2025-12-02,rmt_rie,max_diversification,0.007648,0.005209,0.000058,0.000027,7.041222,0.164236,528.629916,3.703158,0.682245,0.063492,0.002617,0.000005
2025-12-02,factor_model,equal_weight,0.011888,0.008323,0.000141,0.000069,13.818922,0.062500,528.629916,3.703158,0.682245,0.063492,0.002617,0.000005
2025-12-02,factor_model,inverse_variance,0.009380,0.006019,0.000088,0.000036,14.471778,0.087960,528.629916,3.703158,0.682245,0.063492,0.002617,0.000005
2025-12-02,factor_model,minimum_variance,0.007114,0.003985,0.000051,0.000016,4.367796,0.230654,528.629916,3.703158,0.682245,0.063492,0.002617,0.000005
2025-12-02,factor_model,risk_parity,0.009485,0.006189,0.000090,0.000038,16.000000,0.086258,528.629916,3.703158,0.682245,0.063492,0.002617,0.000005
2025-12-02,factor_model,hrp,0.008586,0.005213,0.000074,0.000027,12.722085,0.110664,528.629916,3.703158,0.682245,0.063492,0.002617,0.000005
2025-12-02,factor_model,max_diversification,0.007845,0.005515,0.000062,0.000030,4.743677,0.205818,528.629916,3.703158,0.682245,0.063492,0.002617,0.000005
