date,estimator,allocator,pred_vol,real_vol,pred_var,real_var,enb,hhi,cond_number,eff_rank,top1_share,q,lambda_max,lambda_min
2022-12-01,sample,equal_weight,0.015999,0.011615,0.000256,0.000135,24.630194,0.033333,587.829771,6.465686,0.427767,0.250000,0.010194,0.000017
2022-12-01,sample,inverse_variance,0.012338,0.009327,0.000152,0.000087,26.192045,0.048954,587.829771,6.465686,0.427767,0.250000,0.010194,0.000017
2022-12-01,sample,minimum_variance,0.009357,0.007516,0.000088,0.000056,5.307518,0.193107,587.829771,6.465686,0.427767,0.250000,0.010194,0.000017
2022-12-01,sample,risk_parity,0.013455,0.010089,0.000181,0.000102,30.000000,0.039263,587.829771,6.465686,0.427767,0.250000,0.010194,0.000017
2022-12-01,sample,hrp,0.011548,0.008821,0.000133,0.000078,22.410296,0.063208,587.829771,6.465686,0.427767,0.250000,0.010194,0.000017
2022-12-01,sample,max_diversification,0.012866,0.009335,0.000166,0.000087,7.222581,0.139753,587.829771,6.465686,0.427767,0.250000,0.010194,0.000017
2022-12-01,ledoit_wolf,equal_weight,0.012305,0.011615,0.000151,0.000135,25.309837,0.033333,587.829771,6.465686,0.427767,0.250000,0.010194,0.000017
2022-12-01,ledoit_wolf,inverse_variance,0.010988,0.010514,0.000121,0.000111,28.648459,0.036373,587.829771,6.465686,0.427767,0.250000,0.010194,0.000017
2022-12-01,ledoit_wolf,minimum_variance,0.009343,0.008343,0.000087,0.000070,13.350905,0.074903,587.829771,6.465686,0.427767,0.250000,0.010194,0.000017
2022-12-01,ledoit_wolf,risk_parity,0.010869,0.010349,0.000118,0.000107,30.000000,0.036921,587.829771,6.465686,0.427767,0.250000,0.010194,0.000017
2022-12-01,ledoit_wolf,hrp,0.010267,0.009713,0.000105,0.000094,27.142435,0.042019,587.829771,6.465686,0.427767,0.250000,0.010194,0.000017
2022-12-01,ledoit_wolf,max_diversification,0.009887,0.008826,0.000098,0.000078,16.664166,0.063550,587.829771,6.465686,0.427767,0.250000,0.010194,0.000017
2022-12-01,constant_corr,equal_weight,0.015933,0.011615,0.000254,0.000135,24.630194,0.033333,587.829771,6.465686,0.427767,0.250000,0.010194,0.000017
2022-12-01,constant_corr,inverse_variance,0.012286,0.009327,0.000151,0.000087,26.192045,0.048954,587.829771,6.465686,0.427767,0.250000,0.010194,0.000017
2022-12-01,constant_corr,minimum_variance,0.009318,0.007516,0.000087,0.000056,5.307603,0.193104,587.829771,6.465686,0.427767,0.250000,0.010194,0.000017
2022-12-01,constant_corr,risk_parity,0.013399,0.010089,0.000180,0.000102,30.000000,0.039263,587.829771,6.465686,0.427767,0.250000,0.010194,0.000017
2022-12-01,constant_corr,hrp,0.011500,0.008821,0.000132,0.000078,22.410296,0.063208,587.829771,6.465686,0.427767,0.250000,0.010194,0.000017
2022-12-01,constant_corr,max_diversification,0.012813,0.009335,0.000164,0.000087,7.222580,0.139753,587.829771,6.465686,0.427767,0.250000,0.010194,0.000017
2022-12-01,rmt_hard,equal_weight,0.015997,0.011615,0.000256,0.000135,24.647319,0.033333,587.829771,6.465686,0.427767,0.250000,0.010194,0.000017
2022-12-01,rmt_hard,inverse_variance,0.012273,0.009303,0.000151,0.000087,25.964022,0.049800,587.829771,6.465686,0.427767,0.250000,0.010194,0.000017
2022-12-01,rmt_hard,minimum_variance,0.009323,0.007519,0.000087,0.000057,5.338190,0.192434,587.829771,6.465686,0.427767,0.250000,0.010194,0.000017
2022-12-01,rmt_hard,risk_parity,0.013453,0.010088,0.000181,0.000102,30.000000,0.039271,587.829771,6.465686,0.427767,0.250000,0.010194,0.000017
2022-12-01,rmt_hard,hrp,0.011987,0.009073,0.000144,0.000082,24.188820,0.055497,587.829771,6.465686,0.427767,0.250000,0.010194,0.000017
2022-12-01,rmt_hard,max_diversification,0.012635,0.009530,0.000160,0.000091,7.186266,0.140394,587.829771,6.465686,0.427767,0.250000,0.010194,0.000017
2022-12-01,rmt_soft,equal_weight,0.016000,0.011615,0.000256,0.000135,24.625239,0.033333,587.829771,6.465686,0.427767,0.250000,0.010194,0.000017
2022-12-01,rmt_soft,inverse_variance,0.012286,0.009302,0.000151,0.000087,26.010791,0.049579,587.829771,6.465686,0.427767,0.250000,0.010194,0.000017
2022-12-01,rmt_soft,minimum_variance,0.009351,0.007518,0.000087,0.000057,5.302580,0.193443,587.829771,6.465686,0.427767,0.250000,0.010194,0.000017
2022-12-01,rmt_soft,risk_parity,0.013455,0.010089,0.000181,0.000102,30.000000,0.039266,587.829771,6.465686,0.427767,0.250000,0.010194,0.000017
2022-12-01,rmt_soft,hrp,0.011623,0.008998,0.000135,0.000081,22.375867,0.066075,587.829771,6.465686,0.427767,0.250000,0.010194,0.000017
2022-12-01,rmt_soft,max_diversification,0.012696,0.009413,0.000161,0.000089,7.737334,0.130848,587.829771,6.465686,0.427767,0.250000,0.010194,0.000017
2022-12-01,rmt_rie,equal_weight,0.014571,0.011615,0.000212,0.000135,24.650439,0.033333,587.829771,6.465686,0.427767,0.250000,0.010194,0.000017
2022-12-01,rmt_rie,inverse_variance,0.011202,0.009303,0.000125,0.000087,26.231661,0.049123,587.829771,6.465686,0.427767,0.250000,0.010194,0.000017
2022-12-01,rmt_rie,minimum_variance,0.008571,0.007469,0.000073,0.000056,5.401955,0.189433,587.829771,6.465686,0.427767,0.250000,0.010194,0.000017
2022-12-01,rmt_rie,risk_parity,0.012256,0.010090,0.000150,0.000102,30.000000,0.039266,587.829771,6.465686,0.427767,0.250000,0.010194,0.000017
2022-12-01,rmt_rie,hrp,0.010585,0.008979,0.000112,0.000081,22.566980,0.064940,587.829771,6.465686,0.427767,0.250000,0.010194,0.000017
2022-12-01,rmt_rie,max_diversification,0.011617,0.009212,0.000135,0.000085,8.303119,0.119859,587.829771,6.465686,0.427767,0.250000,0.010194,0.000017
2022-12-01,factor_model,equal_weight,0.016039,0.011615,0.000257,0.000135,23.928705,0.033333,587.829771,6.465686,0.427767,0.250000,0.010194,0.000017
2022-12-01,factor_model,inverse_variance,0.011711,0.009327,0.000137,0.000087,27.494067,0.048954,587.829771,6.465686,0.427767,0.250000,0.010194,0.000017
2022-12-01,factor_model,minimum_variance,0.007658,0.006887,0.000059,0.000047,5.719556,0.179410,587.829771,6.465686,0.427767,0.250000,0.010194,0.000017
2022-12-01,factor_model,risk_parity,0.012636,0.009765,0.000160,0.000095,30.000000,0.042360,587.829771,6.465686,0.427767,0.250000,0.010194,0.000017
2022-12-01,factor_model,hrp,0.010308,0.008503,0.000106,0.000072,23.395989,0.068643,587.829771,6.465686,0.427767,0.250000,0.010194,0.000017
2022-12-01,factor_model,max_diversification,0.010247,0.008002,0.000105,0.000064,9.984800,0.114762,587.829771,6.465686,0.427767,0.250000,0.010194,0.000017
2023-01-03,sample,equal_weight,0.015191,0.010517,0.000231,0.000111,24.500946,0.033333,474.386347,6.242845,0.433254,0.250000,0.009522,0.000020
2023-01-03,sample,inverse_variance,0.011643,0.008800,0.000136,0.000077,26.140408,0.049224,474.386347,6.242845,0.433254,0.250000,0.009522,0.000020
2023-01-03,sample,minimum_variance,0.008829,0.008789,0.000078,0.000077,6.139324,0.169292,474.386347,6.242845,0.433254,0.250000,0.009522,0.000020
2023-01-03,sample,risk_parity,0.012741,0.009258,0.000162,0.000086,30.000000,0.039365,474.386347,6.242845,0.433254,0.250000,0.009522,0.000020
2023-01-03,sample,hrp,0.011108,0.008786,0.000123,0.000077,23.689322,0.061778,474.386347,6.242845,0.433254,0.250000,0.009522,0.000020
2023-01-03,sample,max_diversification,0.012334,0.009331,0.000152,0.000087,7.706652,0.122220,474.386347,6.242845,0.433254,0.250000,0.009522,0.000020
2023-01-03,ledoit_wolf,equal_weight,0.011222,0.010517,0.000126,0.000111,25.356207,0.033333,474.386347,6.242845,0.433254,0.250000,0.009522,0.000020
2023-01-03,ledoit_wolf,inverse_variance,0.010126,0.009673,0.000103,0.000094,28.664952,0.035941,474.386347,6.242845,0.433254,0.250000,0.009522,0.000020
2023-01-03,ledoit_wolf,minimum_variance,0.008696,0.008281,0.000076,0.000069,14.318053,0.069844,474.386347,6.242845,0.433254,0.250000,0.009522,0.000020
2023-01-03,ledoit_wolf,risk_parity,0.009982,0.009473,0.000100,0.000090,30.000000,0.036619,474.386347,6.242845,0.433254,0.250000,0.009522,0.000020
2023-01-03,ledoit_wolf,hrp,0.009638,0.009280,0.000093,0.000086,28.183326,0.040011,474.386347,6.242845,0.433254,0.250000,0.009522,0.000020
2023-01-03,ledoit_wolf,max_diversification,0.009110,0.008386,0.000083,0.000070,17.538738,0.059980,474.386347,6.242845,0.433254,0.250000,0.009522,0.000020
2023-01-03,constant_corr,equal_weight,0.015127,0.010517,0.000229,0.000111,24.500946,0.033333,474.386347,6.242845,0.433254,0.250000,0.009522,0.000020
2023-01-03,constant_corr,inverse_variance,0.011594,0.008800,0.000134,0.000077,26.140408,0.049224,474.386347,6.242845,0.433254,0.250000,0.009522,0.000020
2023-01-03,constant_corr,minimum_variance,0.008792,0.008789,0.000077,0.000077,6.139384,0.169290,474.386347,6.242845,0.433254,0.250000,0.009522,0.000020
2023-01-03,constant_corr,risk_parity,0.012687,0.009258,0.000161,0.000086,30.000000,0.039365,474.386347,6.242845,0.433254,0.250000,0.009522,0.000020
2023-01-03,constant_corr,hrp,0.011062,0.008786,0.000122,0.000077,23.689322,0.061778,474.386347,6.242845,0.433254,0.250000,0.009522,0.000020
2023-01-03,constant_corr,max_diversification,0.012282,0.009331,0.000151,0.000087,7.706651,0.122220,474.386347,6.242845,0.433254,0.250000,0.009522,0.000020
2023-01-03,rmt_hard,equal_weight,0.015187,0.010517,0.000231,0.000111,24.526953,0.033333,474.386347,6.242845,0.433254,0.250000,0.009522,0.000020
2023-01-03,rmt_hard,inverse_variance,0.011591,0.008818,0.000134,0.000078,25.934114,0.049901,474.386347,6.242845,0.433254,0.250000,0.009522,0.000020
2023-01-03,rmt_hard,minimum_variance,0.008777,0.008844,0.000077,0.000078,5.999219,0.172750,474.386347,6.242845,0.433254,0.250000,0.009522,0.000020
2023-01-03,rmt_hard,risk_parity,0.012738,0.009257,0.000162,0.000086,30.000000,0.039373,474.386347,6.242845,0.433254,0.250000,0.009522,0.000020
2023-01-03,rmt_hard,hrp,0.010883,0.008684,0.000118,0.000075,21.999522,0.065446,474.386347,6.242845,0.433254,0.250000,0.009522,0.000020
2023-01-03,rmt_hard,max_diversification,0.012007,0.009533,0.000144,0.000091,7.305764,0.133118,474.386347,6.242845,0.433254,0.250000,0.009522,0.000020
2023-01-03,rmt_soft,equal_weight,0.015192,0.010517,0.000231,0.000111,24.498577,0.033333,474.386347,6.242845,0.433254,0.250000,0.009522,0.000020
2023-01-03,rmt_soft,inverse_variance,0.011597,0.008804,0.000134,0.000078,25.997421,0.049833,474.386347,6.242845,0.433254,0.250000,0.009522,0.000020
2023-01-03,rmt_soft,minimum_variance,0.008829,0.008759,0.000078,0.000077,6.186311,0.168212,474.386347,6.242845,0.433254,0.250000,0.009522,0.000020
2023-01-03,rmt_soft,risk_parity,0.012741,0.009258,0.000162,0.000086,30.000000,0.039364,474.386347,6.242845,0.433254,0.250000,0.009522,0.000020
2023-01-03,rmt_soft,hrp,0.011422,0.008688,0.000130,0.000075,25.678382,0.050698,474.386347,6.242845,0.433254,0.250000,0.009522,0.000020
2023-01-03,rmt_soft,max_diversification,0.012211,0.009263,0.000149,0.000086,8.110810,0.114375,474.386347,6.242845,0.433254,0.250000,0.009522,0.000020
2023-01-03,rmt_rie,equal_weight,0.013842,0.010517,0.000192,0.000111,24.500472,0.033333,474.386347,6.242845,0.433254,0.250000,0.009522,0.000020
2023-01-03,rmt_rie,inverse_variance,0.010561,0.008779,0.000112,0.000077,26.174197,0.049569,474.386347,6.242845,0.433254,0.250000,0.009522,0.000020
2023-01-03,rmt_rie,minimum_variance,0.008060,0.008731,0.000065,0.000076,6.398588,0.163147,474.386347,6.242845,0.433254,0.250000,0.009522,0.000020
2023-01-03,rmt_rie,risk_parity,0.011607,0.009257,0.000135,0.000086,30.000000,0.039386,474.386347,6.242845,0.433254,0.250000,0.009522,0.000020
2023-01-03,rmt_rie,hrp,0.010102,0.008750,0.000102,0.000077,23.721810,0.061526,474.386347,6.242845,0.433254,0.250000,0.009522,0.000020
2023-01-03,rmt_rie,max_diversification,0.011025,0.009155,0.000122,0.000084,8.554116,0.107622,474.386347,6.242845,0.433254,0.250000,0.009522,0.000020
2023-01-03,factor_model,equal_weight,0.015275,0.010517,0.000233,0.000111,24.068052,0.033333,474.386347,6.242845,0.433254,0.250000,0.009522,0.000020
2023-01-03,factor_model,inverse_variance,0.011290,0.008800,0.000127,0.000077,27.119104,0.049224,474.386347,6.242845,0.433254,0.250000,0.009522,0.000020
2023-01-03,factor_model,minimum_variance,0.007550,0.008811,0.000057,0.000078,5.637367,0.182640,474.386347,6.242845,0.433254,0.250000,0.009522,0.000020
2023-01-03,factor_model,risk_parity,0.012283,0.009137,0.000151,0.000083,30.000000,0.041519,474.386347,6.242845,0.433254,0.250000,0.009522,0.000020
2023-01-03,factor_model,hrp,0.010184,0.008531,0.000104,0.000073,23.487286,0.066924,474.386347,6.242845,0.433254,0.250000,0.009522,0.000020
2023-01-03,factor_model,max_diversification,0.010399,0.008784,0.000108,0.000077,9.020863,0.113692,474.386347,6.242845,0.433254,0.250000,0.009522,0.000020
2023-02-02,sample,equal_weight,0.014620,0.009710,0.000214,0.000094,25.402681,0.033333,443.414428,7.195015,0.542029,0.250000,0.007730,0.000017
2023-02-02,sample,inverse_variance,0.011668,0.007189,0.000136,0.000052,26.640268,0.047001,443.414428,7.195015,0.542029,0.250000,0.007730,0.000017
2023-02-02,sample,minimum_variance,0.009065,0.006888,0.000082,0.000047,6.574505,0.157928,443.414428,7.195015,0.542029,0.250000,0.007730,0.000017
2023-02-02,sample,risk_parity,0.012611,0.007856,0.000159,0.000062,30.000000,0.038282,443.414428,7.195015,0.542029,0.250000,0.007730,0.000017
2023-02-02,sample,hrp,0.011288,0.006875,0.000127,0.000047,24.922169,0.053706,443.414428,7.195015,0.542029,0.250000,0.007730,0.000017
2023-02-02,sample,max_diversification,0.011150,0.007431,0.000124,0.000055,8.757649,0.113011,443.414428,7.195015,0.542029,0.250000,0.007730,0.000017
2023-02-02,ledoit_wolf,equal_weight,0.014153,0.009710,0.000200,0.000094,25.438986,0.033333,443.414428,7.195015,0.542029,0.250000,0.007730,0.000017
2023-02-02,ledoit_wolf,inverse_variance,0.011527,0.007311,0.000133,0.000053,27.473272,0.044195,443.414428,7.195015,0.542029,0.250000,0.007730,0.000017
2023-02-02,ledoit_wolf,minimum_variance,0.008998,0.006857,0.000081,0.000047,6.803050,0.151407,443.414428,7.195015,0.542029,0.250000,0.007730,0.000017
2023-02-02,ledoit_wolf,risk_parity,0.012246,0.007873,0.000150,0.000062,30.000000,0.038114,443.414428,7.195015,0.542029,0.250000,0.007730,0.000017
2023-02-02,ledoit_wolf,hrp,0.011006,0.007005,0.000121,0.000049,24.904084,0.051421,443.414428,7.195015,0.542029,0.250000,0.007730,0.000017
2023-02-02,ledoit_wolf,max_diversification,0.010687,0.007313,0.000114,0.000053,9.309316,0.112385,443.414428,7.195015,0.542029,0.250000,0.007730,0.000017
2023-02-02,constant_corr,equal_weight,0.014559,0.009710,0.000212,0.000094,25.402681,0.033333,443.414428,7.195015,0.542029,0.250000,0.007730,0.000017
2023-02-02,constant_corr,inverse_variance,0.011620,0.007189,0.000135,0.000052,26.640268,0.047001,443.414428,7.195015,0.542029,0.250000,0.007730,0.000017
2023-02-02,constant_corr,minimum_variance,0.009027,0.006888,0.000081,0.000047,6.574571,0.157927,443.414428,7.195015,0.542029,0.250000,0.007730,0.000017
2023-02-02,constant_corr,risk_parity,0.012558,0.007856,0.000158,0.000062,30.000000,0.038282,443.414428,7.195015,0.542029,0.250000,0.007730,0.000017
2023-02-02,constant_corr,hrp,0.011241,0.006875,0.000126,0.000047,24.922169,0.053706,443.414428,7.195015,0.542029,0.250000,0.007730,0.000017
2023-02-02,constant_corr,max_diversification,0.011104,0.007431,0.000123,0.000055,8.757654,0.113011,443.414428,7.195015,0.542029,0.250000,0.007730,0.000017
2023-02-02,rmt_hard,equal_weight,0.014617,0.009710,0.000214,0.000094,25.415536,0.033333,443.414428,7.195015,0.542029,0.250000,0.007730,0.000017
2023-02-02,rmt_hard,inverse_variance,0.011629,0.007152,0.000135,0.000051,26.544453,0.047395,443.414428,7.195015,0.542029,0.250000,0.007730,0.000017
2023-02-02,rmt_hard,minimum_variance,0.009025,0.006893,0.000081,0.000048,6.667071,0.156142,443.414428,7.195015,0.542029,0.250000,0.007730,0.000017
2023-02-02,rmt_hard,risk_parity,0.012611,0.007856,0.000159,0.000062,30.000000,0.038287,443.414428,7.195015,0.542029,0.250000,0.007730,0.000017
2023-02-02,rmt_hard,hrp,0.011133,0.006817,0.000124,0.000046,23.453270,0.056874,443.414428,7.195015,0.542029,0.250000,0.007730,0.000017
2023-02-02,rmt_hard,max_diversification,0.010813,0.007847,0.000117,0.000062,7.979388,0.127771,443.414428,7.195015,0.542029,0.250000,0.007730,0.000017
2023-02-02,rmt_soft,equal_weight,0.014620,0.009710,0.000214,0.000094,25.405110,0.033333,443.414428,7.195015,0.542029,0.250000,0.007730,0.000017
2023-02-02,rmt_soft,inverse_variance,0.011630,0.007167,0.000135,0.000051,26.522958,0.047425,443.414428,7.195015,0.542029,0.250000,0.007730,0.000017
2023-02-02,rmt_soft,minimum_variance,0.009063,0.006903,0.000082,0.000048,6.682399,0.155725,443.414428,7.195015,0.542029,0.250000,0.007730,0.000017
2023-02-02,rmt_soft,risk_parity,0.012611,0.007856,0.000159,0.000062,30.000000,0.038284,443.414428,7.195015,0.542029,0.250000,0.007730,0.000017
2023-02-02,rmt_soft,hrp,0.011388,0.006926,0.000130,0.000048,25.511237,0.051191,443.414428,7.195015,0.542029,0.250000,0.007730,0.000017
2023-02-02,rmt_soft,max_diversification,0.011070,0.007526,0.000123,0.000057,8.935684,0.112675,443.414428,7.195015,0.542029,0.250000,0.007730,0.000017
2023-02-02,rmt_rie,equal_weight,0.013323,0.009710,0.000178,0.000094,25.428389,0.033333,443.414428,7.195015,0.542029,0.250000,0.007730,0.000017
2023-02-02,rmt_rie,inverse_variance,0.010588,0.007152,0.000112,0.000051,26.786509,0.047176,443.414428,7.195015,0.542029,0.250000,0.007730,0.000017
2023-02-02,rmt_rie,minimum_variance,0.008221,0.006936,0.000068,0.000048,6.577654,0.157989,443.414428,7.195015,0.542029,0.250000,0.007730,0.000017
2023-02-02,rmt_rie,risk_parity,0.011491,0.007852,0.000132,0.000062,30.000000,0.038302,443.414428,7.195015,0.542029,0.250000,0.007730,0.000017
2023-02-02,rmt_rie,hrp,0.010294,0.006999,0.000106,0.000049,25.247991,0.051877,443.414428,7.195015,0.542029,0.250000,0.007730,0.000017
2023-02-02,rmt_rie,max_diversification,0.010140,0.007433,0.000103,0.000055,9.678816,0.106856,443.414428,7.195015,0.542029,0.250000,0.007730,0.000017
2023-02-02,factor_model,equal_weight,0.014707,0.009710,0.000216,0.000094,24.983720,0.033333,443.414428,7.195015,0.542029,0.250000,0.007730,0.000017
2023-02-02,factor_model,inverse_variance,0.011377,0.007189,0.000129,0.000052,27.625800,0.047001,443.414428,7.195015,0.542029,0.250000,0.007730,0.000017
2023-02-02,factor_model,minimum_variance,0.007819,0.007445,0.000061,0.000055,5.824881,0.176660,443.414428,7.195015,0.542029,0.250000,0.007730,0.000017
2023-02-02,factor_model,risk_parity,0.012259,0.007781,0.000150,0.000061,30.000000,0.039913,443.414428,7.195015,0.542029,0.250000,0.007730,0.000017
2023-02-02,factor_model,hrp,0.010513,0.006925,0.000111,0.000048,24.762584,0.060299,443.414428,7.195015,0.542029,0.250000,0.007730,0.000017
2023-02-02,factor_model,max_diversification,0.009483,0.007545,0.000090,0.000057,8.334278,0.137184,443.414428,7.195015,0.542029,0.250000,0.007730,0.000017
2023-03-06,sample,equal_weight,0.014237,0.011005,0.000203,0.000121,25.094058,0.033333,395.739013,7.743759,0.510871,0.250000,0.007492,0.000019
2023-03-06,sample,inverse_variance,0.011181,0.009401,0.000125,0.000088,26.330964,0.048307,395.739013,7.743759,0.510871,0.250000,0.007492,0.000019
2023-03-06,sample,minimum_variance,0.008787,0.007585,0.000077,0.000058,6.129485,0.168598,395.739013,7.743759,0.510871,0.250000,0.007492,0.000019
2023-03-06,sample,risk_parity,0.012169,0.010016,0.000148,0.000100,30.000000,0.038564,395.739013,7.743759,0.510871,0.250000,0.007492,0.000019
2023-03-06,sample,hrp,0.010812,0.009293,0.000117,0.000086,24.871993,0.052649,395.739013,7.743759,0.510871,0.250000,0.007492,0.000019
2023-03-06,sample,max_diversification,0.011139,0.010294,0.000124,0.000106,6.061313,0.157792,395.739013,7.743759,0.510871,0.250000,0.007492,0.000019
2023-03-06,ledoit_wolf,equal_weight,0.013716,0.011005,0.000188,0.000121,25.143047,0.033333,395.739013,7.743759,0.510871,0.250000,0.007492,0.000019
2023-03-06,ledoit_wolf,inverse_variance,0.011060,0.009613,0.000122,0.000092,27.407421,0.044595,395.739013,7.743759,0.510871,0.250000,0.007492,0.000019
2023-03-06,ledoit_wolf,minimum_variance,0.008758,0.007682,0.000077,0.000059,6.577598,0.155874,395.739013,7.743759,0.510871,0.250000,0.007492,0.000019
2023-03-06,ledoit_wolf,risk_parity,0.011774,0.010036,0.000139,0.000101,30.000000,0.038347,395.739013,7.743759,0.510871,0.250000,0.007492,0.000019
2023-03-06,ledoit_wolf,hrp,0.010634,0.009250,0.000113,0.000086,25.532857,0.050396,395.739013,7.743759,0.510871,0.250000,0.007492,0.000019
2023-03-06,ledoit_wolf,max_diversification,0.010524,0.009977,0.000111,0.000100,7.007619,0.134437,395.739013,7.743759,0.510871,0.250000,0.007492,0.000019
2023-03-06,constant_corr,equal_weight,0.014177,0.011005,0.000201,0.000121,25.094058,0.033333,395.739013,7.743759,0.510871,0.250000,0.007492,0.000019
2023-03-06,constant_corr,inverse_variance,0.011134,0.009401,0.000124,0.000088,26.330964,0.048307,395.739013,7.743759,0.510871,0.250000,0.007492,0.000019
2023-03-06,constant_corr,minimum_variance,0.008750,0.007585,0.000077,0.000058,6.129542,0.168596,395.739013,7.743759,0.510871,0.250000,0.007492,0.000019
2023-03-06,constant_corr,risk_parity,0.012118,0.010016,0.000147,0.000100,30.000000,0.038564,395.739013,7.743759,0.510871,0.250000,0.007492,0.000019
2023-03-06,constant_corr,hrp,0.010767,0.009293,0.000116,0.000086,24.871993,0.052649,395.739013,7.743759,0.510871,0.250000,0.007492,0.000019
2023-03-06,constant_corr,max_diversification,0.011092,0.010294,0.000123,0.000106,6.061313,0.157792,395.739013,7.743759,0.510871,0.250000,0.007492,0.000019
2023-03-06,rmt_hard,equal_weight,0.014236,0.011005,0.000203,0.000121,25.093954,0.033333,395.739013,7.743759,0.510871,0.250000,0.007492,0.000019
2023-03-06,rmt_hard,inverse_variance,0.011134,0.009373,0.000124,0.000088,26.183461,0.048810,395.739013,7.743759,0.510871,0.250000,0.007492,0.000019
2023-03-06,rmt_hard,minimum_variance,0.008736,0.007508,0.000076,0.000056,5.901118,0.174673,395.739013,7.743759,0.510871,0.250000,0.007492,0.000019
2023-03-06,rmt_hard,risk_parity,0.012170,0.010017,0.000148,0.000100,30.000000,0.038562,395.739013,7.743759,0.510871,0.250000,0.007492,0.000019
2023-03-06,rmt_hard,hrp,0.010907,0.009349,0.000119,0.000087,25.031998,0.052343,395.739013,7.743759,0.510871,0.250000,0.007492,0.000019
2023-03-06,rmt_hard,max_diversification,0.011060,0.010293,0.000122,0.000106,6.091542,0.155645,395.739013,7.743759,0.510871,0.250000,0.007492,0.000019
2023-03-06,rmt_soft,equal_weight,0.014238,0.011005,0.000203,0.000121,25.090466,0.033333,395.739013,7.743759,0.510871,0.250000,0.007492,0.000019
2023-03-06,rmt_soft,inverse_variance,0.011144,0.009365,0.000124,0.000088,26.217694,0.048744,395.739013,7.743759,0.510871,0.250000,0.007492,0.000019
2023-03-06,rmt_soft,minimum_variance,0.008790,0.007535,0.000077,0.000057,6.116949,0.169027,395.739013,7.743759,0.510871,0.250000,0.007492,0.000019
2023-03-06,rmt_soft,risk_parity,0.012170,0.010016,0.000148,0.000100,30.000000,0.038562,395.739013,7.743759,0.510871,0.250000,0.007492,0.000019
2023-03-06,rmt_soft,hrp,0.010888,0.009391,0.000119,0.000088,25.040841,0.052285,395.739013,7.743759,0.510871,0.250000,0.007492,0.000019
2023-03-06,rmt_soft,max_diversification,0.011192,0.010306,0.000125,0.000106,6.517115,0.147179,395.739013,7.743759,0.510871,0.250000,0.007492,0.000019
2023-03-06,rmt_rie,equal_weight,0.012965,0.011005,0.000168,0.000121,25.122447,0.033333,395.739013,7.743759,0.510871,0.250000,0.007492,0.000019
2023-03-06,rmt_rie,inverse_variance,0.010137,0.009380,0.000103,0.000088,26.421015,0.048535,395.739013,7.743759,0.510871,0.250000,0.007492,0.000019
2023-03-06,rmt_rie,minimum_variance,0.007978,0.007601,0.000064,0.000058,6.328947,0.163673,395.739013,7.743759,0.510871,0.250000,0.007492,0.000019
2023-03-06,rmt_rie,risk_parity,0.011079,0.010012,0.000123,0.000100,30.000000,0.038588,395.739013,7.743759,0.510871,0.250000,0.007492,0.000019
2023-03-06,rmt_rie,hrp,0.009722,0.009035,0.000095,0.000082,24.341164,0.055595,395.739013,7.743759,0.510871,0.250000,0.007492,0.000019
2023-03-06,rmt_rie,max_diversification,0.010090,0.010071,0.000102,0.000101,7.803779,0.123642,395.739013,7.743759,0.510871,0.250000,0.007492,0.000019
2023-03-06,factor_model,equal_weight,0.014376,0.011005,0.000207,0.000121,24.967983,0.033333,395.739013,7.743759,0.510871,0.250000,0.007492,0.000019
2023-03-06,factor_model,inverse_variance,0.011069,0.009401,0.000123,0.000088,27.126814,0.048307,395.739013,7.743759,0.510871,0.250000,0.007492,0.000019
2023-03-06,factor_model,minimum_variance,0.007827,0.007369,0.000061,0.000054,5.944771,0.173590,395.739013,7.743759,0.510871,0.250000,0.007492,0.000019
2023-03-06,factor_model,risk_parity,0.012037,0.009859,0.000145,0.000097,30.000000,0.039708,395.739013,7.743759,0.510871,0.250000,0.007492,0.000019
2023-03-06,factor_model,hrp,0.010288,0.008945,0.000106,0.000080,23.562111,0.062993,395.739013,7.743759,0.510871,0.250000,0.007492,0.000019
2023-03-06,factor_model,max_diversification,0.009838,0.009416,0.000097,0.000089,6.153226,0.157292,395.739013,7.743759,0.510871,0.250000,0.007492,0.000019
2023-04-04,sample,equal_weight,0.012693,0.007941,0.000161,0.000063,24.770853,0.033333,318.492116,8.784822,0.458209,0.250000,0.006128,0.000019
2023-04-04,sample,inverse_variance,0.009908,0.006144,0.000098,0.000038,25.609512,0.049771,318.492116,8.784822,0.458209,0.250000,0.006128,0.000019
2023-04-04,sample,minimum_variance,0.008082,0.006010,0.000065,0.000036,6.270305,0.162492,318.492116,8.784822,0.458209,0.250000,0.006128,0.000019
2023-04-04,sample,risk_parity,0.010806,0.006816,0.000117,0.000046,30.000000,0.038469,318.492116,8.784822,0.458209,0.250000,0.006128,0.000019
2023-04-04,sample,hrp,0.009707,0.006179,0.000094,0.000038,24.978676,0.050641,318.492116,8.784822,0.458209,0.250000,0.006128,0.000019
2023-04-04,sample,max_diversification,0.010296,0.008845,0.000106,0.000078,6.311530,0.148824,318.492116,8.784822,0.458209,0.250000,0.006128,0.000019
2023-04-04,ledoit_wolf,equal_weight,0.012139,0.007941,0.000147,0.000063,24.844640,0.033333,318.492116,8.784822,0.458209,0.250000,0.006128,0.000019
2023-04-04,ledoit_wolf,inverse_variance,0.009796,0.006333,0.000096,0.000040,27.186712,0.044781,318.492116,8.784822,0.458209,0.250000,0.006128,0.000019
2023-04-04,ledoit_wolf,minimum_variance,0.008069,0.006117,0.000065,0.000037,6.779494,0.147505,318.492116,8.784822,0.458209,0.250000,0.006128,0.000019
2023-04-04,ledoit_wolf,risk_parity,0.010394,0.006838,0.000108,0.000047,30.000000,0.038203,318.492116,8.784822,0.458209,0.250000,0.006128,0.000019
2023-04-04,ledoit_wolf,hrp,0.009540,0.006268,0.000091,0.000039,26.187980,0.047400,318.492116,8.784822,0.458209,0.250000,0.006128,0.000019
2023-04-04,ledoit_wolf,max_diversification,0.009814,0.008358,0.000096,0.000070,7.450430,0.124807,318.492116,8.784822,0.458209,0.250000,0.006128,0.000019
2023-04-04,constant_corr,equal_weight,0.012640,0.007941,0.000160,0.000063,24.770853,0.033333,318.492116,8.784822,0.458209,0.250000,0.006128,0.000019
2023-04-04,constant_corr,inverse_variance,0.009866,0.006144,0.000097,0.000038,25.609512,0.049771,318.492116,8.784822,0.458209,0.250000,0.006128,0.000019
2023-04-04,constant_corr,minimum_variance,0.008048,0.006010,0.000065,0.000036,6.270319,0.162492,318.492116,8.784822,0.458209,0.250000,0.006128,0.000019
2023-04-04,constant_corr,risk_parity,0.010761,0.006816,0.000116,0.000046,30.000000,0.038469,318.492116,8.784822,0.458209,0.250000,0.006128,0.000019
2023-04-04,constant_corr,hrp,0.009666,0.006179,0.000093,0.000038,24.978676,0.050641,318.492116,8.784822,0.458209,0.250000,0.006128,0.000019
2023-04-04,constant_corr,max_diversification,0.010253,0.008845,0.000105,0.000078,6.311530,0.148824,318.492116,8.784822,0.458209,0.250000,0.006128,0.000019
2023-04-04,rmt_hard,equal_weight,0.012693,0.007941,0.000161,0.000063,24.765639,0.033333,318.492116,8.784822,0.458209,0.250000,0.006128,0.000019
2023-04-04,rmt_hard,inverse_variance,0.009840,0.006111,0.000097,0.000037,25.250938,0.050609,318.492116,8.784822,0.458209,0.250000,0.006128,0.000019
2023-04-04,rmt_hard,minimum_variance,0.008025,0.005964,0.000064,0.000036,5.763410,0.176218,318.492116,8.784822,0.458209,0.250000,0.006128,0.000019
2023-04-04,rmt_hard,risk_parity,0.010806,0.006811,0.000117,0.000046,30.000000,0.038471,318.492116,8.784822,0.458209,0.250000,0.006128,0.000019
2023-04-04,rmt_hard,hrp,0.009779,0.006100,0.000096,0.000037,24.967513,0.050379,318.492116,8.784822,0.458209,0.250000,0.006128,0.000019
2023-04-04,rmt_hard,max_diversification,0.010592,0.008948,0.000112,0.000080,7.031994,0.134976,318.492116,8.784822,0.458209,0.250000,0.006128,0.000019
2023-04-04,rmt_soft,equal_weight,0.012695,0.007941,0.000161,0.000063,24.763410,0.033333,318.492116,8.784822,0.458209,0.250000,0.006128,0.000019
2023-04-04,rmt_soft,inverse_variance,0.009876,0.006137,0.000098,0.000038,25.405727,0.050193,318.492116,8.784822,0.458209,0.250000,0.006128,0.000019
2023-04-04,rmt_soft,minimum_variance,0.008084,0.006036,0.000065,0.000036,6.281187,0.162321,318.492116,8.784822,0.458209,0.250000,0.006128,0.000019
2023-04-04,rmt_soft,risk_parity,0.010808,0.006813,0.000117,0.000046,30.000000,0.038466,318.492116,8.784822,0.458209,0.250000,0.006128,0.000019
2023-04-04,rmt_soft,hrp,0.009643,0.006096,0.000093,0.000037,23.565056,0.055805,318.492116,8.784822,0.458209,0.250000,0.006128,0.000019
2023-04-04,rmt_soft,max_diversification,0.010501,0.008857,0.000110,0.000078,6.934315,0.140472,318.492116,8.784822,0.458209,0.250000,0.006128,0.000019
2023-04-04,rmt_rie,equal_weight,0.011541,0.007941,0.000133,0.000063,24.785926,0.033333,318.492116,8.784822,0.458209,0.250000,0.006128,0.000019
2023-04-04,rmt_rie,inverse_variance,0.008980,0.006145,0.000081,0.000038,25.749364,0.049666,318.492116,8.784822,0.458209,0.250000,0.006128,0.000019
2023-04-04,rmt_rie,minimum_variance,0.007379,0.006068,0.000054,0.000037,6.470644,0.157496,318.492116,8.784822,0.458209,0.250000,0.006128,0.000019
2023-04-04,rmt_rie,risk_parity,0.009820,0.006811,0.000096,0.000046,30.000000,0.038485,318.492116,8.784822,0.458209,0.250000,0.006128,0.000019
2023-04-04,rmt_rie,hrp,0.008842,0.006153,0.000078,0.000038,25.136661,0.051295,318.492116,8.784822,0.458209,0.250000,0.006128,0.000019
2023-04-04,rmt_rie,max_diversification,0.009500,0.008432,0.000090,0.000071,8.175000,0.122558,318.492116,8.784822,0.458209,0.250000,0.006128,0.000019
2023-04-04,factor_model,equal_weight,0.012835,0.007941,0.000165,0.000063,24.538608,0.033333,318.492116,8.784822,0.458209,0.250000,0.006128,0.000019
2023-04-04,factor_model,inverse_variance,0.009715,0.006144,0.000094,0.000038,26.776286,0.049771,318.492116,8.784822,0.458209,0.250000,0.006128,0.000019
2023-04-04,factor_model,minimum_variance,0.006907,0.006264,0.000048,0.000039,5.961670,0.169667,318.492116,8.784822,0.458209,0.250000,0.006128,0.000019
2023-04-04,factor_model,risk_parity,0.010565,0.006661,0.000112,0.000044,30.000000,0.040176,318.492116,8.784822,0.458209,0.250000,0.006128,0.000019
2023-04-04,factor_model,hrp,0.008932,0.005834,0.000080,0.000034,22.429380,0.062605,318.492116,8.784822,0.458209,0.250000,0.006128,0.000019
2023-04-04,factor_model,max_diversification,0.008735,0.007912,0.000076,0.000063,7.399762,0.127766,318.492116,8.784822,0.458209,0.250000,0.006128,0.000019
2023-05-04,sample,equal_weight,0.011489,0.008258,0.000132,0.000068,23.863677,0.033333,299.828543,9.294500,0.457086,0.250000,0.005238,0.000017
2023-05-04,sample,inverse_variance,0.008699,0.006517,0.000076,0.000042,25.692974,0.050654,299.828543,9.294500,0.457086,0.250000,0.005238,0.000017
2023-05-04,sample,minimum_variance,0.007063,0.005926,0.000050,0.000035,5.625127,0.179541,299.828543,9.294500,0.457086,0.250000,0.005238,0.000017
2023-05-04,sample,risk_parity,0.009462,0.006960,0.000090,0.000048,30.000000,0.039485,299.828543,9.294500,0.457086,0.250000,0.005238,0.000017
2023-05-04,sample,hrp,0.008361,0.006284,0.000070,0.000039,22.856452,0.057071,299.828543,9.294500,0.457086,0.250000,0.005238,0.000017
2023-05-04,sample,max_diversification,0.009115,0.007020,0.000083,0.000049,9.560781,0.100796,299.828543,9.294500,0.457086,0.250000,0.005238,0.000017
2023-05-04,ledoit_wolf,equal_weight,0.010938,0.008258,0.000120,0.000068,23.961771,0.033333,299.828543,9.294500,0.457086,0.250000,0.005238,0.000017
2023-05-04,ledoit_wolf,inverse_variance,0.008631,0.006719,0.000074,0.000045,27.484394,0.044813,299.828543,9.294500,0.457086,0.250000,0.005238,0.000017
2023-05-04,ledoit_wolf,minimum_variance,0.007101,0.005860,0.000050,0.000034,7.379887,0.135504,299.828543,9.294500,0.457086,0.250000,0.005238,0.000017
2023-05-04,ledoit_wolf,risk_parity,0.009084,0.006993,0.000083,0.000049,30.000000,0.039088,299.828543,9.294500,0.457086,0.250000,0.005238,0.000017
2023-05-04,ledoit_wolf,hrp,0.008178,0.006316,0.000067,0.000040,24.455003,0.052303,299.828543,9.294500,0.457086,0.250000,0.005238,0.000017
2023-05-04,ledoit_wolf,max_diversification,0.008393,0.006675,0.000070,0.000045,11.459867,0.087467,299.828543,9.294500,0.457086,0.250000,0.005238,0.000017
2023-05-04,constant_corr,equal_weight,0.011441,0.008258,0.000131,0.000068,23.863677,0.033333,299.828543,9.294500,0.457086,0.250000,0.005238,0.000017
2023-05-04,constant_corr,inverse_variance,0.008662,0.006517,0.000075,0.000042,25.692974,0.050654,299.828543,9.294500,0.457086,0.250000,0.005238,0.000017
2023-05-04,constant_corr,minimum_variance,0.007034,0.005926,0.000049,0.000035,5.625151,0.179540,299.828543,9.294500,0.457086,0.250000,0.005238,0.000017
2023-05-04,constant_corr,risk_parity,0.009423,0.006960,0.000089,0.000048,30.000000,0.039485,299.828543,9.294500,0.457086,0.250000,0.005238,0.000017
2023-05-04,constant_corr,hrp,0.008326,0.006284,0.000069,0.000039,22.856452,0.057071,299.828543,9.294500,0.457086,0.250000,0.005238,0.000017
2023-05-04,constant_corr,max_diversification,0.009076,0.007020,0.000082,0.000049,9.560781,0.100796,299.828543,9.294500,0.457086,0.250000,0.005238,0.000017
2023-05-04,rmt_hard,equal_weight,0.011490,0.008258,0.000132,0.000068,23.851475,0.033333,299.828543,9.294500,0.457086,0.250000,0.005238,0.000017
2023-05-04,rmt_hard,inverse_variance,0.008617,0.006463,0.000074,0.000042,25.372031,0.051209,299.828543,9.294500,0.457086,0.250000,0.005238,0.000017
2023-05-04,rmt_hard,minimum_variance,0.007049,0.006004,0.000050,0.000036,5.745458,0.176037,299.828543,9.294500,0.457086,0.250000,0.005238,0.000017
2023-05-04,rmt_hard,risk_parity,0.009462,0.006962,0.000090,0.000048,30.000000,0.039487,299.828543,9.294500,0.457086,0.250000,0.005238,0.000017
2023-05-04,rmt_hard,hrp,0.008474,0.006320,0.000072,0.000040,24.349562,0.053656,299.828543,9.294500,0.457086,0.250000,0.005238,0.000017
2023-05-04,rmt_hard,max_diversification,0.009158,0.007207,0.000084,0.000052,10.059839,0.101401,299.828543,9.294500,0.457086,0.250000,0.005238,0.000017
2023-05-04,rmt_soft,equal_weight,0.011491,0.008258,0.000132,0.000068,23.849387,0.033333,299.828543,9.294500,0.457086,0.250000,0.005238,0.000017
2023-05-04,rmt_soft,inverse_variance,0.008655,0.006485,0.000075,0.000042,25.465897,0.051099,299.828543,9.294500,0.457086,0.250000,0.005238,0.000017
2023-05-04,rmt_soft,minimum_variance,0.007087,0.006006,0.000050,0.000036,5.778715,0.174486,299.828543,9.294500,0.457086,0.250000,0.005238,0.000017
2023-05-04,rmt_soft,risk_parity,0.009463,0.006961,0.000090,0.000048,30.000000,0.039485,299.828543,9.294500,0.457086,0.250000,0.005238,0.000017
2023-05-04,rmt_soft,hrp,0.008299,0.006358,0.000069,0.000040,22.946609,0.056825,299.828543,9.294500,0.457086,0.250000,0.005238,0.000017
2023-05-04,rmt_soft,max_diversification,0.009113,0.006995,0.000083,0.000049,10.408316,0.095078,299.828543,9.294500,0.457086,0.250000,0.005238,0.000017
2023-05-04,rmt_rie,equal_weight,0.010431,0.008258,0.000109,0.000068,23.886237,0.033333,299.828543,9.294500,0.457086,0.250000,0.005238,0.000017
2023-05-04,rmt_rie,inverse_variance,0.007823,0.006463,0.000061,0.000042,25.714818,0.051162,299.828543,9.294500,0.457086,0.250000,0.005238,0.000017
2023-05-04,rmt_rie,minimum_variance,0.006405,0.005912,0.000041,0.000035,6.089591,0.166049,299.828543,9.294500,0.457086,0.250000,0.005238,0.000017
2023-05-04,rmt_rie,risk_parity,0.008577,0.006950,0.000074,0.000048,30.000000,0.039569,299.828543,9.294500,0.457086,0.250000,0.005238,0.000017
2023-05-04,rmt_rie,hrp,0.007530,0.005942,0.000057,0.000035,23.075983,0.057905,299.828543,9.294500,0.457086,0.250000,0.005238,0.000017
2023-05-04,rmt_rie,max_diversification,0.008141,0.006815,0.000066,0.000046,11.164149,0.088518,299.828543,9.294500,0.457086,0.250000,0.005238,0.000017
2023-05-04,factor_model,equal_weight,0.011630,0.008258,0.000135,0.000068,23.673211,0.033333,299.828543,9.294500,0.457086,0.250000,0.005238,0.000017
2023-05-04,factor_model,inverse_variance,0.008490,0.006517,0.000072,0.000042,27.085381,0.050654,299.828543,9.294500,0.457086,0.250000,0.005238,0.000017
2023-05-04,factor_model,minimum_variance,0.005844,0.005922,0.000034,0.000035,6.141806,0.162820,299.828543,9.294500,0.457086,0.250000,0.005238,0.000017
2023-05-04,factor_model,risk_parity,0.009118,0.006656,0.000083,0.000044,30.000000,0.042184,299.828543,9.294500,0.457086,0.250000,0.005238,0.000017
2023-05-04,factor_model,hrp,0.007677,0.005938,0.000059,0.000035,23.719465,0.063427,299.828543,9.294500,0.457086,0.250000,0.005238,0.000017
2023-05-04,factor_model,max_diversification,0.006966,0.004816,0.000049,0.000023,9.728400,0.111403,299.828543,9.294500,0.457086,0.250000,0.005238,0.000017
2023-06-05,sample,equal_weight,0.009838,0.005818,0.000097,0.000034,24.601667,0.033333,281.818513,10.937955,0.369057,0.250000,0.003874,0.000014
2023-06-05,sample,inverse_variance,0.007766,0.005087,0.000060,0.000026,24.413070,0.051068,281.818513,10.937955,0.369057,0.250000,0.003874,0.000014
2023-06-05,sample,minimum_variance,0.006864,0.005137,0.000047,0.000026,7.003861,0.143285,281.818513,10.937955,0.369057,0.250000,0.003874,0.000014
2023-06-05,sample,risk_parity,0.008457,0.005349,0.000072,0.000029,30.000000,0.038091,281.818513,10.937955,0.369057,0.250000,0.003874,0.000014
2023-06-05,sample,hrp,0.007821,0.005272,0.000061,0.000028,25.639739,0.047820,281.818513,10.937955,0.369057,0.250000,0.003874,0.000014
2023-06-05,sample,max_diversification,0.008783,0.005725,0.000077,0.000033,10.662059,0.101310,281.818513,10.937955,0.369057,0.250000,0.003874,0.000014
2023-06-05,ledoit_wolf,equal_weight,0.009323,0.005818,0.000087,0.000034,24.727684,0.033333,281.818513,10.937955,0.369057,0.250000,0.003874,0.000014
2023-06-05,ledoit_wolf,inverse_variance,0.007658,0.005214,0.000059,0.000027,26.790468,0.044392,281.818513,10.937955,0.369057,0.250000,0.003874,0.000014
2023-06-05,ledoit_wolf,minimum_variance,0.006798,0.005362,0.000046,0.000029,9.398936,0.106397,281.818513,10.937955,0.369057,0.250000,0.003874,0.000014
2023-06-05,ledoit_wolf,risk_parity,0.008081,0.005365,0.000065,0.000029,30.000000,0.037736,281.818513,10.937955,0.369057,0.250000,0.003874,0.000014
2023-06-05,ledoit_wolf,hrp,0.007440,0.005298,0.000055,0.000028,24.164840,0.049402,281.818513,10.937955,0.369057,0.250000,0.003874,0.000014
2023-06-05,ledoit_wolf,max_diversification,0.008044,0.005362,0.000065,0.000029,13.317154,0.076624,281.818513,10.937955,0.369057,0.250000,0.003874,0.000014
2023-06-05,constant_corr,equal_weight,0.009797,0.005818,0.000096,0.000034,24.601667,0.033333,281.818513,10.937955,0.369057,0.250000,0.003874,0.000014
2023-06-05,constant_corr,inverse_variance,0.007733,0.005087,0.000060,0.000026,24.413070,0.051068,281.818513,10.937955,0.369057,0.250000,0.003874,0.000014
2023-06-05,constant_corr,minimum_variance,0.006835,0.005137,0.000047,0.000026,7.003866,0.143285,281.818513,10.937955,0.369057,0.250000,0.003874,0.000014
2023-06-05,constant_corr,risk_parity,0.008422,0.005349,0.000071,0.000029,30.000000,0.038091,281.818513,10.937955,0.369057,0.250000,0.003874,0.000014
2023-06-05,constant_corr,hrp,0.007788,0.005272,0.000061,0.000028,25.639739,0.047820,281.818513,10.937955,0.369057,0.250000,0.003874,0.000014
2023-06-05,constant_corr,max_diversification,0.008746,0.005725,0.000076,0.000033,10.662059,0.101310,281.818513,10.937955,0.369057,0.250000,0.003874,0.000014
2023-06-05,rmt_hard,equal_weight,0.009838,0.005818,0.000097,0.000034,24.594685,0.033333,281.818513,10.937955,0.369057,0.250000,0.003874,0.000014
2023-06-05,rmt_hard,inverse_variance,0.007757,0.005158,0.000060,0.000027,24.484850,0.050610,281.818513,10.937955,0.369057,0.250000,0.003874,0.000014
2023-06-05,rmt_hard,minimum_variance,0.006876,0.004994,0.000047,0.000025,7.040534,0.142037,281.818513,10.937955,0.369057,0.250000,0.003874,0.000014
2023-06-05,rmt_hard,risk_parity,0.008456,0.005353,0.000072,0.000029,30.000000,0.038086,281.818513,10.937955,0.369057,0.250000,0.003874,0.000014
2023-06-05,rmt_hard,hrp,0.007731,0.005314,0.000060,0.000028,24.740311,0.049485,281.818513,10.937955,0.369057,0.250000,0.003874,0.000014
2023-06-05,rmt_hard,max_diversification,0.008722,0.005426,0.000076,0.000029,11.470794,0.092218,281.818513,10.937955,0.369057,0.250000,0.003874,0.000014
2023-06-05,rmt_soft,equal_weight,0.009840,0.005818,0.000097,0.000034,24.580044,0.033333,281.818513,10.937955,0.369057,0.250000,0.003874,0.000014
2023-06-05,rmt_soft,inverse_variance,0.007749,0.005111,0.000060,0.000026,24.361816,0.051094,281.818513,10.937955,0.369057,0.250000,0.003874,0.000014
2023-06-05,rmt_soft,minimum_variance,0.006882,0.005089,0.000047,0.000026,7.207429,0.138750,281.818513,10.937955,0.369057,0.250000,0.003874,0.000014
2023-06-05,rmt_soft,risk_parity,0.008457,0.005351,0.000072,0.000029,30.000000,0.038090,281.818513,10.937955,0.369057,0.250000,0.003874,0.000014
2023-06-05,rmt_soft,hrp,0.007698,0.005347,0.000059,0.000029,23.392461,0.051795,281.818513,10.937955,0.369057,0.250000,0.003874,0.000014
2023-06-05,rmt_soft,max_diversification,0.008802,0.005655,0.000077,0.000032,11.918237,0.090135,281.818513,10.937955,0.369057,0.250000,0.003874,0.000014
2023-06-05,rmt_rie,equal_weight,0.008902,0.005818,0.000079,0.000034,24.590453,0.033333,281.818513,10.937955,0.369057,0.250000,0.003874,0.000014
2023-06-05,rmt_rie,inverse_variance,0.007008,0.005103,0.000049,0.000026,24.513466,0.050856,281.818513,10.937955,0.369057,0.250000,0.003874,0.000014
2023-06-05,rmt_rie,minimum_variance,0.006232,0.005138,0.000039,0.000026,7.647309,0.130772,281.818513,10.937955,0.369057,0.250000,0.003874,0.000014
2023-06-05,rmt_rie,risk_parity,0.007648,0.005350,0.000058,0.000029,30.000000,0.038104,281.818513,10.937955,0.369057,0.250000,0.003874,0.000014
2023-06-05,rmt_rie,hrp,0.006943,0.005269,0.000048,0.000028,23.692430,0.051496,281.818513,10.937955,0.369057,0.250000,0.003874,0.000014
2023-06-05,rmt_rie,max_diversification,0.007949,0.005691,0.000063,0.000032,12.817571,0.086238,281.818513,10.937955,0.369057,0.250000,0.003874,0.000014
2023-06-05,factor_model,equal_weight,0.009992,0.005818,0.000100,0.000034,24.173603,0.033333,281.818513,10.937955,0.369057,0.250000,0.003874,0.000014
2023-06-05,factor_model,inverse_variance,0.007463,0.005087,0.000056,0.000026,26.496664,0.051068,281.818513,10.937955,0.369057,0.250000,0.003874,0.000014
2023-06-05,factor_model,minimum_variance,0.005438,0.005036,0.000030,0.000025,6.717749,0.148861,281.818513,10.937955,0.369057,0.250000,0.003874,0.000014
2023-06-05,factor_model,risk_parity,0.008036,0.005230,0.000065,0.000027,30.000000,0.041417,281.818513,10.937955,0.369057,0.250000,0.003874,0.000014
2023-06-05,factor_model,hrp,0.006767,0.005133,0.000046,0.000026,21.989795,0.063979,281.818513,10.937955,0.369057,0.250000,0.003874,0.000014
2023-06-05,factor_model,max_diversification,0.006430,0.005437,0.000041,0.000030,10.725925,0.102482,281.818513,10.937955,0.369057,0.250000,0.003874,0.000014
2023-07-06,sample,equal_weight,0.008877,0.005979,0.000079,0.000036,24.275869,0.033333,249.446085,11.539812,0.337096,0.250000,0.003289,0.000013
2023-07-06,sample,inverse_variance,0.006890,0.005069,0.000047,0.000026,24.529563,0.052445,249.446085,11.539812,0.337096,0.250000,0.003289,0.000013
2023-07-06,sample,minimum_variance,0.006024,0.005853,0.000036,0.000034,7.135904,0.143973,249.446085,11.539812,0.337096,0.250000,0.003289,0.000013
2023-07-06,sample,risk_parity,0.007502,0.005243,0.000056,0.000027,30.000000,0.038972,249.446085,11.539812,0.337096,0.250000,0.003289,0.000013
2023-07-06,sample,hrp,0.006794,0.005262,0.000046,0.000028,23.310829,0.052868,249.446085,11.539812,0.337096,0.250000,0.003289,0.000013
2023-07-06,sample,max_diversification,0.007679,0.005508,0.000059,0.000030,12.068764,0.086364,249.446085,11.539812,0.337096,0.250000,0.003289,0.000013
2023-07-06,ledoit_wolf,equal_weight,0.008345,0.005979,0.000070,0.000036,24.455726,0.033333,249.446085,11.539812,0.337096,0.250000,0.003289,0.000013
2023-07-06,ledoit_wolf,inverse_variance,0.006836,0.005128,0.000047,0.000026,27.188210,0.043919,249.446085,11.539812,0.337096,0.250000,0.003289,0.000013
2023-07-06,ledoit_wolf,minimum_variance,0.006038,0.005517,0.000036,0.000030,9.757793,0.102483,249.446085,11.539812,0.337096,0.250000,0.003289,0.000013
2023-07-06,ledoit_wolf,risk_parity,0.007146,0.005267,0.000051,0.000028,30.000000,0.038341,249.446085,11.539812,0.337096,0.250000,0.003289,0.000013
2023-07-06,ledoit_wolf,hrp,0.006507,0.005176,0.000042,0.000027,22.899941,0.053043,249.446085,11.539812,0.337096,0.250000,0.003289,0.000013
2023-07-06,ledoit_wolf,max_diversification,0.006933,0.005247,0.000048,0.000028,15.559000,0.068780,249.446085,11.539812,0.337096,0.250000,0.003289,0.000013
2023-07-06,constant_corr,equal_weight,0.008840,0.005979,0.000078,0.000036,24.275869,0.033333,249.446085,11.539812,0.337096,0.250000,0.003289,0.000013
2023-07-06,constant_corr,inverse_variance,0.006861,0.005069,0.000047,0.000026,24.529563,0.052445,249.446085,11.539812,0.337096,0.250000,0.003289,0.000013
2023-07-06,constant_corr,minimum_variance,0.005998,0.005853,0.000036,0.000034,7.135936,0.143972,249.446085,11.539812,0.337096,0.250000,0.003289,0.000013
2023-07-06,constant_corr,risk_parity,0.007471,0.005243,0.000056,0.000027,30.000000,0.038972,249.446085,11.539812,0.337096,0.250000,0.003289,0.000013
2023-07-06,constant_corr,hrp,0.006765,0.005262,0.000046,0.000028,23.310829,0.052868,249.446085,11.539812,0.337096,0.250000,0.003289,0.000013
2023-07-06,constant_corr,max_diversification,0.007647,0.005508,0.000058,0.000030,12.068764,0.086364,249.446085,11.539812,0.337096,0.250000,0.003289,0.000013
2023-07-06,rmt_hard,equal_weight,0.008876,0.005979,0.000079,0.000036,24.266736,0.033333,249.446085,11.539812,0.337096,0.250000,0.003289,0.000013
2023-07-06,rmt_hard,inverse_variance,0.006848,0.005114,0.000047,0.000026,24.327273,0.052802,249.446085,11.539812,0.337096,0.250000,0.003289,0.000013
2023-07-06,rmt_hard,minimum_variance,0.005991,0.006003,0.000036,0.000036,6.734275,0.150814,249.446085,11.539812,0.337096,0.250000,0.003289,0.000013
2023-07-06,rmt_hard,risk_parity,0.007496,0.005244,0.000056,0.000027,30.000000,0.038979,249.446085,11.539812,0.337096,0.250000,0.003289,0.000013
2023-07-06,rmt_hard,hrp,0.006794,0.005113,0.000046,0.000026,23.050459,0.054297,249.446085,11.539812,0.337096,0.250000,0.003289,0.000013
2023-07-06,rmt_hard,max_diversification,0.007642,0.005775,0.000058,0.000033,11.702760,0.087981,249.446085,11.539812,0.337096,0.250000,0.003289,0.000013
2023-07-06,rmt_soft,equal_weight,0.008880,0.005979,0.000079,0.000036,24.250251,0.033333,249.446085,11.539812,0.337096,0.250000,0.003289,0.000013
2023-07-06,rmt_soft,inverse_variance,0.006863,0.005080,0.000047,0.000026,24.401182,0.052749,249.446085,11.539812,0.337096,0.250000,0.003289,0.000013
2023-07-06,rmt_soft,minimum_variance,0.006030,0.005882,0.000036,0.000035,7.239305,0.141428,249.446085,11.539812,0.337096,0.250000,0.003289,0.000013
2023-07-06,rmt_soft,risk_parity,0.007502,0.005244,0.000056,0.000028,30.000000,0.038974,249.446085,11.539812,0.337096,0.250000,0.003289,0.000013
2023-07-06,rmt_soft,hrp,0.006801,0.005243,0.000046,0.000027,23.625102,0.052197,249.446085,11.539812,0.337096,0.250000,0.003289,0.000013
2023-07-06,rmt_soft,max_diversification,0.007707,0.005693,0.000059,0.000032,13.548317,0.076824,249.446085,11.539812,0.337096,0.250000,0.003289,0.000013
2023-07-06,rmt_rie,equal_weight,0.008005,0.005979,0.000064,0.000036,24.233728,0.033333,249.446085,11.539812,0.337096,0.250000,0.003289,0.000013
2023-07-06,rmt_rie,inverse_variance,0.006209,0.005082,0.000039,0.000026,24.565827,0.052013,249.446085,11.539812,0.337096,0.250000,0.003289,0.000013
2023-07-06,rmt_rie,minimum_variance,0.005501,0.005784,0.000030,0.000033,7.373171,0.137362,249.446085,11.539812,0.337096,0.250000,0.003289,0.000013
2023-07-06,rmt_rie,risk_parity,0.006770,0.005247,0.000046,0.000028,30.000000,0.038880,249.446085,11.539812,0.337096,0.250000,0.003289,0.000013
2023-07-06,rmt_rie,hrp,0.006136,0.005158,0.000038,0.000027,22.461062,0.053986,249.446085,11.539812,0.337096,0.250000,0.003289,0.000013
2023-07-06,rmt_rie,max_diversification,0.006925,0.005484,0.000048,0.000030,13.784190,0.075237,249.446085,11.539812,0.337096,0.250000,0.003289,0.000013
2023-07-06,factor_model,equal_weight,0.009010,0.005979,0.000081,0.000036,23.544297,0.033333,249.446085,11.539812,0.337096,0.250000,0.003289,0.000013
2023-07-06,factor_model,inverse_variance,0.006526,0.005069,0.000043,0.000026,26.696713,0.052445,249.446085,11.539812,0.337096,0.250000,0.003289,0.000013
2023-07-06,factor_model,minimum_variance,0.004536,0.006133,0.000021,0.000038,6.639277,0.151545,249.446085,11.539812,0.337096,0.250000,0.003289,0.000013
2023-07-06,factor_model,risk_parity,0.006854,0.005137,0.000047,0.000026,30.000000,0.044355,249.446085,11.539812,0.337096,0.250000,0.003289,0.000013
2023-07-06,factor_model,hrp,0.005598,0.005392,0.000031,0.000029,20.406816,0.075066,249.446085,11.539812,0.337096,0.250000,0.003289,0.000013
2023-07-06,factor_model,max_diversification,0.005138,0.006033,0.000026,0.000036,10.533315,0.102762,249.446085,11.539812,0.337096,0.250000,0.003289,0.000013
2023-08-04,sample,equal_weight,0.008020,0.007251,0.000064,0.000053,24.964116,0.033333,193.374691,12.470396,0.303190,0.250000,0.002594,0.000013
2023-08-04,sample,inverse_variance,0.006434,0.005762,0.000041,0.000033,23.593992,0.053687,193.374691,12.470396,0.303190,0.250000,0.002594,0.000013
2023-08-04,sample,minimum_variance,0.005475,0.005607,0.000030,0.000031,6.645223,0.155223,193.374691,12.470396,0.303190,0.250000,0.002594,0.000013
2023-08-04,sample,risk_parity,0.006890,0.006302,0.000047,0.000040,30.000000,0.038655,193.374691,12.470396,0.303190,0.250000,0.002594,0.000013
2023-08-04,sample,hrp,0.006383,0.005736,0.000041,0.000033,23.625297,0.052776,193.374691,12.470396,0.303190,0.250000,0.002594,0.000013
2023-08-04,sample,max_diversification,0.006662,0.006572,0.000044,0.000043,11.658933,0.084136,193.374691,12.470396,0.303190,0.250000,0.002594,0.000013
2023-08-04,ledoit_wolf,equal_weight,0.007526,0.007251,0.000057,0.000053,25.146490,0.033333,193.374691,12.470396,0.303190,0.250000,0.002594,0.000013
2023-08-04,ledoit_wolf,inverse_variance,0.006360,0.005958,0.000040,0.000035,26.595320,0.043890,193.374691,12.470396,0.303190,0.250000,0.002594,0.000013
2023-08-04,ledoit_wolf,minimum_variance,0.005532,0.005599,0.000031,0.000031,9.503689,0.105224,193.374691,12.470396,0.303190,0.250000,0.002594,0.000013
2023-08-04,ledoit_wolf,risk_parity,0.006553,0.006342,0.000043,0.000040,30.000000,0.037972,193.374691,12.470396,0.303190,0.250000,0.002594,0.000013
2023-08-04,ledoit_wolf,hrp,0.006119,0.005769,0.000037,0.000033,22.735357,0.052228,193.374691,12.470396,0.303190,0.250000,0.002594,0.000013
2023-08-04,ledoit_wolf,max_diversification,0.006147,0.006362,0.000038,0.000040,13.728187,0.074317,193.374691,12.470396,0.303190,0.250000,0.002594,0.000013
2023-08-04,constant_corr,equal_weight,0.007986,0.007251,0.000064,0.000053,24.964116,0.033333,193.374691,12.470396,0.303190,0.250000,0.002594,0.000013
2023-08-04,constant_corr,inverse_variance,0.006407,0.005762,0.000041,0.000033,23.593992,0.053687,193.374691,12.470396,0.303190,0.250000,0.002594,0.000013
2023-08-04,constant_corr,minimum_variance,0.005452,0.005607,0.000030,0.000031,6.645215,0.155223,193.374691,12.470396,0.303190,0.250000,0.002594,0.000013
2023-08-04,constant_corr,risk_parity,0.006861,0.006302,0.000047,0.000040,30.000000,0.038655,193.374691,12.470396,0.303190,0.250000,0.002594,0.000013
2023-08-04,constant_corr,hrp,0.006356,0.005736,0.000040,0.000033,23.625297,0.052776,193.374691,12.470396,0.303190,0.250000,0.002594,0.000013
2023-08-04,constant_corr,max_diversification,0.006634,0.006572,0.000044,0.000043,11.658933,0.084136,193.374691,12.470396,0.303190,0.250000,0.002594,0.000013
2023-08-04,rmt_hard,equal_weight,0.008020,0.007251,0.000064,0.000053,24.947182,0.033333,193.374691,12.470396,0.303190,0.250000,0.002594,0.000013
2023-08-04,rmt_hard,inverse_variance,0.006370,0.005759,0.000041,0.000033,23.572829,0.054479,193.374691,12.470396,0.303190,0.250000,0.002594,0.000013
2023-08-04,rmt_hard,minimum_variance,0.005434,0.005738,0.000030,0.000033,6.086511,0.167628,193.374691,12.470396,0.303190,0.250000,0.002594,0.000013
2023-08-04,rmt_hard,risk_parity,0.006889,0.006305,0.000047,0.000040,30.000000,0.038629,193.374691,12.470396,0.303190,0.250000,0.002594,0.000013
2023-08-04,rmt_hard,hrp,0.006381,0.005730,0.000041,0.000033,23.575824,0.052655,193.374691,12.470396,0.303190,0.250000,0.002594,0.000013
2023-08-04,rmt_hard,max_diversification,0.006695,0.006573,0.000045,0.000043,11.365496,0.082951,193.374691,12.470396,0.303190,0.250000,0.002594,0.000013
2023-08-04,rmt_soft,equal_weight,0.008023,0.007251,0.000064,0.000053,24.954549,0.033333,193.374691,12.470396,0.303190,0.250000,0.002594,0.000013
2023-08-04,rmt_soft,inverse_variance,0.006397,0.005767,0.000041,0.000033,23.534362,0.054186,193.374691,12.470396,0.303190,0.250000,0.002594,0.000013
2023-08-04,rmt_soft,minimum_variance,0.005491,0.005628,0.000030,0.000032,6.665589,0.153601,193.374691,12.470396,0.303190,0.250000,0.002594,0.000013
2023-08-04,rmt_soft,risk_parity,0.006893,0.006301,0.000048,0.000040,30.000000,0.038665,193.374691,12.470396,0.303190,0.250000,0.002594,0.000013
2023-08-04,rmt_soft,hrp,0.006373,0.005797,0.000041,0.000034,24.075683,0.051778,193.374691,12.470396,0.303190,0.250000,0.002594,0.000013
2023-08-04,rmt_soft,max_diversification,0.006627,0.006505,0.000044,0.000042,12.389983,0.078953,193.374691,12.470396,0.303190,0.250000,0.002594,0.000013
2023-08-04,rmt_rie,equal_weight,0.007216,0.007251,0.000052,0.000053,24.938636,0.033333,193.374691,12.470396,0.303190,0.250000,0.002594,0.000013
2023-08-04,rmt_rie,inverse_variance,0.005791,0.005767,0.000034,0.000033,23.706952,0.053032,193.374691,12.470396,0.303190,0.250000,0.002594,0.000013
2023-08-04,rmt_rie,minimum_variance,0.005025,0.005584,0.000025,0.000031,6.819088,0.148129,193.374691,12.470396,0.303190,0.250000,0.002594,0.000013
2023-08-04,rmt_rie,risk_parity,0.006220,0.006312,0.000039,0.000040,30.000000,0.038457,193.374691,12.470396,0.303190,0.250000,0.002594,0.000013
2023-08-04,rmt_rie,hrp,0.005791,0.005809,0.000034,0.000034,23.301182,0.052540,193.374691,12.470396,0.303190,0.250000,0.002594,0.000013
2023-08-04,rmt_rie,max_diversification,0.006055,0.006513,0.000037,0.000042,13.025336,0.075599,193.374691,12.470396,0.303190,0.250000,0.002594,0.000013
2023-08-04,factor_model,equal_weight,0.008200,0.007251,0.000067,0.000053,24.425223,0.033333,193.374691,12.470396,0.303190,0.250000,0.002594,0.000013
2023-08-04,factor_model,inverse_variance,0.006279,0.005762,0.000039,0.000033,25.378775,0.053687,193.374691,12.470396,0.303190,0.250000,0.002594,0.000013
2023-08-04,factor_model,minimum_variance,0.004703,0.005405,0.000022,0.000029,6.171792,0.163389,193.374691,12.470396,0.303190,0.250000,0.002594,0.000013
2023-08-04,factor_model,risk_parity,0.006635,0.006112,0.000044,0.000037,30.000000,0.041703,193.374691,12.470396,0.303190,0.250000,0.002594,0.000013
2023-08-04,factor_model,hrp,0.005918,0.005681,0.000035,0.000032,22.862075,0.061919,193.374691,12.470396,0.303190,0.250000,0.002594,0.000013
2023-08-04,factor_model,max_diversification,0.005495,0.005588,0.000030,0.000031,9.919746,0.102411,193.374691,12.470396,0.303190,0.250000,0.002594,0.000013
2023-09-05,sample,equal_weight,0.007496,0.007343,0.000056,0.000054,24.252382,0.033333,214.577436,12.359268,0.305226,0.250000,0.002435,0.000011
2023-09-05,sample,inverse_variance,0.005973,0.006336,0.000036,0.000040,22.936278,0.054948,214.577436,12.359268,0.305226,0.250000,0.002435,0.000011
2023-09-05,sample,minimum_variance,0.005156,0.006041,0.000027,0.000036,6.426819,0.159930,214.577436,12.359268,0.305226,0.250000,0.002435,0.000011
2023-09-05,sample,risk_parity,0.006365,0.006565,0.000041,0.000043,30.000000,0.038646,214.577436,12.359268,0.305226,0.250000,0.002435,0.000011
2023-09-05,sample,hrp,0.005955,0.006104,0.000035,0.000037,23.648244,0.052199,214.577436,12.359268,0.305226,0.250000,0.002435,0.000011
2023-09-05,sample,max_diversification,0.006490,0.007023,0.000042,0.000049,9.448214,0.114318,214.577436,12.359268,0.305226,0.250000,0.002435,0.000011
2023-09-05,ledoit_wolf,equal_weight,0.007029,0.007343,0.000049,0.000054,24.474292,0.033333,214.577436,12.359268,0.305226,0.250000,0.002435,0.000011
2023-09-05,ledoit_wolf,inverse_variance,0.005916,0.006480,0.000035,0.000042,26.132136,0.044147,214.577436,12.359268,0.305226,0.250000,0.002435,0.000011
2023-09-05,ledoit_wolf,minimum_variance,0.005204,0.005817,0.000027,0.000034,10.652507,0.093886,214.577436,12.359268,0.305226,0.250000,0.002435,0.000011
2023-09-05,ledoit_wolf,risk_parity,0.006057,0.006602,0.000037,0.000044,30.000000,0.037975,214.577436,12.359268,0.305226,0.250000,0.002435,0.000011
2023-09-05,ledoit_wolf,hrp,0.005627,0.006463,0.000032,0.000042,20.424720,0.054756,214.577436,12.359268,0.305226,0.250000,0.002435,0.000011
2023-09-05,ledoit_wolf,max_diversification,0.005870,0.006438,0.000034,0.000041,12.609227,0.078093,214.577436,12.359268,0.305226,0.250000,0.002435,0.000011
2023-09-05,constant_corr,equal_weight,0.007465,0.007343,0.000056,0.000054,24.252382,0.033333,214.577436,12.359268,0.305226,0.250000,0.002435,0.000011
2023-09-05,constant_corr,inverse_variance,0.005948,0.006336,0.000035,0.000040,22.936278,0.054948,214.577436,12.359268,0.305226,0.250000,0.002435,0.000011
2023-09-05,constant_corr,minimum_variance,0.005135,0.006041,0.000026,0.000036,6.426752,0.159932,214.577436,12.359268,0.305226,0.250000,0.002435,0.000011
2023-09-05,constant_corr,risk_parity,0.006339,0.006565,0.000040,0.000043,30.000000,0.038646,214.577436,12.359268,0.305226,0.250000,0.002435,0.000011
2023-09-05,constant_corr,hrp,0.005930,0.006104,0.000035,0.000037,23.648244,0.052199,214.577436,12.359268,0.305226,0.250000,0.002435,0.000011
2023-09-05,constant_corr,max_diversification,0.006463,0.007023,0.000042,0.000049,9.448214,0.114318,214.577436,12.359268,0.305226,0.250000,0.002435,0.000011
2023-09-05,rmt_hard,equal_weight,0.007497,0.007343,0.000056,0.000054,24.264777,0.033333,214.577436,12.359268,0.305226,0.250000,0.002435,0.000011
2023-09-05,rmt_hard,inverse_variance,0.005928,0.006260,0.000035,0.000039,22.742969,0.055766,214.577436,12.359268,0.305226,0.250000,0.002435,0.000011
2023-09-05,rmt_hard,minimum_variance,0.005119,0.005729,0.000026,0.000033,6.180493,0.165063,214.577436,12.359268,0.305226,0.250000,0.002435,0.000011
2023-09-05,rmt_hard,risk_parity,0.006363,0.006559,0.000040,0.000043,30.000000,0.038691,214.577436,12.359268,0.305226,0.250000,0.002435,0.000011
2023-09-05,rmt_hard,hrp,0.005944,0.006140,0.000035,0.000038,23.214774,0.053872,214.577436,12.359268,0.305226,0.250000,0.002435,0.000011
2023-09-05,rmt_hard,max_diversification,0.006404,0.006652,0.000041,0.000044,10.434311,0.098863,214.577436,12.359268,0.305226,0.250000,0.002435,0.000011
2023-09-05,rmt_soft,equal_weight,0.007498,0.007343,0.000056,0.000054,24.251363,0.033333,214.577436,12.359268,0.305226,0.250000,0.002435,0.000011
2023-09-05,rmt_soft,inverse_variance,0.005952,0.006318,0.000035,0.000040,22.903086,0.055097,214.577436,12.359268,0.305226,0.250000,0.002435,0.000011
2023-09-05,rmt_soft,minimum_variance,0.005170,0.005923,0.000027,0.000035,6.725315,0.152533,214.577436,12.359268,0.305226,0.250000,0.002435,0.000011
2023-09-05,rmt_soft,risk_parity,0.006367,0.006564,0.000041,0.000043,30.000000,0.038656,214.577436,12.359268,0.305226,0.250000,0.002435,0.000011
2023-09-05,rmt_soft,hrp,0.005901,0.006113,0.000035,0.000037,22.629126,0.054424,214.577436,12.359268,0.305226,0.250000,0.002435,0.000011
2023-09-05,rmt_soft,max_diversification,0.006469,0.006723,0.000042,0.000045,10.602007,0.099302,214.577436,12.359268,0.305226,0.250000,0.002435,0.000011
2023-09-05,rmt_rie,equal_weight,0.006743,0.007343,0.000045,0.000054,24.181182,0.033333,214.577436,12.359268,0.305226,0.250000,0.002435,0.000011
2023-09-05,rmt_rie,inverse_variance,0.005379,0.006290,0.000029,0.000040,22.966210,0.054257,214.577436,12.359268,0.305226,0.250000,0.002435,0.000011
2023-09-05,rmt_rie,minimum_variance,0.004752,0.005716,0.000023,0.000033,7.324899,0.139346,214.577436,12.359268,0.305226,0.250000,0.002435,0.000011
2023-09-05,rmt_rie,risk_parity,0.005751,0.006565,0.000033,0.000043,30.000000,0.038391,214.577436,12.359268,0.305226,0.250000,0.002435,0.000011
2023-09-05,rmt_rie,hrp,0.005377,0.006182,0.000029,0.000038,22.703773,0.054229,214.577436,12.359268,0.305226,0.250000,0.002435,0.000011
2023-09-05,rmt_rie,max_diversification,0.005844,0.006593,0.000034,0.000043,11.761988,0.087248,214.577436,12.359268,0.305226,0.250000,0.002435,0.000011
2023-09-05,factor_model,equal_weight,0.007655,0.007343,0.000059,0.000054,23.555329,0.033333,214.577436,12.359268,0.305226,0.250000,0.002435,0.000011
2023-09-05,factor_model,inverse_variance,0.005762,0.006336,0.000033,0.000040,24.844665,0.054948,214.577436,12.359268,0.305226,0.250000,0.002435,0.000011
2023-09-05,factor_model,minimum_variance,0.004182,0.005681,0.000017,0.000032,6.620873,0.154019,214.577436,12.359268,0.305226,0.250000,0.002435,0.000011
2023-09-05,factor_model,risk_parity,0.006002,0.006386,0.000036,0.000041,30.000000,0.042549,214.577436,12.359268,0.305226,0.250000,0.002435,0.000011
2023-09-05,factor_model,hrp,0.005162,0.006208,0.000027,0.000039,18.540926,0.073716,214.577436,12.359268,0.305226,0.250000,0.002435,0.000011
2023-09-05,factor_model,max_diversification,0.004875,0.005655,0.000024,0.000032,8.046754,0.109063,214.577436,12.359268,0.305226,0.250000,0.002435,0.000011
2023-10-04,sample,equal_weight,0.007378,0.008983,0.000054,0.000081,23.957792,0.033333,179.376579,12.838746,0.309881,0.250000,0.002420,0.000013
2023-10-04,sample,inverse_variance,0.005963,0.007615,0.000036,0.000058,23.098940,0.052579,179.376579,12.838746,0.309881,0.250000,0.002420,0.000013
2023-10-04,sample,minimum_variance,0.005050,0.007447,0.000026,0.000055,7.554807,0.136190,179.376579,12.838746,0.309881,0.250000,0.002420,0.000013
2023-10-04,sample,risk_parity,0.006236,0.007847,0.000039,0.000062,30.000000,0.038684,179.376579,12.838746,0.309881,0.250000,0.002420,0.000013
2023-10-04,sample,hrp,0.005689,0.007389,0.000032,0.000055,19.368415,0.060063,179.376579,12.838746,0.309881,0.250000,0.002420,0.000013
2023-10-04,sample,max_diversification,0.006175,0.007318,0.000038,0.000054,9.716955,0.109555,179.376579,12.838746,0.309881,0.250000,0.002420,0.000013
2023-10-04,ledoit_wolf,equal_weight,0.006877,0.008983,0.000047,0.000081,24.216003,0.033333,179.376579,12.838746,0.309881,0.250000,0.002420,0.000013
2023-10-04,ledoit_wolf,inverse_variance,0.005853,0.007766,0.000034,0.000060,26.022656,0.042905,179.376579,12.838746,0.309881,0.250000,0.002420,0.000013
2023-10-04,ledoit_wolf,minimum_variance,0.005057,0.007018,0.000026,0.000049,11.780709,0.084891,179.376579,12.838746,0.309881,0.250000,0.002420,0.000013
2023-10-04,ledoit_wolf,risk_parity,0.005910,0.007902,0.000035,0.000062,30.000000,0.037950,179.376579,12.838746,0.309881,0.250000,0.002420,0.000013
2023-10-04,ledoit_wolf,hrp,0.005688,0.007520,0.000032,0.000057,25.928956,0.044472,179.376579,12.838746,0.309881,0.250000,0.002420,0.000013
2023-10-04,ledoit_wolf,max_diversification,0.005613,0.007245,0.000032,0.000052,13.203984,0.074982,179.376579,12.838746,0.309881,0.250000,0.002420,0.000013
2023-10-04,constant_corr,equal_weight,0.007347,0.008983,0.000054,0.000081,23.957792,0.033333,179.376579,12.838746,0.309881,0.250000,0.002420,0.000013
2023-10-04,constant_corr,inverse_variance,0.005938,0.007615,0.000035,0.000058,23.098940,0.052579,179.376579,12.838746,0.309881,0.250000,0.002420,0.000013
2023-10-04,constant_corr,minimum_variance,0.005029,0.007447,0.000025,0.000055,7.554855,0.136189,179.376579,12.838746,0.309881,0.250000,0.002420,0.000013
2023-10-04,constant_corr,risk_parity,0.006210,0.007847,0.000039,0.000062,30.000000,0.038684,179.376579,12.838746,0.309881,0.250000,0.002420,0.000013
2023-10-04,constant_corr,hrp,0.005666,0.007389,0.000032,0.000055,19.368415,0.060063,179.376579,12.838746,0.309881,0.250000,0.002420,0.000013
2023-10-04,constant_corr,max_diversification,0.006149,0.007318,0.000038,0.000054,9.716955,0.109555,179.376579,12.838746,0.309881,0.250000,0.002420,0.000013
2023-10-04,rmt_hard,equal_weight,0.007376,0.008983,0.000054,0.000081,23.934689,0.033333,179.376579,12.838746,0.309881,0.250000,0.002420,0.000013
2023-10-04,rmt_hard,inverse_variance,0.005908,0.007556,0.000035,0.000057,22.889737,0.053678,179.376579,12.838746,0.309881,0.250000,0.002420,0.000013
2023-10-04,rmt_hard,minimum_variance,0.005009,0.007385,0.000025,0.000055,6.867870,0.146672,179.376579,12.838746,0.309881,0.250000,0.002420,0.000013
2023-10-04,rmt_hard,risk_parity,0.006234,0.007838,0.000039,0.000061,30.000000,0.038602,179.376579,12.838746,0.309881,0.250000,0.002420,0.000013
2023-10-04,rmt_hard,hrp,0.005787,0.007416,0.000033,0.000055,22.601014,0.054129,179.376579,12.838746,0.309881,0.250000,0.002420,0.000013
2023-10-04,rmt_hard,max_diversification,0.006246,0.007820,0.000039,0.000061,10.995690,0.100494,179.376579,12.838746,0.309881,0.250000,0.002420,0.000013
2023-10-04,rmt_soft,equal_weight,0.007381,0.008983,0.000054,0.000081,23.950863,0.033333,179.376579,12.838746,0.309881,0.250000,0.002420,0.000013
2023-10-04,rmt_soft,inverse_variance,0.005937,0.007590,0.000035,0.000058,22.933484,0.053236,179.376579,12.838746,0.309881,0.250000,0.002420,0.000013
2023-10-04,rmt_soft,minimum_variance,0.005054,0.007419,0.000026,0.000055,7.412438,0.137072,179.376579,12.838746,0.309881,0.250000,0.002420,0.000013
2023-10-04,rmt_soft,risk_parity,0.006241,0.007849,0.000039,0.000062,30.000000,0.038652,179.376579,12.838746,0.309881,0.250000,0.002420,0.000013
2023-10-04,rmt_soft,hrp,0.005817,0.007402,0.000034,0.000055,23.081070,0.052831,179.376579,12.838746,0.309881,0.250000,0.002420,0.000013
2023-10-04,rmt_soft,max_diversification,0.006214,0.007628,0.000039,0.000058,11.489052,0.095315,179.376579,12.838746,0.309881,0.250000,0.002420,0.000013
2023-10-04,rmt_rie,equal_weight,0.006638,0.008983,0.000044,0.000081,23.859246,0.033333,179.376579,12.838746,0.309881,0.250000,0.002420,0.000013
2023-10-04,rmt_rie,inverse_variance,0.005336,0.007577,0.000028,0.000057,23.208402,0.052156,179.376579,12.838746,0.309881,0.250000,0.002420,0.000013
2023-10-04,rmt_rie,minimum_variance,0.004593,0.007365,0.000021,0.000054,7.766480,0.128886,179.376579,12.838746,0.309881,0.250000,0.002420,0.000013
2023-10-04,rmt_rie,risk_parity,0.005615,0.007844,0.000032,0.000062,30.000000,0.038563,179.376579,12.838746,0.309881,0.250000,0.002420,0.000013
2023-10-04,rmt_rie,hrp,0.005256,0.007417,0.000028,0.000055,23.591922,0.050743,179.376579,12.838746,0.309881,0.250000,0.002420,0.000013
2023-10-04,rmt_rie,max_diversification,0.005626,0.007548,0.000032,0.000057,12.402425,0.088610,179.376579,12.838746,0.309881,0.250000,0.002420,0.000013
2023-10-04,factor_model,equal_weight,0.007575,0.008983,0.000057,0.000081,23.586747,0.033333,179.376579,12.838746,0.309881,0.250000,0.002420,0.000013
2023-10-04,factor_model,inverse_variance,0.005904,0.007615,0.000035,0.000058,24.526004,0.052579,179.376579,12.838746,0.309881,0.250000,0.002420,0.000013
2023-10-04,factor_model,minimum_variance,0.004439,0.007354,0.000020,0.000054,6.776712,0.147963,179.376579,12.838746,0.309881,0.250000,0.002420,0.000013
2023-10-04,factor_model,risk_parity,0.006125,0.007718,0.000038,0.000060,30.000000,0.040862,179.376579,12.838746,0.309881,0.250000,0.002420,0.000013
2023-10-04,factor_model,hrp,0.005474,0.007433,0.000030,0.000055,21.396418,0.063309,179.376579,12.838746,0.309881,0.250000,0.002420,0.000013
2023-10-04,factor_model,max_diversification,0.005305,0.007449,0.000028,0.000055,8.404202,0.100656,179.376579,12.838746,0.309881,0.250000,0.002420,0.000013
2023-11-02,sample,equal_weight,0.007402,0.006979,0.000055,0.000049,23.690669,0.033333,134.644506,12.607444,0.322363,0.250000,0.002587,0.000019
2023-11-02,sample,inverse_variance,0.006215,0.005977,0.000039,0.000036,24.054653,0.046287,134.644506,12.607444,0.322363,0.250000,0.002587,0.000019
2023-11-02,sample,minimum_variance,0.005295,0.005360,0.000028,0.000029,11.006551,0.090864,134.644506,12.607444,0.322363,0.250000,0.002587,0.000019
2023-11-02,sample,risk_parity,0.006304,0.006003,0.000040,0.000036,30.000000,0.038067,134.644506,12.607444,0.322363,0.250000,0.002587,0.000019
2023-11-02,sample,hrp,0.006037,0.005832,0.000036,0.000034,22.036217,0.049595,134.644506,12.607444,0.322363,0.250000,0.002587,0.000019
2023-11-02,sample,max_diversification,0.006125,0.005647,0.000038,0.000032,10.070675,0.104076,134.644506,12.607444,0.322363,0.250000,0.002587,0.000019
2023-11-02,ledoit_wolf,equal_weight,0.006948,0.006979,0.000048,0.000049,23.933560,0.033333,134.644506,12.607444,0.322363,0.250000,0.002587,0.000019
2023-11-02,ledoit_wolf,inverse_variance,0.006018,0.006196,0.000036,0.000038,25.830717,0.041372,134.644506,12.607444,0.322363,0.250000,0.002587,0.000019
2023-11-02,ledoit_wolf,minimum_variance,0.005191,0.004949,0.000027,0.000024,13.452958,0.074336,134.644506,12.607444,0.322363,0.250000,0.002587,0.000019
2023-11-02,ledoit_wolf,risk_parity,0.005997,0.006058,0.000036,0.000037,30.000000,0.037539,134.644506,12.607444,0.322363,0.250000,0.002587,0.000019
2023-11-02,ledoit_wolf,hrp,0.005772,0.005646,0.000033,0.000032,23.934479,0.046323,134.644506,12.607444,0.322363,0.250000,0.002587,0.000019
2023-11-02,ledoit_wolf,max_diversification,0.005733,0.005440,0.000033,0.000030,13.034163,0.076362,134.644506,12.607444,0.322363,0.250000,0.002587,0.000019
2023-11-02,constant_corr,equal_weight,0.007371,0.006979,0.000054,0.000049,23.690669,0.033333,134.644506,12.607444,0.322363,0.250000,0.002587,0.000019
2023-11-02,constant_corr,inverse_variance,0.006189,0.005977,0.000038,0.000036,24.054654,0.046287,134.644506,12.607444,0.322363,0.250000,0.002587,0.000019
2023-11-02,constant_corr,minimum_variance,0.005273,0.005360,0.000028,0.000029,11.006593,0.090863,134.644506,12.607444,0.322363,0.250000,0.002587,0.000019
2023-11-02,constant_corr,risk_parity,0.006277,0.006003,0.000039,0.000036,30.000000,0.038067,134.644506,12.607444,0.322363,0.250000,0.002587,0.000019
2023-11-02,constant_corr,hrp,0.006012,0.005832,0.000036,0.000034,22.036217,0.049595,134.644506,12.607444,0.322363,0.250000,0.002587,0.000019
2023-11-02,constant_corr,max_diversification,0.006099,0.005647,0.000037,0.000032,10.070675,0.104076,134.644506,12.607444,0.322363,0.250000,0.002587,0.000019
2023-11-02,rmt_hard,equal_weight,0.007399,0.006979,0.000055,0.000049,23.645987,0.033333,134.644506,12.607444,0.322363,0.250000,0.002587,0.000019
2023-11-02,rmt_hard,inverse_variance,0.006175,0.005888,0.000038,0.000035,23.711613,0.047548,134.644506,12.607444,0.322363,0.250000,0.002587,0.000019
2023-11-02,rmt_hard,minimum_variance,0.005308,0.005576,0.000028,0.000031,10.795113,0.092643,134.644506,12.607444,0.322363,0.250000,0.002587,0.000019
2023-11-02,rmt_hard,risk_parity,0.006300,0.006012,0.000040,0.000036,30.000000,0.038007,134.644506,12.607444,0.322363,0.250000,0.002587,0.000019
2023-11-02,rmt_hard,hrp,0.005817,0.005371,0.000034,0.000029,19.939175,0.055666,134.644506,12.607444,0.322363,0.250000,0.002587,0.000019
2023-11-02,rmt_hard,max_diversification,0.006352,0.006026,0.000040,0.000036,11.124774,0.092455,134.644506,12.607444,0.322363,0.250000,0.002587,0.000019
2023-11-02,rmt_soft,equal_weight,0.007406,0.006979,0.000055,0.000049,23.668484,0.033333,134.644506,12.607444,0.322363,0.250000,0.002587,0.000019
2023-11-02,rmt_soft,inverse_variance,0.006183,0.005917,0.000038,0.000035,23.823022,0.047231,134.644506,12.607444,0.322363,0.250000,0.002587,0.000019
2023-11-02,rmt_soft,minimum_variance,0.005321,0.005490,0.000028,0.000030,10.910661,0.091661,134.644506,12.607444,0.322363,0.250000,0.002587,0.000019
2023-11-02,rmt_soft,risk_parity,0.006311,0.006010,0.000040,0.000036,30.000000,0.038009,134.644506,12.607444,0.322363,0.250000,0.002587,0.000019
2023-11-02,rmt_soft,hrp,0.005812,0.005337,0.000034,0.000028,19.984836,0.055730,134.644506,12.607444,0.322363,0.250000,0.002587,0.000019
2023-11-02,rmt_soft,max_diversification,0.006298,0.005713,0.000040,0.000033,11.810143,0.089296,134.644506,12.607444,0.322363,0.250000,0.002587,0.000019
2023-11-02,rmt_rie,equal_weight,0.006660,0.006979,0.000044,0.000049,23.448878,0.033333,134.644506,12.607444,0.322363,0.250000,0.002587,0.000019
2023-11-02,rmt_rie,inverse_variance,0.005532,0.005932,0.000031,0.000035,24.066913,0.046542,134.644506,12.607444,0.322363,0.250000,0.002587,0.000019
2023-11-02,rmt_rie,minimum_variance,0.004778,0.005325,0.000023,0.000028,11.407478,0.087668,134.644506,12.607444,0.322363,0.250000,0.002587,0.000019
2023-11-02,rmt_rie,risk_parity,0.005660,0.006002,0.000032,0.000036,30.000000,0.038048,134.644506,12.607444,0.322363,0.250000,0.002587,0.000019
2023-11-02,rmt_rie,hrp,0.005429,0.005832,0.000029,0.000034,24.027961,0.046947,134.644506,12.607444,0.322363,0.250000,0.002587,0.000019
2023-11-02,rmt_rie,max_diversification,0.005584,0.005454,0.000031,0.000030,13.018359,0.081112,134.644506,12.607444,0.322363,0.250000,0.002587,0.000019
2023-11-02,factor_model,equal_weight,0.007605,0.006979,0.000058,0.000049,23.378474,0.033333,134.644506,12.607444,0.322363,0.250000,0.002587,0.000019
2023-11-02,factor_model,inverse_variance,0.006206,0.005977,0.000039,0.000036,24.943273,0.046287,134.644506,12.607444,0.322363,0.250000,0.002587,0.000019
2023-11-02,factor_model,minimum_variance,0.004776,0.005362,0.000023,0.000029,8.951600,0.111715,134.644506,12.607444,0.322363,0.250000,0.002587,0.000019
2023-11-02,factor_model,risk_parity,0.006250,0.005832,0.000039,0.000034,30.000000,0.039560,134.644506,12.607444,0.322363,0.250000,0.002587,0.000019
2023-11-02,factor_model,hrp,0.005814,0.005309,0.000034,0.000028,22.851256,0.052257,134.644506,12.607444,0.322363,0.250000,0.002587,0.000019
2023-11-02,factor_model,max_diversification,0.005556,0.005114,0.000031,0.000026,10.313091,0.082100,134.644506,12.607444,0.322363,0.250000,0.002587,0.000019
2023-12-04,sample,equal_weight,0.007416,0.006626,0.000055,0.000044,25.087292,0.033333,118.822999,13.550126,0.298856,0.250000,0.002135,0.000018
2023-12-04,sample,inverse_variance,0.006378,0.005388,0.000041,0.000029,24.974583,0.044141,118.822999,13.550126,0.298856,0.250000,0.002135,0.000018
2023-12-04,sample,minimum_variance,0.005253,0.005746,0.000028,0.000033,11.121778,0.089915,118.822999,13.550126,0.298856,0.250000,0.002135,0.000018
2023-12-04,sample,risk_parity,0.006347,0.005457,0.000040,0.000030,30.000000,0.038549,118.822999,13.550126,0.298856,0.250000,0.002135,0.000018
2023-12-04,sample,hrp,0.005975,0.005035,0.000036,0.000025,23.672948,0.049211,118.822999,13.550126,0.298856,0.250000,0.002135,0.000018
2023-12-04,sample,max_diversification,0.005987,0.006402,0.000036,0.000041,9.370159,0.109885,118.822999,13.550126,0.298856,0.250000,0.002135,0.000018
2023-12-04,ledoit_wolf,equal_weight,0.007036,0.006626,0.000049,0.000044,25.227894,0.033333,118.822999,13.550126,0.298856,0.250000,0.002135,0.000018
2023-12-04,ledoit_wolf,inverse_variance,0.006189,0.005492,0.000038,0.000030,26.105166,0.040921,118.822999,13.550126,0.298856,0.250000,0.002135,0.000018
2023-12-04,ledoit_wolf,minimum_variance,0.005154,0.005469,0.000027,0.000030,12.549024,0.079699,118.822999,13.550126,0.298856,0.250000,0.002135,0.000018
2023-12-04,ledoit_wolf,risk_parity,0.006084,0.005485,0.000037,0.000030,30.000000,0.038086,118.822999,13.550126,0.298856,0.250000,0.002135,0.000018
2023-12-04,ledoit_wolf,hrp,0.005806,0.005004,0.000034,0.000025,22.787980,0.048302,118.822999,13.550126,0.298856,0.250000,0.002135,0.000018
2023-12-04,ledoit_wolf,max_diversification,0.005691,0.006252,0.000032,0.000039,11.351436,0.089072,118.822999,13.550126,0.298856,0.250000,0.002135,0.000018
2023-12-04,constant_corr,equal_weight,0.007385,0.006626,0.000055,0.000044,25.087292,0.033333,118.822999,13.550126,0.298856,0.250000,0.002135,0.000018
2023-12-04,constant_corr,inverse_variance,0.006352,0.005388,0.000040,0.000029,24.974583,0.044141,118.822999,13.550126,0.298856,0.250000,0.002135,0.000018
2023-12-04,constant_corr,minimum_variance,0.005231,0.005746,0.000027,0.000033,11.121809,0.089915,118.822999,13.550126,0.298856,0.250000,0.002135,0.000018
2023-12-04,constant_corr,risk_parity,0.006320,0.005457,0.000040,0.000030,30.000000,0.038549,118.822999,13.550126,0.298856,0.250000,0.002135,0.000018
2023-12-04,constant_corr,hrp,0.005950,0.005035,0.000035,0.000025,23.672948,0.049211,118.822999,13.550126,0.298856,0.250000,0.002135,0.000018
2023-12-04,constant_corr,max_diversification,0.005962,0.006402,0.000036,0.000041,9.370159,0.109885,118.822999,13.550126,0.298856,0.250000,0.002135,0.000018
2023-12-04,rmt_hard,equal_weight,0.007415,0.006626,0.000055,0.000044,25.057020,0.033333,118.822999,13.550126,0.298856,0.250000,0.002135,0.000018
2023-12-04,rmt_hard,inverse_variance,0.006287,0.005272,0.000040,0.000028,25.149305,0.044817,118.822999,13.550126,0.298856,0.250000,0.002135,0.000018
2023-12-04,rmt_hard,minimum_variance,0.005275,0.005512,0.000028,0.000030,11.644707,0.085882,118.822999,13.550126,0.298856,0.250000,0.002135,0.000018
2023-12-04,rmt_hard,risk_parity,0.006341,0.005443,0.000040,0.000030,30.000000,0.038628,118.822999,13.550126,0.298856,0.250000,0.002135,0.000018
2023-12-04,rmt_hard,hrp,0.005866,0.005041,0.000034,0.000025,22.780049,0.052261,118.822999,13.550126,0.298856,0.250000,0.002135,0.000018
2023-12-04,rmt_hard,max_diversification,0.006131,0.005926,0.000038,0.000035,11.029975,0.094081,118.822999,13.550126,0.298856,0.250000,0.002135,0.000018
2023-12-04,rmt_soft,equal_weight,0.007418,0.006626,0.000055,0.000044,25.076397,0.033333,118.822999,13.550126,0.298856,0.250000,0.002135,0.000018
2023-12-04,rmt_soft,inverse_variance,0.006336,0.005325,0.000040,0.000028,24.991014,0.044673,118.822999,13.550126,0.298856,0.250000,0.002135,0.000018
2023-12-04,rmt_soft,minimum_variance,0.005291,0.005528,0.000028,0.000031,11.826859,0.084563,118.822999,13.550126,0.298856,0.250000,0.002135,0.000018
2023-12-04,rmt_soft,risk_parity,0.006351,0.005453,0.000040,0.000030,30.000000,0.038508,118.822999,13.550126,0.298856,0.250000,0.002135,0.000018
2023-12-04,rmt_soft,hrp,0.005919,0.004883,0.000035,0.000024,22.941529,0.050028,118.822999,13.550126,0.298856,0.250000,0.002135,0.000018
2023-12-04,rmt_soft,max_diversification,0.006081,0.006098,0.000037,0.000037,11.414659,0.092012,118.822999,13.550126,0.298856,0.250000,0.002135,0.000018
2023-12-04,rmt_rie,equal_weight,0.006680,0.006626,0.000045,0.000044,25.022334,0.033333,118.822999,13.550126,0.298856,0.250000,0.002135,0.000018
2023-12-04,rmt_rie,inverse_variance,0.005674,0.005326,0.000032,0.000028,25.133283,0.044308,118.822999,13.550126,0.298856,0.250000,0.002135,0.000018
2023-12-04,rmt_rie,minimum_variance,0.004736,0.005550,0.000022,0.000031,11.909444,0.083977,118.822999,13.550126,0.298856,0.250000,0.002135,0.000018
2023-12-04,rmt_rie,risk_parity,0.005704,0.005441,0.000033,0.000030,30.000000,0.038609,118.822999,13.550126,0.298856,0.250000,0.002135,0.000018
2023-12-04,rmt_rie,hrp,0.005368,0.005065,0.000029,0.000026,23.611905,0.049121,118.822999,13.550126,0.298856,0.250000,0.002135,0.000018
2023-12-04,rmt_rie,max_diversification,0.005369,0.006019,0.000029,0.000036,12.675616,0.082867,118.822999,13.550126,0.298856,0.250000,0.002135,0.000018
2023-12-04,factor_model,equal_weight,0.007581,0.006626,0.000057,0.000044,24.451785,0.033333,118.822999,13.550126,0.298856,0.250000,0.002135,0.000018
2023-12-04,factor_model,inverse_variance,0.006364,0.005388,0.000040,0.000029,25.161673,0.044141,118.822999,13.550126,0.298856,0.250000,0.002135,0.000018
2023-12-04,factor_model,minimum_variance,0.004692,0.005734,0.000022,0.000033,9.917453,0.100844,118.822999,13.550126,0.298856,0.250000,0.002135,0.000018
2023-12-04,factor_model,risk_parity,0.006171,0.005338,0.000038,0.000028,30.000000,0.040593,118.822999,13.550126,0.298856,0.250000,0.002135,0.000018
2023-12-04,factor_model,hrp,0.005689,0.005227,0.000032,0.000027,21.714599,0.056917,118.822999,13.550126,0.298856,0.250000,0.002135,0.000018
2023-12-04,factor_model,max_diversification,0.005137,0.005898,0.000026,0.000035,12.509874,0.085647,118.822999,13.550126,0.298856,0.250000,0.002135,0.000018
2024-01-04,sample,equal_weight,0.007383,0.006790,0.000055,0.000046,24.245741,0.033333,105.817815,13.268877,0.293431,0.250000,0.002183,0.000021
2024-01-04,sample,inverse_variance,0.006232,0.005326,0.000039,0.000028,24.719913,0.043868,105.817815,13.268877,0.293431,0.250000,0.002183,0.000021
2024-01-04,sample,minimum_variance,0.005172,0.004269,0.000027,0.000018,12.003400,0.083311,105.817815,13.268877,0.293431,0.250000,0.002183,0.000021
2024-01-04,sample,risk_parity,0.006195,0.005408,0.000038,0.000029,30.000000,0.038743,105.817815,13.268877,0.293431,0.250000,0.002183,0.000021
2024-01-04,sample,hrp,0.005747,0.004780,0.000033,0.000023,22.593823,0.051849,105.817815,13.268877,0.293431,0.250000,0.002183,0.000021
2024-01-04,sample,max_diversification,0.005993,0.005056,0.000036,0.000026,10.310087,0.103524,105.817815,13.268877,0.293431,0.250000,0.002183,0.000021
2024-01-04,ledoit_wolf,equal_weight,0.006974,0.006790,0.000049,0.000046,24.430859,0.033333,105.817815,13.268877,0.293431,0.250000,0.002183,0.000021
2024-01-04,ledoit_wolf,inverse_variance,0.006039,0.005470,0.000036,0.000030,25.979293,0.040702,105.817815,13.268877,0.293431,0.250000,0.002183,0.000021
2024-01-04,ledoit_wolf,minimum_variance,0.005064,0.004371,0.000026,0.000019,13.682123,0.073099,105.817815,13.268877,0.293431,0.250000,0.002183,0.000021
2024-01-04,ledoit_wolf,risk_parity,0.005927,0.005475,0.000035,0.000030,30.000000,0.038214,105.817815,13.268877,0.293431,0.250000,0.002183,0.000021
2024-01-04,ledoit_wolf,hrp,0.005577,0.004971,0.000031,0.000025,24.634724,0.046588,105.817815,13.268877,0.293431,0.250000,0.002183,0.000021
2024-01-04,ledoit_wolf,max_diversification,0.005553,0.004931,0.000031,0.000024,14.116699,0.072166,105.817815,13.268877,0.293431,0.250000,0.002183,0.000021
2024-01-04,constant_corr,equal_weight,0.007352,0.006790,0.000054,0.000046,24.245741,0.033333,105.817815,13.268877,0.293431,0.250000,0.002183,0.000021
2024-01-04,constant_corr,inverse_variance,0.006206,0.005326,0.000039,0.000028,24.719913,0.043868,105.817815,13.268877,0.293431,0.250000,0.002183,0.000021
2024-01-04,constant_corr,minimum_variance,0.005151,0.004269,0.000027,0.000018,12.003420,0.083311,105.817815,13.268877,0.293431,0.250000,0.002183,0.000021
2024-01-04,constant_corr,risk_parity,0.006169,0.005408,0.000038,0.000029,30.000000,0.038743,105.817815,13.268877,0.293431,0.250000,0.002183,0.000021
2024-01-04,constant_corr,hrp,0.005723,0.004780,0.000033,0.000023,22.593823,0.051849,105.817815,13.268877,0.293431,0.250000,0.002183,0.000021
2024-01-04,constant_corr,max_diversification,0.005968,0.005056,0.000036,0.000026,10.310087,0.103524,105.817815,13.268877,0.293431,0.250000,0.002183,0.000021
2024-01-04,rmt_hard,equal_weight,0.007375,0.006790,0.000054,0.000046,24.225252,0.033333,105.817815,13.268877,0.293431,0.250000,0.002183,0.000021
2024-01-04,rmt_hard,inverse_variance,0.006127,0.005276,0.000038,0.000028,24.912077,0.044844,105.817815,13.268877,0.293431,0.250000,0.002183,0.000021
2024-01-04,rmt_hard,minimum_variance,0.005130,0.004345,0.000026,0.000019,11.377857,0.087890,105.817815,13.268877,0.293431,0.250000,0.002183,0.000021
2024-01-04,rmt_hard,risk_parity,0.006189,0.005401,0.000038,0.000029,30.000000,0.038732,105.817815,13.268877,0.293431,0.250000,0.002183,0.000021
2024-01-04,rmt_hard,hrp,0.005752,0.005022,0.000033,0.000025,22.869976,0.051107,105.817815,13.268877,0.293431,0.250000,0.002183,0.000021
2024-01-04,rmt_hard,max_diversification,0.006058,0.005450,0.000037,0.000030,11.682183,0.090426,105.817815,13.268877,0.293431,0.250000,0.002183,0.000021
2024-01-04,rmt_soft,equal_weight,0.007384,0.006790,0.000055,0.000046,24.243051,0.033333,105.817815,13.268877,0.293431,0.250000,0.002183,0.000021
2024-01-04,rmt_soft,inverse_variance,0.006176,0.005292,0.000038,0.000028,24.817140,0.044426,105.817815,13.268877,0.293431,0.250000,0.002183,0.000021
2024-01-04,rmt_soft,minimum_variance,0.005174,0.004334,0.000027,0.000019,12.242712,0.081697,105.817815,13.268877,0.293431,0.250000,0.002183,0.000021
2024-01-04,rmt_soft,risk_parity,0.006196,0.005412,0.000038,0.000029,30.000000,0.038717,105.817815,13.268877,0.293431,0.250000,0.002183,0.000021
2024-01-04,rmt_soft,hrp,0.005721,0.004922,0.000033,0.000024,21.086524,0.053089,105.817815,13.268877,0.293431,0.250000,0.002183,0.000021
2024-01-04,rmt_soft,max_diversification,0.005968,0.005296,0.000036,0.000028,12.517313,0.084730,105.817815,13.268877,0.293431,0.250000,0.002183,0.000021
2024-01-04,rmt_rie,equal_weight,0.006637,0.006790,0.000044,0.000046,24.181581,0.033333,105.817815,13.268877,0.293431,0.250000,0.002183,0.000021
2024-01-04,rmt_rie,inverse_variance,0.005538,0.005265,0.000031,0.000028,24.949542,0.044099,105.817815,13.268877,0.293431,0.250000,0.002183,0.000021
2024-01-04,rmt_rie,minimum_variance,0.004672,0.004387,0.000022,0.000019,12.923637,0.077393,105.817815,13.268877,0.293431,0.250000,0.002183,0.000021
2024-01-04,rmt_rie,risk_parity,0.005565,0.005418,0.000031,0.000029,30.000000,0.038712,105.817815,13.268877,0.293431,0.250000,0.002183,0.000021
2024-01-04,rmt_rie,hrp,0.005209,0.004779,0.000027,0.000023,23.797109,0.049452,105.817815,13.268877,0.293431,0.250000,0.002183,0.000021
2024-01-04,rmt_rie,max_diversification,0.005305,0.005077,0.000028,0.000026,14.216387,0.074318,105.817815,13.268877,0.293431,0.250000,0.002183,0.000021
2024-01-04,factor_model,equal_weight,0.007519,0.006790,0.000057,0.000046,23.381227,0.033333,105.817815,13.268877,0.293431,0.250000,0.002183,0.000021
2024-01-04,factor_model,inverse_variance,0.006110,0.005326,0.000037,0.000028,24.921191,0.043868,105.817815,13.268877,0.293431,0.250000,0.002183,0.000021
2024-01-04,factor_model,minimum_variance,0.004434,0.004239,0.000020,0.000018,11.970409,0.083541,105.817815,13.268877,0.293431,0.250000,0.002183,0.000021
2024-01-04,factor_model,risk_parity,0.005841,0.005125,0.000034,0.000026,30.000000,0.041675,105.817815,13.268877,0.293431,0.250000,0.002183,0.000021
2024-01-04,factor_model,hrp,0.005385,0.004971,0.000029,0.000025,21.148355,0.055702,105.817815,13.268877,0.293431,0.250000,0.002183,0.000021
2024-01-04,factor_model,max_diversification,0.004751,0.004576,0.000023,0.000021,12.394980,0.082987,105.817815,13.268877,0.293431,0.250000,0.002183,0.000021
2024-02-05,sample,equal_weight,0.007611,0.007049,0.000058,0.000050,23.711784,0.033333,143.531230,12.579402,0.309689,0.250000,0.002376,0.000017
2024-02-05,sample,inverse_variance,0.006206,0.005718,0.000039,0.000033,24.583084,0.044667,143.531230,12.579402,0.309689,0.250000,0.002376,0.000017
2024-02-05,sample,minimum_variance,0.004859,0.005914,0.000024,0.000035,9.414170,0.106224,143.531230,12.579402,0.309689,0.250000,0.002376,0.000017
2024-02-05,sample,risk_parity,0.006020,0.006109,0.000036,0.000037,30.000000,0.043354,143.531230,12.579402,0.309689,0.250000,0.002376,0.000017
2024-02-05,sample,hrp,0.005689,0.005766,0.000032,0.000033,22.855034,0.053248,143.531230,12.579402,0.309689,0.250000,0.002376,0.000017
2024-02-05,sample,max_diversification,0.005675,0.007326,0.000032,0.000054,10.776871,0.106316,143.531230,12.579402,0.309689,0.250000,0.002376,0.000017
2024-02-05,ledoit_wolf,equal_weight,0.007150,0.007049,0.000051,0.000050,23.923530,0.033333,143.531230,12.579402,0.309689,0.250000,0.002376,0.000017
2024-02-05,ledoit_wolf,inverse_variance,0.006037,0.005835,0.000036,0.000034,25.876839,0.041076,143.531230,12.579402,0.309689,0.250000,0.002376,0.000017
2024-02-05,ledoit_wolf,minimum_variance,0.004842,0.005671,0.000023,0.000032,11.962516,0.083596,143.531230,12.579402,0.309689,0.250000,0.002376,0.000017
2024-02-05,ledoit_wolf,risk_parity,0.005796,0.006123,0.000034,0.000037,30.000000,0.041492,143.531230,12.579402,0.309689,0.250000,0.002376,0.000017
2024-02-05,ledoit_wolf,hrp,0.005517,0.005581,0.000030,0.000031,23.145837,0.049055,143.531230,12.579402,0.309689,0.250000,0.002376,0.000017
2024-02-05,ledoit_wolf,max_diversification,0.005355,0.006813,0.000029,0.000046,13.350146,0.082589,143.531230,12.579402,0.309689,0.250000,0.002376,0.000017
2024-02-05,constant_corr,equal_weight,0.007579,0.007049,0.000057,0.000050,23.711784,0.033333,143.531230,12.579402,0.309689,0.250000,0.002376,0.000017
2024-02-05,constant_corr,inverse_variance,0.006180,0.005718,0.000038,0.000033,24.583084,0.044667,143.531230,12.579402,0.309689,0.250000,0.002376,0.000017
2024-02-05,constant_corr,minimum_variance,0.004838,0.005914,0.000023,0.000035,9.414522,0.106220,143.531230,12.579402,0.309689,0.250000,0.002376,0.000017
2024-02-05,constant_corr,risk_parity,0.005995,0.006109,0.000036,0.000037,30.000000,0.043354,143.531230,12.579402,0.309689,0.250000,0.002376,0.000017
2024-02-05,constant_corr,hrp,0.005665,0.005766,0.000032,0.000033,22.855034,0.053248,143.531230,12.579402,0.309689,0.250000,0.002376,0.000017
2024-02-05,constant_corr,max_diversification,0.005651,0.007326,0.000032,0.000054,10.776871,0.106316,143.531230,12.579402,0.309689,0.250000,0.002376,0.000017
2024-02-05,rmt_hard,equal_weight,0.007602,0.007049,0.000058,0.000050,23.737827,0.033333,143.531230,12.579402,0.309689,0.250000,0.002376,0.000017
2024-02-05,rmt_hard,inverse_variance,0.006133,0.005704,0.000038,0.000033,24.685032,0.045667,143.531230,12.579402,0.309689,0.250000,0.002376,0.000017
2024-02-05,rmt_hard,minimum_variance,0.004812,0.006001,0.000023,0.000036,8.795992,0.113693,143.531230,12.579402,0.309689,0.250000,0.002376,0.000017
2024-02-05,rmt_hard,risk_parity,0.006009,0.006120,0.000036,0.000037,30.000000,0.043522,143.531230,12.579402,0.309689,0.250000,0.002376,0.000017
2024-02-05,rmt_hard,hrp,0.005640,0.005544,0.000032,0.000031,23.399545,0.053421,143.531230,12.579402,0.309689,0.250000,0.002376,0.000017
2024-02-05,rmt_hard,max_diversification,0.005811,0.007550,0.000034,0.000057,10.178964,0.112895,143.531230,12.579402,0.309689,0.250000,0.002376,0.000017
2024-02-05,rmt_soft,equal_weight,0.007610,0.007049,0.000058,0.000050,23.722822,0.033333,143.531230,12.579402,0.309689,0.250000,0.002376,0.000017
2024-02-05,rmt_soft,inverse_variance,0.006148,0.005703,0.000038,0.000033,24.668268,0.045296,143.531230,12.579402,0.309689,0.250000,0.002376,0.000017
2024-02-05,rmt_soft,minimum_variance,0.004854,0.005914,0.000024,0.000035,9.386310,0.106541,143.531230,12.579402,0.309689,0.250000,0.002376,0.000017
2024-02-05,rmt_soft,risk_parity,0.006020,0.006109,0.000036,0.000037,30.000000,0.043354,143.531230,12.579402,0.309689,0.250000,0.002376,0.000017
2024-02-05,rmt_soft,hrp,0.005677,0.005599,0.000032,0.000031,21.948905,0.054194,143.531230,12.579402,0.309689,0.250000,0.002376,0.000017
2024-02-05,rmt_soft,max_diversification,0.005675,0.007234,0.000032,0.000052,11.443362,0.098811,143.531230,12.579402,0.309689,0.250000,0.002376,0.000017
2024-02-05,rmt_rie,equal_weight,0.006855,0.007049,0.000047,0.000050,23.670186,0.033333,143.531230,12.579402,0.309689,0.250000,0.002376,0.000017
2024-02-05,rmt_rie,inverse_variance,0.005527,0.005705,0.000031,0.000033,24.705641,0.045005,143.531230,12.579402,0.309689,0.250000,0.002376,0.000017
2024-02-05,rmt_rie,minimum_variance,0.004417,0.005814,0.000020,0.000034,10.375431,0.096383,143.531230,12.579402,0.309689,0.250000,0.002376,0.000017
2024-02-05,rmt_rie,risk_parity,0.005428,0.006097,0.000029,0.000037,30.000000,0.043069,143.531230,12.579402,0.309689,0.250000,0.002376,0.000017
2024-02-05,rmt_rie,hrp,0.005113,0.005728,0.000026,0.000033,23.036736,0.052904,143.531230,12.579402,0.309689,0.250000,0.002376,0.000017
2024-02-05,rmt_rie,max_diversification,0.005076,0.006902,0.000026,0.000048,12.776145,0.089135,143.531230,12.579402,0.309689,0.250000,0.002376,0.000017
2024-02-05,factor_model,equal_weight,0.007737,0.007049,0.000060,0.000050,22.793870,0.033333,143.531230,12.579402,0.309689,0.250000,0.002376,0.000017
2024-02-05,factor_model,inverse_variance,0.006061,0.005718,0.000037,0.000033,24.630230,0.044667,143.531230,12.579402,0.309689,0.250000,0.002376,0.000017
2024-02-05,factor_model,minimum_variance,0.004137,0.005861,0.000017,0.000034,10.631422,0.094066,143.531230,12.579402,0.309689,0.250000,0.002376,0.000017
2024-02-05,factor_model,risk_parity,0.005591,0.005971,0.000031,0.000036,30.000000,0.047322,143.531230,12.579402,0.309689,0.250000,0.002376,0.000017
2024-02-05,factor_model,hrp,0.005174,0.005374,0.000027,0.000029,21.956310,0.057977,143.531230,12.579402,0.309689,0.250000,0.002376,0.000017
2024-02-05,factor_model,max_diversification,0.004500,0.006086,0.000020,0.000037,11.815217,0.090279,143.531230,12.579402,0.309689,0.250000,0.002376,0.000017
2024-03-06,sample,equal_weight,0.007603,0.006871,0.000058,0.000047,23.644629,0.033333,160.850509,12.533304,0.307100,0.250000,0.002427,0.000015
2024-03-06,sample,inverse_variance,0.006181,0.006117,0.000038,0.000037,24.243669,0.045411,160.850509,12.533304,0.307100,0.250000,0.002427,0.000015
2024-03-06,sample,minimum_variance,0.004937,0.005782,0.000024,0.000033,9.973415,0.100276,160.850509,12.533304,0.307100,0.250000,0.002427,0.000015
2024-03-06,sample,risk_parity,0.006062,0.006355,0.000037,0.000040,30.000000,0.042509,160.850509,12.533304,0.307100,0.250000,0.002427,0.000015
2024-03-06,sample,hrp,0.005560,0.005903,0.000031,0.000035,20.372519,0.057354,160.850509,12.533304,0.307100,0.250000,0.002427,0.000015
2024-03-06,sample,max_diversification,0.005675,0.006395,0.000032,0.000041,10.773286,0.104166,160.850509,12.533304,0.307100,0.250000,0.002427,0.000015
2024-03-06,ledoit_wolf,equal_weight,0.007135,0.006871,0.000051,0.000047,23.870406,0.033333,160.850509,12.533304,0.307100,0.250000,0.002427,0.000015
2024-03-06,ledoit_wolf,inverse_variance,0.006013,0.006239,0.000036,0.000039,25.806920,0.041244,160.850509,12.533304,0.307100,0.250000,0.002427,0.000015
2024-03-06,ledoit_wolf,minimum_variance,0.004902,0.005609,0.000024,0.000031,12.363818,0.080883,160.850509,12.533304,0.307100,0.250000,0.002427,0.000015
2024-03-06,ledoit_wolf,risk_parity,0.005825,0.006328,0.000034,0.000040,30.000000,0.040856,160.850509,12.533304,0.307100,0.250000,0.002427,0.000015
2024-03-06,ledoit_wolf,hrp,0.005547,0.006243,0.000031,0.000039,24.878780,0.046773,160.850509,12.533304,0.307100,0.250000,0.002427,0.000015
2024-03-06,ledoit_wolf,max_diversification,0.005366,0.006166,0.000029,0.000038,13.526599,0.079167,160.850509,12.533304,0.307100,0.250000,0.002427,0.000015
2024-03-06,constant_corr,equal_weight,0.007572,0.006871,0.000057,0.000047,23.644629,0.033333,160.850509,12.533304,0.307100,0.250000,0.002427,0.000015
2024-03-06,constant_corr,inverse_variance,0.006155,0.006117,0.000038,0.000037,24.243669,0.045411,160.850509,12.533304,0.307100,0.250000,0.002427,0.000015
2024-03-06,constant_corr,minimum_variance,0.004916,0.005782,0.000024,0.000033,9.974257,0.100268,160.850509,12.533304,0.307100,0.250000,0.002427,0.000015
2024-03-06,constant_corr,risk_parity,0.006037,0.006355,0.000036,0.000040,30.000000,0.042509,160.850509,12.533304,0.307100,0.250000,0.002427,0.000015
2024-03-06,constant_corr,hrp,0.005536,0.005903,0.000031,0.000035,20.372519,0.057354,160.850509,12.533304,0.307100,0.250000,0.002427,0.000015
2024-03-06,constant_corr,max_diversification,0.005652,0.006395,0.000032,0.000041,10.773286,0.104166,160.850509,12.533304,0.307100,0.250000,0.002427,0.000015
2024-03-06,rmt_hard,equal_weight,0.007593,0.006871,0.000058,0.000047,23.675914,0.033333,160.850509,12.533304,0.307100,0.250000,0.002427,0.000015
2024-03-06,rmt_hard,inverse_variance,0.006067,0.006237,0.000037,0.000039,24.530065,0.046077,160.850509,12.533304,0.307100,0.250000,0.002427,0.000015
2024-03-06,rmt_hard,minimum_variance,0.004876,0.005885,0.000024,0.000035,9.117714,0.109680,160.850509,12.533304,0.307100,0.250000,0.002427,0.000015
2024-03-06,rmt_hard,risk_parity,0.006018,0.006411,0.000036,0.000041,30.000000,0.043630,160.850509,12.533304,0.307100,0.250000,0.002427,0.000015
2024-03-06,rmt_hard,hrp,0.005715,0.006435,0.000033,0.000041,25.018870,0.049786,160.850509,12.533304,0.307100,0.250000,0.002427,0.000015
2024-03-06,rmt_hard,max_diversification,0.005701,0.006691,0.000033,0.000045,10.123256,0.117742,160.850509,12.533304,0.307100,0.250000,0.002427,0.000015
2024-03-06,rmt_soft,equal_weight,0.007603,0.006871,0.000058,0.000047,23.655619,0.033333,160.850509,12.533304,0.307100,0.250000,0.002427,0.000015
2024-03-06,rmt_soft,inverse_variance,0.006123,0.006133,0.000037,0.000038,24.329309,0.045966,160.850509,12.533304,0.307100,0.250000,0.002427,0.000015
2024-03-06,rmt_soft,minimum_variance,0.004943,0.005721,0.000024,0.000033,10.385537,0.096289,160.850509,12.533304,0.307100,0.250000,0.002427,0.000015
2024-03-06,rmt_soft,risk_parity,0.006062,0.006349,0.000037,0.000040,30.000000,0.042543,160.850509,12.533304,0.307100,0.250000,0.002427,0.000015
2024-03-06,rmt_soft,hrp,0.005653,0.006617,0.000032,0.000044,23.817573,0.050717,160.850509,12.533304,0.307100,0.250000,0.002427,0.000015
2024-03-06,rmt_soft,max_diversification,0.005699,0.006304,0.000032,0.000040,11.087270,0.102168,160.850509,12.533304,0.307100,0.250000,0.002427,0.000015
2024-03-06,rmt_rie,equal_weight,0.006847,0.006871,0.000047,0.000047,23.574165,0.033333,160.850509,12.533304,0.307100,0.250000,0.002427,0.000015
2024-03-06,rmt_rie,inverse_variance,0.005501,0.006128,0.000030,0.000038,24.350858,0.045602,160.850509,12.533304,0.307100,0.250000,0.002427,0.000015
2024-03-06,rmt_rie,minimum_variance,0.004478,0.005726,0.000020,0.000033,11.102288,0.090073,160.850509,12.533304,0.307100,0.250000,0.002427,0.000015
2024-03-06,rmt_rie,risk_parity,0.005456,0.006342,0.000030,0.000040,30.000000,0.042333,160.850509,12.533304,0.307100,0.250000,0.002427,0.000015
2024-03-06,rmt_rie,hrp,0.005101,0.006190,0.000026,0.000038,21.855952,0.053470,160.850509,12.533304,0.307100,0.250000,0.002427,0.000015
2024-03-06,rmt_rie,max_diversification,0.005141,0.006149,0.000026,0.000038,12.888629,0.089359,160.850509,12.533304,0.307100,0.250000,0.002427,0.000015
2024-03-06,factor_model,equal_weight,0.007733,0.006871,0.000060,0.000047,22.859884,0.033333,160.850509,12.533304,0.307100,0.250000,0.002427,0.000015
2024-03-06,factor_model,inverse_variance,0.006037,0.006117,0.000036,0.000037,24.298599,0.045411,160.850509,12.533304,0.307100,0.250000,0.002427,0.000015
2024-03-06,factor_model,minimum_variance,0.004177,0.006132,0.000017,0.000038,9.703537,0.103059,160.850509,12.533304,0.307100,0.250000,0.002427,0.000015
2024-03-06,factor_model,risk_parity,0.005652,0.006359,0.000032,0.000040,30.000000,0.046437,160.850509,12.533304,0.307100,0.250000,0.002427,0.000015
2024-03-06,factor_model,hrp,0.005142,0.006409,0.000026,0.000041,21.622457,0.056009,160.850509,12.533304,0.307100,0.250000,0.002427,0.000015
2024-03-06,factor_model,max_diversification,0.004688,0.006112,0.000022,0.000037,12.601730,0.087493,160.850509,12.533304,0.307100,0.250000,0.002427,0.000015
2024-04-05,sample,equal_weight,0.007275,0.008233,0.000053,0.000068,23.635007,0.033333,154.136992,13.387776,0.273257,0.250000,0.002305,0.000015
2024-04-05,sample,inverse_variance,0.005819,0.006560,0.000034,0.000043,23.231155,0.048231,154.136992,13.387776,0.273257,0.250000,0.002305,0.000015
2024-04-05,sample,minimum_variance,0.004888,0.005396,0.000024,0.000029,11.334897,0.088243,154.136992,13.387776,0.273257,0.250000,0.002305,0.000015
2024-04-05,sample,risk_parity,0.005971,0.006467,0.000036,0.000042,30.000000,0.039362,154.136992,13.387776,0.273257,0.250000,0.002305,0.000015
2024-04-05,sample,hrp,0.005572,0.005965,0.000031,0.000036,22.193209,0.051697,154.136992,13.387776,0.273257,0.250000,0.002305,0.000015
2024-04-05,sample,max_diversification,0.005534,0.005451,0.000031,0.000030,11.503067,0.097436,154.136992,13.387776,0.273257,0.250000,0.002305,0.000015
2024-04-05,ledoit_wolf,equal_weight,0.006696,0.008233,0.000045,0.000068,24.001503,0.033333,154.136992,13.387776,0.273257,0.250000,0.002305,0.000015
2024-04-05,ledoit_wolf,inverse_variance,0.005653,0.006762,0.000032,0.000046,25.827482,0.041418,154.136992,13.387776,0.273257,0.250000,0.002305,0.000015
2024-04-05,ledoit_wolf,minimum_variance,0.004834,0.005360,0.000023,0.000029,14.087996,0.070988,154.136992,13.387776,0.273257,0.250000,0.002305,0.000015
2024-04-05,ledoit_wolf,risk_parity,0.005640,0.006600,0.000032,0.000044,30.000000,0.038364,154.136992,13.387776,0.273257,0.250000,0.002305,0.000015
2024-04-05,ledoit_wolf,hrp,0.005286,0.006150,0.000028,0.000038,22.654543,0.049642,154.136992,13.387776,0.273257,0.250000,0.002305,0.000015
2024-04-05,ledoit_wolf,max_diversification,0.005242,0.005281,0.000027,0.000028,16.093620,0.065636,154.136992,13.387776,0.273257,0.250000,0.002305,0.000015
2024-04-05,constant_corr,equal_weight,0.007244,0.008233,0.000052,0.000068,23.635007,0.033333,154.136992,13.387776,0.273257,0.250000,0.002305,0.000015
2024-04-05,constant_corr,inverse_variance,0.005794,0.006560,0.000034,0.000043,23.231155,0.048231,154.136992,13.387776,0.273257,0.250000,0.002305,0.000015
2024-04-05,constant_corr,minimum_variance,0.004867,0.005396,0.000024,0.000029,11.334997,0.088242,154.136992,13.387776,0.273257,0.250000,0.002305,0.000015
2024-04-05,constant_corr,risk_parity,0.005946,0.006467,0.000035,0.000042,30.000000,0.039362,154.136992,13.387776,0.273257,0.250000,0.002305,0.000015
2024-04-05,constant_corr,hrp,0.005548,0.005965,0.000031,0.000036,22.193209,0.051697,154.136992,13.387776,0.273257,0.250000,0.002305,0.000015
2024-04-05,constant_corr,max_diversification,0.005511,0.005451,0.000030,0.000030,11.503067,0.097436,154.136992,13.387776,0.273257,0.250000,0.002305,0.000015
2024-04-05,rmt_hard,equal_weight,0.007264,0.008233,0.000053,0.000068,23.705326,0.033333,154.136992,13.387776,0.273257,0.250000,0.002305,0.000015
2024-04-05,rmt_hard,inverse_variance,0.005767,0.006457,0.000033,0.000042,23.550330,0.048272,154.136992,13.387776,0.273257,0.250000,0.002305,0.000015
2024-04-05,rmt_hard,minimum_variance,0.004899,0.005285,0.000024,0.000028,11.873054,0.084239,154.136992,13.387776,0.273257,0.250000,0.002305,0.000015
2024-04-05,rmt_hard,risk_parity,0.005967,0.006467,0.000036,0.000042,30.000000,0.039381,154.136992,13.387776,0.273257,0.250000,0.002305,0.000015
2024-04-05,rmt_hard,hrp,0.005543,0.006045,0.000031,0.000037,23.771082,0.048796,154.136992,13.387776,0.273257,0.250000,0.002305,0.000015
2024-04-05,rmt_hard,max_diversification,0.005715,0.005796,0.000033,0.000034,11.235650,0.095069,154.136992,13.387776,0.273257,0.250000,0.002305,0.000015
2024-04-05,rmt_soft,equal_weight,0.007273,0.008233,0.000053,0.000068,23.645553,0.033333,154.136992,13.387776,0.273257,0.250000,0.002305,0.000015
2024-04-05,rmt_soft,inverse_variance,0.005782,0.006492,0.000033,0.000042,23.420417,0.048306,154.136992,13.387776,0.273257,0.250000,0.002305,0.000015
2024-04-05,rmt_soft,minimum_variance,0.004914,0.005344,0.000024,0.000029,12.161492,0.082243,154.136992,13.387776,0.273257,0.250000,0.002305,0.000015
2024-04-05,rmt_soft,risk_parity,0.005971,0.006469,0.000036,0.000042,30.000000,0.039360,154.136992,13.387776,0.273257,0.250000,0.002305,0.000015
2024-04-05,rmt_soft,hrp,0.005500,0.006094,0.000030,0.000037,22.182327,0.051780,154.136992,13.387776,0.273257,0.250000,0.002305,0.000015
2024-04-05,rmt_soft,max_diversification,0.005621,0.005547,0.000032,0.000031,12.435786,0.086519,154.136992,13.387776,0.273257,0.250000,0.002305,0.000015
2024-04-05,rmt_rie,equal_weight,0.006527,0.008233,0.000043,0.000068,23.530699,0.033333,154.136992,13.387776,0.273257,0.250000,0.002305,0.000015
2024-04-05,rmt_rie,inverse_variance,0.005179,0.006484,0.000027,0.000042,23.413554,0.048157,154.136992,13.387776,0.273257,0.250000,0.002305,0.000015
2024-04-05,rmt_rie,minimum_variance,0.004451,0.005358,0.000020,0.000029,12.741613,0.078493,154.136992,13.387776,0.273257,0.250000,0.002305,0.000015
2024-04-05,rmt_rie,risk_parity,0.005357,0.006482,0.000029,0.000042,30.000000,0.039279,154.136992,13.387776,0.273257,0.250000,0.002305,0.000015
2024-04-05,rmt_rie,hrp,0.004925,0.005831,0.000024,0.000034,20.398493,0.054097,154.136992,13.387776,0.273257,0.250000,0.002305,0.000015
2024-04-05,rmt_rie,max_diversification,0.005119,0.005374,0.000026,0.000029,14.529263,0.076183,154.136992,13.387776,0.273257,0.250000,0.002305,0.000015
2024-04-05,factor_model,equal_weight,0.007416,0.008233,0.000055,0.000068,22.330283,0.033333,154.136992,13.387776,0.273257,0.250000,0.002305,0.000015
2024-04-05,factor_model,inverse_variance,0.005568,0.006560,0.000031,0.000043,23.643801,0.048231,154.136992,13.387776,0.273257,0.250000,0.002305,0.000015
2024-04-05,factor_model,minimum_variance,0.004038,0.004888,0.000016,0.000024,11.000240,0.090923,154.136992,13.387776,0.273257,0.250000,0.002305,0.000015
2024-04-05,factor_model,risk_parity,0.005435,0.006081,0.000030,0.000037,30.000000,0.043446,154.136992,13.387776,0.273257,0.250000,0.002305,0.000015
2024-04-05,factor_model,hrp,0.004858,0.005819,0.000024,0.000034,22.351065,0.057061,154.136992,13.387776,0.273257,0.250000,0.002305,0.000015
2024-04-05,factor_model,max_diversification,0.004427,0.004803,0.000020,0.000023,14.160438,0.078402,154.136992,13.387776,0.273257,0.250000,0.002305,0.000015
2024-05-06,sample,equal_weight,0.006977,0.006088,0.000049,0.000037,22.490903,0.033333,183.906054,13.608085,0.275849,0.250000,0.002357,0.000013
2024-05-06,sample,inverse_variance,0.005536,0.006323,0.000031,0.000040,22.997212,0.048586,183.906054,13.608085,0.275849,0.250000,0.002357,0.000013
2024-05-06,sample,minimum_variance,0.004592,0.006688,0.000021,0.000045,11.493014,0.087033,183.906054,13.608085,0.275849,0.250000,0.002357,0.000013
2024-05-06,sample,risk_parity,0.005547,0.006106,0.000031,0.000037,30.000000,0.040293,183.906054,13.608085,0.275849,0.250000,0.002357,0.000013
2024-05-06,sample,hrp,0.005148,0.006186,0.000026,0.000038,20.385240,0.056236,183.906054,13.608085,0.275849,0.250000,0.002357,0.000013
2024-05-06,sample,max_diversification,0.005003,0.006557,0.000025,0.000043,12.362300,0.091767,183.906054,13.608085,0.275849,0.250000,0.002357,0.000013
2024-05-06,ledoit_wolf,equal_weight,0.006418,0.006088,0.000041,0.000037,22.959229,0.033333,183.906054,13.608085,0.275849,0.250000,0.002357,0.000013
2024-05-06,ledoit_wolf,inverse_variance,0.005401,0.006302,0.000029,0.000040,25.492167,0.041041,183.906054,13.608085,0.275849,0.250000,0.002357,0.000013
2024-05-06,ledoit_wolf,minimum_variance,0.004580,0.006356,0.000021,0.000040,14.611802,0.068446,183.906054,13.608085,0.275849,0.250000,0.002357,0.000013
2024-05-06,ledoit_wolf,risk_parity,0.005281,0.006084,0.000028,0.000037,30.000000,0.038970,183.906054,13.608085,0.275849,0.250000,0.002357,0.000013
2024-05-06,ledoit_wolf,hrp,0.004978,0.006154,0.000025,0.000038,20.457675,0.051802,183.906054,13.608085,0.275849,0.250000,0.002357,0.000013
2024-05-06,ledoit_wolf,max_diversification,0.004870,0.006333,0.000024,0.000040,16.287980,0.066750,183.906054,13.608085,0.275849,0.250000,0.002357,0.000013
2024-05-06,constant_corr,equal_weight,0.006948,0.006088,0.000048,0.000037,22.490903,0.033333,183.906054,13.608085,0.275849,0.250000,0.002357,0.000013
2024-05-06,constant_corr,inverse_variance,0.005513,0.006323,0.000030,0.000040,22.997212,0.048586,183.906054,13.608085,0.275849,0.250000,0.002357,0.000013
2024-05-06,constant_corr,minimum_variance,0.004573,0.006688,0.000021,0.000045,11.493180,0.087031,183.906054,13.608085,0.275849,0.250000,0.002357,0.000013
2024-05-06,constant_corr,risk_parity,0.005524,0.006106,0.000031,0.000037,30.000000,0.040293,183.906054,13.608085,0.275849,0.250000,0.002357,0.000013
2024-05-06,constant_corr,hrp,0.005126,0.006186,0.000026,0.000038,20.385240,0.056236,183.906054,13.608085,0.275849,0.250000,0.002357,0.000013
2024-05-06,constant_corr,max_diversification,0.004982,0.006557,0.000025,0.000043,12.362300,0.091767,183.906054,13.608085,0.275849,0.250000,0.002357,0.000013
2024-05-06,rmt_hard,equal_weight,0.006966,0.006088,0.000049,0.000037,22.567565,0.033333,183.906054,13.608085,0.275849,0.250000,0.002357,0.000013
2024-05-06,rmt_hard,inverse_variance,0.005456,0.006307,0.000030,0.000040,23.429010,0.048661,183.906054,13.608085,0.275849,0.250000,0.002357,0.000013
2024-05-06,rmt_hard,minimum_variance,0.004530,0.006464,0.000021,0.000042,11.641592,0.085912,183.906054,13.608085,0.275849,0.250000,0.002357,0.000013
2024-05-06,rmt_hard,risk_parity,0.005542,0.006107,0.000031,0.000037,30.000000,0.040327,183.906054,13.608085,0.275849,0.250000,0.002357,0.000013
2024-05-06,rmt_hard,hrp,0.005241,0.006261,0.000027,0.000039,23.877233,0.048575,183.906054,13.608085,0.275849,0.250000,0.002357,0.000013
2024-05-06,rmt_hard,max_diversification,0.005044,0.006509,0.000025,0.000042,11.813261,0.085201,183.906054,13.608085,0.275849,0.250000,0.002357,0.000013
2024-05-06,rmt_soft,equal_weight,0.006978,0.006088,0.000049,0.000037,22.496597,0.033333,183.906054,13.608085,0.275849,0.250000,0.002357,0.000013
2024-05-06,rmt_soft,inverse_variance,0.005498,0.006329,0.000030,0.000040,23.208429,0.048577,183.906054,13.608085,0.275849,0.250000,0.002357,0.000013
2024-05-06,rmt_soft,minimum_variance,0.004614,0.006470,0.000021,0.000042,12.437432,0.080417,183.906054,13.608085,0.275849,0.250000,0.002357,0.000013
2024-05-06,rmt_soft,risk_parity,0.005555,0.006104,0.000031,0.000037,30.000000,0.040244,183.906054,13.608085,0.275849,0.250000,0.002357,0.000013
2024-05-06,rmt_soft,hrp,0.005241,0.006313,0.000027,0.000040,23.552282,0.049171,183.906054,13.608085,0.275849,0.250000,0.002357,0.000013
2024-05-06,rmt_soft,max_diversification,0.005079,0.006517,0.000026,0.000042,13.263910,0.079794,183.906054,13.608085,0.275849,0.250000,0.002357,0.000013
2024-05-06,rmt_rie,equal_weight,0.006253,0.006088,0.000039,0.000037,22.298925,0.033333,183.906054,13.608085,0.275849,0.250000,0.002357,0.000013
2024-05-06,rmt_rie,inverse_variance,0.004905,0.006334,0.000024,0.000040,23.163522,0.048513,183.906054,13.608085,0.275849,0.250000,0.002357,0.000013
2024-05-06,rmt_rie,minimum_variance,0.004181,0.006428,0.000017,0.000041,13.128992,0.076188,183.906054,13.608085,0.275849,0.250000,0.002357,0.000013
2024-05-06,rmt_rie,risk_parity,0.004976,0.006097,0.000025,0.000037,30.000000,0.040140,183.906054,13.608085,0.275849,0.250000,0.002357,0.000013
2024-05-06,rmt_rie,hrp,0.004564,0.006200,0.000021,0.000038,19.979120,0.055947,183.906054,13.608085,0.275849,0.250000,0.002357,0.000013
2024-05-06,rmt_rie,max_diversification,0.004623,0.006338,0.000021,0.000040,15.196829,0.073761,183.906054,13.608085,0.275849,0.250000,0.002357,0.000013
2024-05-06,factor_model,equal_weight,0.007102,0.006088,0.000050,0.000037,20.995153,0.033333,183.906054,13.608085,0.275849,0.250000,0.002357,0.000013
2024-05-06,factor_model,inverse_variance,0.005266,0.006323,0.000028,0.000040,23.323024,0.048586,183.906054,13.608085,0.275849,0.250000,0.002357,0.000013
2024-05-06,factor_model,minimum_variance,0.003648,0.006399,0.000013,0.000041,10.086994,0.099164,183.906054,13.608085,0.275849,0.250000,0.002357,0.000013
2024-05-06,factor_model,risk_parity,0.004895,0.006067,0.000024,0.000037,30.000000,0.045717,183.906054,13.608085,0.275849,0.250000,0.002357,0.000013
2024-05-06,factor_model,hrp,0.004296,0.006251,0.000018,0.000039,18.530308,0.068104,183.906054,13.608085,0.275849,0.250000,0.002357,0.000013
2024-05-06,factor_model,max_diversification,0.003974,0.006202,0.000016,0.000038,14.672079,0.075895,183.906054,13.608085,0.275849,0.250000,0.002357,0.000013
2024-06-05,sample,equal_weight,0.006941,0.003741,0.000048,0.000014,23.697488,0.033333,173.685325,13.849342,0.264134,0.250000,0.002275,0.000013
2024-06-05,sample,inverse_variance,0.005765,0.003595,0.000033,0.000013,23.161854,0.047313,173.685325,13.849342,0.264134,0.250000,0.002275,0.000013
2024-06-05,sample,minimum_variance,0.004901,0.003173,0.000024,0.000010,11.201903,0.089272,173.685325,13.849342,0.264134,0.250000,0.002275,0.000013
2024-06-05,sample,risk_parity,0.005854,0.003400,0.000034,0.000012,30.000000,0.038453,173.685325,13.849342,0.264134,0.250000,0.002275,0.000013
2024-06-05,sample,hrp,0.005505,0.003748,0.000030,0.000014,23.895771,0.049886,173.685325,13.849342,0.264134,0.250000,0.002275,0.000013
2024-06-05,sample,max_diversification,0.005462,0.003789,0.000030,0.000014,11.541006,0.091529,173.685325,13.849342,0.264134,0.250000,0.002275,0.000013
2024-06-05,ledoit_wolf,equal_weight,0.006372,0.003741,0.000041,0.000014,24.132266,0.033333,173.685325,13.849342,0.264134,0.250000,0.002275,0.000013
2024-06-05,ledoit_wolf,inverse_variance,0.005548,0.003577,0.000031,0.000013,25.675622,0.040557,173.685325,13.849342,0.264134,0.250000,0.002275,0.000013
2024-06-05,ledoit_wolf,minimum_variance,0.004838,0.002928,0.000023,0.000009,14.736539,0.067861,173.685325,13.849342,0.264134,0.250000,0.002275,0.000013
2024-06-05,ledoit_wolf,risk_parity,0.005510,0.003404,0.000030,0.000012,30.000000,0.037492,173.685325,13.849342,0.264134,0.250000,0.002275,0.000013
2024-06-05,ledoit_wolf,hrp,0.005220,0.003640,0.000027,0.000013,21.494848,0.049769,173.685325,13.849342,0.264134,0.250000,0.002275,0.000013
2024-06-05,ledoit_wolf,max_diversification,0.005180,0.003331,0.000027,0.000011,15.910339,0.064237,173.685325,13.849342,0.264134,0.250000,0.002275,0.000013
2024-06-05,constant_corr,equal_weight,0.006912,0.003741,0.000048,0.000014,23.697488,0.033333,173.685325,13.849342,0.264134,0.250000,0.002275,0.000013
2024-06-05,constant_corr,inverse_variance,0.005740,0.003595,0.000033,0.000013,23.161854,0.047313,173.685325,13.849342,0.264134,0.250000,0.002275,0.000013
2024-06-05,constant_corr,minimum_variance,0.004881,0.003173,0.000024,0.000010,11.201913,0.089272,173.685325,13.849342,0.264134,0.250000,0.002275,0.000013
2024-06-05,constant_corr,risk_parity,0.005830,0.003400,0.000034,0.000012,30.000000,0.038453,173.685325,13.849342,0.264134,0.250000,0.002275,0.000013
2024-06-05,constant_corr,hrp,0.005482,0.003748,0.000030,0.000014,23.895771,0.049886,173.685325,13.849342,0.264134,0.250000,0.002275,0.000013
2024-06-05,constant_corr,max_diversification,0.005439,0.003789,0.000030,0.000014,11.541006,0.091529,173.685325,13.849342,0.264134,0.250000,0.002275,0.000013
2024-06-05,rmt_hard,equal_weight,0.006931,0.003741,0.000048,0.000014,23.716769,0.033333,173.685325,13.849342,0.264134,0.250000,0.002275,0.000013
2024-06-05,rmt_hard,inverse_variance,0.005719,0.003640,0.000033,0.000013,23.608252,0.046888,173.685325,13.849342,0.264134,0.250000,0.002275,0.000013
2024-06-05,rmt_hard,minimum_variance,0.004884,0.003088,0.000024,0.000010,11.011253,0.090832,173.685325,13.849342,0.264134,0.250000,0.002275,0.000013
2024-06-05,rmt_hard,risk_parity,0.005844,0.003412,0.000034,0.000012,30.000000,0.038451,173.685325,13.849342,0.264134,0.250000,0.002275,0.000013
2024-06-05,rmt_hard,hrp,0.005538,0.003750,0.000031,0.000014,19.916019,0.055544,173.685325,13.849342,0.264134,0.250000,0.002275,0.000013
2024-06-05,rmt_hard,max_diversification,0.005464,0.003893,0.000030,0.000015,12.163407,0.079900,173.685325,13.849342,0.264134,0.250000,0.002275,0.000013
2024-06-05,rmt_soft,equal_weight,0.006942,0.003741,0.000048,0.000014,23.702485,0.033333,173.685325,13.849342,0.264134,0.250000,0.002275,0.000013
2024-06-05,rmt_soft,inverse_variance,0.005744,0.003608,0.000033,0.000013,23.397030,0.047096,173.685325,13.849342,0.264134,0.250000,0.002275,0.000013
2024-06-05,rmt_soft,minimum_variance,0.004916,0.003156,0.000024,0.000010,11.244611,0.088946,173.685325,13.849342,0.264134,0.250000,0.002275,0.000013
2024-06-05,rmt_soft,risk_parity,0.005858,0.003407,0.000034,0.000012,30.000000,0.038436,173.685325,13.849342,0.264134,0.250000,0.002275,0.000013
2024-06-05,rmt_soft,hrp,0.005421,0.003705,0.000029,0.000014,20.773007,0.054960,173.685325,13.849342,0.264134,0.250000,0.002275,0.000013
2024-06-05,rmt_soft,max_diversification,0.005505,0.003747,0.000030,0.000014,13.675722,0.075629,173.685325,13.849342,0.264134,0.250000,0.002275,0.000013
2024-06-05,rmt_rie,equal_weight,0.006226,0.003741,0.000039,0.000014,23.467668,0.033333,173.685325,13.849342,0.264134,0.250000,0.002275,0.000013
2024-06-05,rmt_rie,inverse_variance,0.005133,0.003609,0.000026,0.000013,23.521671,0.046725,173.685325,13.849342,0.264134,0.250000,0.002275,0.000013
2024-06-05,rmt_rie,minimum_variance,0.004473,0.003245,0.000020,0.000011,12.404272,0.080630,173.685325,13.849342,0.264134,0.250000,0.002275,0.000013
2024-06-05,rmt_rie,risk_parity,0.005252,0.003418,0.000028,0.000012,30.000000,0.038354,173.685325,13.849342,0.264134,0.250000,0.002275,0.000013
2024-06-05,rmt_rie,hrp,0.005047,0.003874,0.000025,0.000015,24.027263,0.047664,173.685325,13.849342,0.264134,0.250000,0.002275,0.000013
2024-06-05,rmt_rie,max_diversification,0.005009,0.003707,0.000025,0.000014,14.864092,0.071291,173.685325,13.849342,0.264134,0.250000,0.002275,0.000013
2024-06-05,factor_model,equal_weight,0.007077,0.003741,0.000050,0.000014,21.940336,0.033333,173.685325,13.849342,0.264134,0.250000,0.002275,0.000013
2024-06-05,factor_model,inverse_variance,0.005468,0.003595,0.000030,0.000013,23.719309,0.047313,173.685325,13.849342,0.264134,0.250000,0.002275,0.000013
2024-06-05,factor_model,minimum_variance,0.003844,0.003794,0.000015,0.000014,9.305519,0.107479,173.685325,13.849342,0.264134,0.250000,0.002275,0.000013
2024-06-05,factor_model,risk_parity,0.005192,0.003362,0.000027,0.000011,30.000000,0.044048,173.685325,13.849342,0.264134,0.250000,0.002275,0.000013
2024-06-05,factor_model,hrp,0.004641,0.003796,0.000022,0.000014,19.907655,0.066894,173.685325,13.849342,0.264134,0.250000,0.002275,0.000013
2024-06-05,factor_model,max_diversification,0.004166,0.003362,0.000017,0.000011,12.466551,0.082637,173.685325,13.849342,0.264134,0.250000,0.002275,0.000013
2024-07-08,sample,equal_weight,0.006531,0.009534,0.000043,0.000091,23.703938,0.033333,146.797160,14.593829,0.252213,0.250000,0.002170,0.000015
2024-07-08,sample,inverse_variance,0.005498,0.007864,0.000030,0.000062,22.477122,0.048549,146.797160,14.593829,0.252213,0.250000,0.002170,0.000015
2024-07-08,sample,minimum_variance,0.004562,0.007863,0.000021,0.000062,10.272030,0.097355,146.797160,14.593829,0.252213,0.250000,0.002170,0.000015
2024-07-08,sample,risk_parity,0.005546,0.008300,0.000031,0.000069,30.000000,0.038265,146.797160,14.593829,0.252213,0.250000,0.002170,0.000015
2024-07-08,sample,hrp,0.005468,0.008129,0.000030,0.000066,23.589687,0.045714,146.797160,14.593829,0.252213,0.250000,0.002170,0.000015
2024-07-08,sample,max_diversification,0.005060,0.008331,0.000026,0.000069,10.703953,0.094335,146.797160,14.593829,0.252213,0.250000,0.002170,0.000015
2024-07-08,ledoit_wolf,equal_weight,0.005985,0.009534,0.000036,0.000091,24.221710,0.033333,146.797160,14.593829,0.252213,0.250000,0.002170,0.000015
2024-07-08,ledoit_wolf,inverse_variance,0.005284,0.008230,0.000028,0.000068,25.428420,0.040646,146.797160,14.593829,0.252213,0.250000,0.002170,0.000015
2024-07-08,ledoit_wolf,minimum_variance,0.004577,0.007827,0.000021,0.000061,14.662659,0.068206,146.797160,14.593829,0.252213,0.250000,0.002170,0.000015
2024-07-08,ledoit_wolf,risk_parity,0.005228,0.008419,0.000027,0.000071,30.000000,0.037153,146.797160,14.593829,0.252213,0.250000,0.002170,0.000015
2024-07-08,ledoit_wolf,hrp,0.005169,0.008209,0.000027,0.000067,25.186634,0.042159,146.797160,14.593829,0.252213,0.250000,0.002170,0.000015
2024-07-08,ledoit_wolf,max_diversification,0.004874,0.008184,0.000024,0.000067,15.212041,0.062622,146.797160,14.593829,0.252213,0.250000,0.002170,0.000015
2024-07-08,constant_corr,equal_weight,0.006504,0.009534,0.000042,0.000091,23.703938,0.033333,146.797160,14.593829,0.252213,0.250000,0.002170,0.000015
2024-07-08,constant_corr,inverse_variance,0.005475,0.007864,0.000030,0.000062,22.477122,0.048549,146.797160,14.593829,0.252213,0.250000,0.002170,0.000015
2024-07-08,constant_corr,minimum_variance,0.004543,0.007863,0.000021,0.000062,10.272012,0.097355,146.797160,14.593829,0.252213,0.250000,0.002170,0.000015
2024-07-08,constant_corr,risk_parity,0.005523,0.008300,0.000031,0.000069,30.000000,0.038265,146.797160,14.593829,0.252213,0.250000,0.002170,0.000015
2024-07-08,constant_corr,hrp,0.005446,0.008129,0.000030,0.000066,23.589687,0.045714,146.797160,14.593829,0.252213,0.250000,0.002170,0.000015
2024-07-08,constant_corr,max_diversification,0.005039,0.008331,0.000025,0.000069,10.703954,0.094335,146.797160,14.593829,0.252213,0.250000,0.002170,0.000015
2024-07-08,rmt_hard,equal_weight,0.006519,0.009534,0.000042,0.000091,23.779558,0.033333,146.797160,14.593829,0.252213,0.250000,0.002170,0.000015
2024-07-08,rmt_hard,inverse_variance,0.005453,0.007900,0.000030,0.000062,22.686692,0.048489,146.797160,14.593829,0.252213,0.250000,0.002170,0.000015
2024-07-08,rmt_hard,minimum_variance,0.004564,0.007586,0.000021,0.000058,10.489655,0.095349,146.797160,14.593829,0.252213,0.250000,0.002170,0.000015
2024-07-08,rmt_hard,risk_parity,0.005547,0.008322,0.000031,0.000069,30.000000,0.038175,146.797160,14.593829,0.252213,0.250000,0.002170,0.000015
2024-07-08,rmt_hard,hrp,0.005246,0.007710,0.000028,0.000059,18.583639,0.056650,146.797160,14.593829,0.252213,0.250000,0.002170,0.000015
2024-07-08,rmt_hard,max_diversification,0.005182,0.008314,0.000027,0.000069,12.785633,0.077233,146.797160,14.593829,0.252213,0.250000,0.002170,0.000015
2024-07-08,rmt_soft,equal_weight,0.006535,0.009534,0.000043,0.000091,23.694294,0.033333,146.797160,14.593829,0.252213,0.250000,0.002170,0.000015
2024-07-08,rmt_soft,inverse_variance,0.005482,0.007868,0.000030,0.000062,22.595502,0.048500,146.797160,14.593829,0.252213,0.250000,0.002170,0.000015
2024-07-08,rmt_soft,minimum_variance,0.004610,0.007714,0.000021,0.000060,10.841697,0.092239,146.797160,14.593829,0.252213,0.250000,0.002170,0.000015
2024-07-08,rmt_soft,risk_parity,0.005556,0.008295,0.000031,0.000069,30.000000,0.038234,146.797160,14.593829,0.252213,0.250000,0.002170,0.000015
2024-07-08,rmt_soft,hrp,0.005421,0.007913,0.000029,0.000063,22.889899,0.047878,146.797160,14.593829,0.252213,0.250000,0.002170,0.000015
2024-07-08,rmt_soft,max_diversification,0.005181,0.008154,0.000027,0.000066,12.932744,0.078751,146.797160,14.593829,0.252213,0.250000,0.002170,0.000015
2024-07-08,rmt_rie,equal_weight,0.005876,0.009534,0.000035,0.000091,23.177786,0.033333,146.797160,14.593829,0.252213,0.250000,0.002170,0.000015
2024-07-08,rmt_rie,inverse_variance,0.004874,0.007879,0.000024,0.000062,22.812567,0.048022,146.797160,14.593829,0.252213,0.250000,0.002170,0.000015
2024-07-08,rmt_rie,minimum_variance,0.004177,0.007522,0.000017,0.000057,11.739172,0.085201,146.797160,14.593829,0.252213,0.250000,0.002170,0.000015
2024-07-08,rmt_rie,risk_parity,0.004964,0.008265,0.000025,0.000068,30.000000,0.038338,146.797160,14.593829,0.252213,0.250000,0.002170,0.000015
2024-07-08,rmt_rie,hrp,0.004889,0.007845,0.000024,0.000062,22.812426,0.047572,146.797160,14.593829,0.252213,0.250000,0.002170,0.000015
2024-07-08,rmt_rie,max_diversification,0.004703,0.008025,0.000022,0.000064,14.881680,0.067892,146.797160,14.593829,0.252213,0.250000,0.002170,0.000015
2024-07-08,factor_model,equal_weight,0.006761,0.009534,0.000046,0.000091,22.305695,0.033333,146.797160,14.593829,0.252213,0.250000,0.002170,0.000015
2024-07-08,factor_model,inverse_variance,0.005355,0.007864,0.000029,0.000062,23.818387,0.048549,146.797160,14.593829,0.252213,0.250000,0.002170,0.000015
2024-07-08,factor_model,minimum_variance,0.003875,0.008233,0.000015,0.000068,8.248694,0.121262,146.797160,14.593829,0.252213,0.250000,0.002170,0.000015
2024-07-08,factor_model,risk_parity,0.005259,0.008076,0.000028,0.000065,30.000000,0.041888,146.797160,14.593829,0.252213,0.250000,0.002170,0.000015
2024-07-08,factor_model,hrp,0.005087,0.007909,0.000026,0.000063,22.648340,0.054548,146.797160,14.593829,0.252213,0.250000,0.002170,0.000015
2024-07-08,factor_model,max_diversification,0.004152,0.008431,0.000017,0.000071,9.373986,0.088126,146.797160,14.593829,0.252213,0.250000,0.002170,0.000015
2024-08-06,sample,equal_weight,0.007180,0.008505,0.000052,0.000072,23.224118,0.033333,146.369289,13.614898,0.288446,0.250000,0.002744,0.000019
2024-08-06,sample,inverse_variance,0.005930,0.005308,0.000035,0.000028,23.525461,0.047483,146.369289,13.614898,0.288446,0.250000,0.002744,0.000019
2024-08-06,sample,minimum_variance,0.004960,0.004715,0.000025,0.000022,8.835689,0.113195,146.369289,13.614898,0.288446,0.250000,0.002744,0.000019
2024-08-06,sample,risk_parity,0.006023,0.006475,0.000036,0.000042,30.000000,0.039346,146.369289,13.614898,0.288446,0.250000,0.002744,0.000019
2024-08-06,sample,hrp,0.005852,0.005328,0.000034,0.000028,22.617972,0.051591,146.369289,13.614898,0.288446,0.250000,0.002744,0.000019
2024-08-06,sample,max_diversification,0.005562,0.006496,0.000031,0.000042,12.236811,0.092500,146.369289,13.614898,0.288446,0.250000,0.002744,0.000019
2024-08-06,ledoit_wolf,equal_weight,0.006710,0.008505,0.000045,0.000072,23.590020,0.033333,146.369289,13.614898,0.288446,0.250000,0.002744,0.000019
2024-08-06,ledoit_wolf,inverse_variance,0.005782,0.005842,0.000033,0.000034,25.669319,0.041371,146.369289,13.614898,0.288446,0.250000,0.002744,0.000019
2024-08-06,ledoit_wolf,minimum_variance,0.005018,0.004896,0.000025,0.000024,12.167570,0.082194,146.369289,13.614898,0.288446,0.250000,0.002744,0.000019
2024-08-06,ledoit_wolf,risk_parity,0.005760,0.006605,0.000033,0.000044,30.000000,0.038186,146.369289,13.614898,0.288446,0.250000,0.002744,0.000019
2024-08-06,ledoit_wolf,hrp,0.005657,0.005534,0.000032,0.000031,23.868839,0.046275,146.369289,13.614898,0.288446,0.250000,0.002744,0.000019
2024-08-06,ledoit_wolf,max_diversification,0.005392,0.006425,0.000029,0.000041,15.672053,0.067686,146.369289,13.614898,0.288446,0.250000,0.002744,0.000019
2024-08-06,constant_corr,equal_weight,0.007151,0.008505,0.000051,0.000072,23.249896,0.033333,146.369289,13.614898,0.288446,0.250000,0.002744,0.000019
2024-08-06,constant_corr,inverse_variance,0.005903,0.005308,0.000035,0.000028,23.562356,0.047483,146.369289,13.614898,0.288446,0.250000,0.002744,0.000019
2024-08-06,constant_corr,minimum_variance,0.004951,0.004700,0.000025,0.000022,8.854992,0.112949,146.369289,13.614898,0.288446,0.250000,0.002744,0.000019
2024-08-06,constant_corr,risk_parity,0.006006,0.006475,0.000036,0.000042,30.000000,0.039295,146.369289,13.614898,0.288446,0.250000,0.002744,0.000019
2024-08-06,constant_corr,hrp,0.005828,0.005329,0.000034,0.000028,22.665420,0.051516,146.369289,13.614898,0.288446,0.250000,0.002744,0.000019
2024-08-06,constant_corr,max_diversification,0.005563,0.006497,0.000031,0.000042,12.391324,0.091396,146.369289,13.614898,0.288446,0.250000,0.002744,0.000019
2024-08-06,rmt_hard,equal_weight,0.007163,0.008505,0.000051,0.000072,23.252952,0.033333,146.369289,13.614898,0.288446,0.250000,0.002744,0.000019
2024-08-06,rmt_hard,inverse_variance,0.005870,0.005338,0.000034,0.000028,23.879439,0.047459,146.369289,13.614898,0.288446,0.250000,0.002744,0.000019
2024-08-06,rmt_hard,minimum_variance,0.004662,0.005384,0.000022,0.000029,7.921825,0.126251,146.369289,13.614898,0.288446,0.250000,0.002744,0.000019
2024-08-06,rmt_hard,risk_parity,0.005958,0.006478,0.000036,0.000042,30.000000,0.039916,146.369289,13.614898,0.288446,0.250000,0.002744,0.000019
2024-08-06,rmt_hard,hrp,0.005888,0.005944,0.000035,0.000035,24.281463,0.047619,146.369289,13.614898,0.288446,0.250000,0.002744,0.000019
2024-08-06,rmt_hard,max_diversification,0.005226,0.006565,0.000027,0.000043,12.482770,0.091044,146.369289,13.614898,0.288446,0.250000,0.002744,0.000019
2024-08-06,rmt_soft,equal_weight,0.007179,0.008505,0.000052,0.000072,23.226050,0.033333,146.369289,13.614898,0.288446,0.250000,0.002744,0.000019
2024-08-06,rmt_soft,inverse_variance,0.005918,0.005308,0.000035,0.000028,23.619537,0.047521,146.369289,13.614898,0.288446,0.250000,0.002744,0.000019
2024-08-06,rmt_soft,minimum_variance,0.004975,0.004693,0.000025,0.000022,9.095010,0.109964,146.369289,13.614898,0.288446,0.250000,0.002744,0.000019
2024-08-06,rmt_soft,risk_parity,0.006025,0.006472,0.000036,0.000042,30.000000,0.039334,146.369289,13.614898,0.288446,0.250000,0.002744,0.000019
2024-08-06,rmt_soft,hrp,0.005886,0.005413,0.000035,0.000029,23.177530,0.049075,146.369289,13.614898,0.288446,0.250000,0.002744,0.000019
2024-08-06,rmt_soft,max_diversification,0.005585,0.006352,0.000031,0.000040,14.143533,0.077435,146.369289,13.614898,0.288446,0.250000,0.002744,0.000019
2024-08-06,rmt_rie,equal_weight,0.006442,0.008505,0.000041,0.000072,22.280608,0.033333,146.369289,13.614898,0.288446,0.250000,0.002744,0.000019
2024-08-06,rmt_rie,inverse_variance,0.005268,0.005357,0.000028,0.000029,23.525219,0.046958,146.369289,13.614898,0.288446,0.250000,0.002744,0.000019
2024-08-06,rmt_rie,minimum_variance,0.004470,0.004799,0.000020,0.000023,9.713339,0.102971,146.369289,13.614898,0.288446,0.250000,0.002744,0.000019
2024-08-06,rmt_rie,risk_parity,0.005346,0.006423,0.000029,0.000041,30.000000,0.039469,146.369289,13.614898,0.288446,0.250000,0.002744,0.000019
2024-08-06,rmt_rie,hrp,0.005253,0.005695,0.000028,0.000032,23.712031,0.047474,146.369289,13.614898,0.288446,0.250000,0.002744,0.000019
2024-08-06,rmt_rie,max_diversification,0.005002,0.006288,0.000025,0.000040,15.285217,0.071663,146.369289,13.614898,0.288446,0.250000,0.002744,0.000019
2024-08-06,factor_model,equal_weight,0.007398,0.008505,0.000055,0.000072,22.205346,0.033333,146.369289,13.614898,0.288446,0.250000,0.002744,0.000019
2024-08-06,factor_model,inverse_variance,0.005831,0.005308,0.000034,0.000028,24.119667,0.047483,146.369289,13.614898,0.288446,0.250000,0.002744,0.000019
2024-08-06,factor_model,minimum_variance,0.004095,0.004133,0.000017,0.000017,7.583734,0.132144,146.369289,13.614898,0.288446,0.250000,0.002744,0.000019
2024-08-06,factor_model,risk_parity,0.005608,0.005959,0.000031,0.000036,30.000000,0.044549,146.369289,13.614898,0.288446,0.250000,0.002744,0.000019
2024-08-06,factor_model,hrp,0.005453,0.004861,0.000030,0.000024,23.368263,0.055449,146.369289,13.614898,0.288446,0.250000,0.002744,0.000019
2024-08-06,factor_model,max_diversification,0.004452,0.005220,0.000020,0.000027,8.559578,0.102647,146.369289,13.614898,0.288446,0.250000,0.002744,0.000019
2024-09-05,sample,equal_weight,0.007438,0.006207,0.000055,0.000039,22.587259,0.033333,153.939703,13.434002,0.301054,0.250000,0.002762,0.000018
2024-09-05,sample,inverse_variance,0.005932,0.004918,0.000035,0.000024,24.197594,0.048222,153.939703,13.434002,0.301054,0.250000,0.002762,0.000018
2024-09-05,sample,minimum_variance,0.004841,0.005466,0.000023,0.000030,8.828363,0.113276,153.939703,13.434002,0.301054,0.250000,0.002762,0.000018
2024-09-05,sample,risk_parity,0.006032,0.005027,0.000036,0.000025,30.000000,0.040812,153.939703,13.434002,0.301054,0.250000,0.002762,0.000018
2024-09-05,sample,hrp,0.005790,0.004619,0.000034,0.000021,22.672282,0.049993,153.939703,13.434002,0.301054,0.250000,0.002762,0.000018
2024-09-05,sample,max_diversification,0.005363,0.005090,0.000029,0.000026,10.406549,0.112561,153.939703,13.434002,0.301054,0.250000,0.002762,0.000018
2024-09-05,ledoit_wolf,equal_weight,0.006964,0.006207,0.000049,0.000039,22.917842,0.033333,153.939703,13.434002,0.301054,0.250000,0.002762,0.000018
2024-09-05,ledoit_wolf,inverse_variance,0.005828,0.005031,0.000034,0.000025,26.278644,0.041620,153.939703,13.434002,0.301054,0.250000,0.002762,0.000018
2024-09-05,ledoit_wolf,minimum_variance,0.004919,0.005225,0.000024,0.000027,11.283552,0.088639,153.939703,13.434002,0.301054,0.250000,0.002762,0.000018
2024-09-05,ledoit_wolf,risk_parity,0.005793,0.005078,0.000034,0.000026,30.000000,0.039348,153.939703,13.434002,0.301054,0.250000,0.002762,0.000018
2024-09-05,ledoit_wolf,hrp,0.005748,0.004897,0.000033,0.000024,24.931044,0.044252,153.939703,13.434002,0.301054,0.250000,0.002762,0.000018
2024-09-05,ledoit_wolf,max_diversification,0.005264,0.005023,0.000028,0.000025,13.659024,0.078663,153.939703,13.434002,0.301054,0.250000,0.002762,0.000018
2024-09-05,constant_corr,equal_weight,0.007407,0.006207,0.000055,0.000039,22.587259,0.033333,153.939703,13.434002,0.301054,0.250000,0.002762,0.000018
2024-09-05,constant_corr,inverse_variance,0.005907,0.004918,0.000035,0.000024,24.197594,0.048222,153.939703,13.434002,0.301054,0.250000,0.002762,0.000018
2024-09-05,constant_corr,minimum_variance,0.004821,0.005466,0.000023,0.000030,8.828493,0.113275,153.939703,13.434002,0.301054,0.250000,0.002762,0.000018
2024-09-05,constant_corr,risk_parity,0.006007,0.005027,0.000036,0.000025,30.000000,0.040812,153.939703,13.434002,0.301054,0.250000,0.002762,0.000018
2024-09-05,constant_corr,hrp,0.005766,0.004619,0.000033,0.000021,22.672282,0.049993,153.939703,13.434002,0.301054,0.250000,0.002762,0.000018
2024-09-05,constant_corr,max_diversification,0.005341,0.005090,0.000029,0.000026,10.406549,0.112561,153.939703,13.434002,0.301054,0.250000,0.002762,0.000018
2024-09-05,rmt_hard,equal_weight,0.007428,0.006207,0.000055,0.000039,22.630864,0.033333,153.939703,13.434002,0.301054,0.250000,0.002762,0.000018
2024-09-05,rmt_hard,inverse_variance,0.005866,0.004882,0.000034,0.000024,24.094406,0.049048,153.939703,13.434002,0.301054,0.250000,0.002762,0.000018
2024-09-05,rmt_hard,minimum_variance,0.004713,0.005506,0.000022,0.000030,7.953654,0.125745,153.939703,13.434002,0.301054,0.250000,0.002762,0.000018
2024-09-05,rmt_hard,risk_parity,0.006005,0.005018,0.000036,0.000025,30.000000,0.041077,153.939703,13.434002,0.301054,0.250000,0.002762,0.000018
2024-09-05,rmt_hard,hrp,0.005821,0.004978,0.000034,0.000025,21.345192,0.055688,153.939703,13.434002,0.301054,0.250000,0.002762,0.000018
2024-09-05,rmt_hard,max_diversification,0.005330,0.005184,0.000028,0.000027,11.525543,0.098133,153.939703,13.434002,0.301054,0.250000,0.002762,0.000018
2024-09-05,rmt_soft,equal_weight,0.007441,0.006207,0.000055,0.000039,22.574604,0.033333,153.939703,13.434002,0.301054,0.250000,0.002762,0.000018
2024-09-05,rmt_soft,inverse_variance,0.005915,0.004904,0.000035,0.000024,24.256306,0.048344,153.939703,13.434002,0.301054,0.250000,0.002762,0.000018
2024-09-05,rmt_soft,minimum_variance,0.004870,0.005418,0.000024,0.000029,8.756504,0.114203,153.939703,13.434002,0.301054,0.250000,0.002762,0.000018
2024-09-05,rmt_soft,risk_parity,0.006038,0.005026,0.000036,0.000025,30.000000,0.040779,153.939703,13.434002,0.301054,0.250000,0.002762,0.000018
2024-09-05,rmt_soft,hrp,0.005735,0.004956,0.000033,0.000025,18.825911,0.059703,153.939703,13.434002,0.301054,0.250000,0.002762,0.000018
2024-09-05,rmt_soft,max_diversification,0.005423,0.005160,0.000029,0.000027,12.312724,0.091301,153.939703,13.434002,0.301054,0.250000,0.002762,0.000018
2024-09-05,rmt_rie,equal_weight,0.006637,0.006207,0.000044,0.000039,22.329678,0.033333,153.939703,13.434002,0.301054,0.250000,0.002762,0.000018
2024-09-05,rmt_rie,inverse_variance,0.005329,0.004937,0.000028,0.000024,24.143395,0.047399,153.939703,13.434002,0.301054,0.250000,0.002762,0.000018
2024-09-05,rmt_rie,minimum_variance,0.004441,0.005314,0.000020,0.000028,9.496195,0.105308,153.939703,13.434002,0.301054,0.250000,0.002762,0.000018
2024-09-05,rmt_rie,risk_parity,0.005420,0.005049,0.000029,0.000025,30.000000,0.040275,153.939703,13.434002,0.301054,0.250000,0.002762,0.000018
2024-09-05,rmt_rie,hrp,0.005271,0.004939,0.000028,0.000024,22.367749,0.051460,153.939703,13.434002,0.301054,0.250000,0.002762,0.000018
2024-09-05,rmt_rie,max_diversification,0.004951,0.005018,0.000025,0.000025,13.624861,0.082579,153.939703,13.434002,0.301054,0.250000,0.002762,0.000018
2024-09-05,factor_model,equal_weight,0.007637,0.006207,0.000058,0.000039,21.811190,0.033333,153.939703,13.434002,0.301054,0.250000,0.002762,0.000018
2024-09-05,factor_model,inverse_variance,0.005857,0.004918,0.000034,0.000024,24.673971,0.048222,153.939703,13.434002,0.301054,0.250000,0.002762,0.000018
2024-09-05,factor_model,minimum_variance,0.004130,0.005042,0.000017,0.000025,7.399805,0.135696,153.939703,13.434002,0.301054,0.250000,0.002762,0.000018
2024-09-05,factor_model,risk_parity,0.005667,0.004856,0.000032,0.000024,30.000000,0.045785,153.939703,13.434002,0.301054,0.250000,0.002762,0.000018
2024-09-05,factor_model,hrp,0.005420,0.004597,0.000029,0.000021,22.106595,0.058969,153.939703,13.434002,0.301054,0.250000,0.002762,0.000018
2024-09-05,factor_model,max_diversification,0.004525,0.004679,0.000020,0.000022,8.251621,0.111629,153.939703,13.434002,0.301054,0.250000,0.002762,0.000018
2024-10-04,sample,equal_weight,0.007189,0.006470,0.000052,0.000042,21.418576,0.033333,160.712433,13.208704,0.322668,0.250000,0.002858,0.000018
2024-10-04,sample,inverse_variance,0.005717,0.006105,0.000033,0.000037,24.500406,0.047127,160.712433,13.208704,0.322668,0.250000,0.002858,0.000018
2024-10-04,sample,minimum_variance,0.004798,0.005736,0.000023,0.000033,8.013546,0.125109,160.712433,13.208704,0.322668,0.250000,0.002858,0.000018
2024-10-04,sample,risk_parity,0.005757,0.005898,0.000033,0.000035,30.000000,0.041075,160.712433,13.208704,0.322668,0.250000,0.002858,0.000018
2024-10-04,sample,hrp,0.005659,0.005890,0.000032,0.000035,21.433640,0.050768,160.712433,13.208704,0.322668,0.250000,0.002858,0.000018
2024-10-04,sample,max_diversification,0.005154,0.005516,0.000027,0.000030,11.450532,0.092268,160.712433,13.208704,0.322668,0.250000,0.002858,0.000018
2024-10-04,ledoit_wolf,equal_weight,0.006808,0.006470,0.000046,0.000042,21.724372,0.033333,160.712433,13.208704,0.322668,0.250000,0.002858,0.000018
2024-10-04,ledoit_wolf,inverse_variance,0.005629,0.006096,0.000032,0.000037,26.189046,0.041802,160.712433,13.208704,0.322668,0.250000,0.002858,0.000018
2024-10-04,ledoit_wolf,minimum_variance,0.004862,0.005561,0.000024,0.000031,11.480058,0.087120,160.712433,13.208704,0.322668,0.250000,0.002858,0.000018
2024-10-04,ledoit_wolf,risk_parity,0.005573,0.005921,0.000031,0.000035,30.000000,0.039766,160.712433,13.208704,0.322668,0.250000,0.002858,0.000018
2024-10-04,ledoit_wolf,hrp,0.005593,0.006072,0.000031,0.000037,23.730222,0.044558,160.712433,13.208704,0.322668,0.250000,0.002858,0.000018
2024-10-04,ledoit_wolf,max_diversification,0.005126,0.005619,0.000026,0.000032,13.531921,0.078249,160.712433,13.208704,0.322668,0.250000,0.002858,0.000018
2024-10-04,constant_corr,equal_weight,0.007151,0.006470,0.000051,0.000042,21.642281,0.033333,160.712433,13.208704,0.322668,0.250000,0.002858,0.000018
2024-10-04,constant_corr,inverse_variance,0.005690,0.006105,0.000032,0.000037,24.653691,0.047127,160.712433,13.208704,0.322668,0.250000,0.002858,0.000018
2024-10-04,constant_corr,minimum_variance,0.004857,0.005771,0.000024,0.000033,8.326264,0.120122,160.712433,13.208704,0.322668,0.250000,0.002858,0.000018
2024-10-04,constant_corr,risk_parity,0.005777,0.005910,0.000033,0.000035,30.000000,0.040677,160.712433,13.208704,0.322668,0.250000,0.002858,0.000018
2024-10-04,constant_corr,hrp,0.005635,0.005897,0.000032,0.000035,21.754785,0.050522,160.712433,13.208704,0.322668,0.250000,0.002858,0.000018
2024-10-04,constant_corr,max_diversification,0.005258,0.005535,0.000028,0.000031,12.329817,0.086972,160.712433,13.208704,0.322668,0.250000,0.002858,0.000018
2024-10-04,rmt_hard,equal_weight,0.007191,0.006470,0.000052,0.000042,21.381659,0.033333,160.712433,13.208704,0.322668,0.250000,0.002858,0.000018
2024-10-04,rmt_hard,inverse_variance,0.005684,0.006095,0.000032,0.000037,24.165333,0.047420,160.712433,13.208704,0.322668,0.250000,0.002858,0.000018
2024-10-04,rmt_hard,minimum_variance,0.004748,0.005573,0.000023,0.000031,8.405523,0.119465,160.712433,13.208704,0.322668,0.250000,0.002858,0.000018
2024-10-04,rmt_hard,risk_parity,0.005743,0.005893,0.000033,0.000035,30.000000,0.041249,160.712433,13.208704,0.322668,0.250000,0.002858,0.000018
2024-10-04,rmt_hard,hrp,0.005724,0.005933,0.000033,0.000035,22.588383,0.049040,160.712433,13.208704,0.322668,0.250000,0.002858,0.000018
2024-10-04,rmt_hard,max_diversification,0.005231,0.005699,0.000027,0.000032,12.109937,0.089936,160.712433,13.208704,0.322668,0.250000,0.002858,0.000018
2024-10-04,rmt_soft,equal_weight,0.007196,0.006470,0.000052,0.000042,21.365211,0.033333,160.712433,13.208704,0.322668,0.250000,0.002858,0.000018
2024-10-04,rmt_soft,inverse_variance,0.005704,0.006105,0.000033,0.000037,24.508985,0.047055,160.712433,13.208704,0.322668,0.250000,0.002858,0.000018
2024-10-04,rmt_soft,minimum_variance,0.004861,0.005609,0.000024,0.000031,8.972028,0.111483,160.712433,13.208704,0.322668,0.250000,0.002858,0.000018
2024-10-04,rmt_soft,risk_parity,0.005765,0.005899,0.000033,0.000035,30.000000,0.041026,160.712433,13.208704,0.322668,0.250000,0.002858,0.000018
2024-10-04,rmt_soft,hrp,0.005761,0.006043,0.000033,0.000037,22.697540,0.047745,160.712433,13.208704,0.322668,0.250000,0.002858,0.000018
2024-10-04,rmt_soft,max_diversification,0.005271,0.005549,0.000028,0.000031,12.926523,0.081815,160.712433,13.208704,0.322668,0.250000,0.002858,0.000018
2024-10-04,rmt_rie,equal_weight,0.006412,0.006470,0.000041,0.000042,21.637493,0.033333,160.712433,13.208704,0.322668,0.250000,0.002858,0.000018
2024-10-04,rmt_rie,inverse_variance,0.005233,0.006092,0.000027,0.000037,24.228456,0.045844,160.712433,13.208704,0.322668,0.250000,0.002858,0.000018
2024-10-04,rmt_rie,minimum_variance,0.004486,0.005716,0.000020,0.000033,9.682972,0.103287,160.712433,13.208704,0.322668,0.250000,0.002858,0.000018
2024-10-04,rmt_rie,risk_parity,0.005254,0.005926,0.000028,0.000035,30.000000,0.040054,160.712433,13.208704,0.322668,0.250000,0.002858,0.000018
2024-10-04,rmt_rie,hrp,0.005256,0.005980,0.000028,0.000036,23.326737,0.046412,160.712433,13.208704,0.322668,0.250000,0.002858,0.000018
2024-10-04,rmt_rie,max_diversification,0.004845,0.005631,0.000023,0.000032,13.844690,0.079421,160.712433,13.208704,0.322668,0.250000,0.002858,0.000018
2024-10-04,factor_model,equal_weight,0.007392,0.006470,0.000055,0.000042,20.840913,0.033333,160.712433,13.208704,0.322668,0.250000,0.002858,0.000018
2024-10-04,factor_model,inverse_variance,0.005638,0.006105,0.000032,0.000037,25.083832,0.047127,160.712433,13.208704,0.322668,0.250000,0.002858,0.000018
2024-10-04,factor_model,minimum_variance,0.003843,0.006606,0.000015,0.000044,7.534244,0.136237,160.712433,13.208704,0.322668,0.250000,0.002858,0.000018
2024-10-04,factor_model,risk_parity,0.005290,0.005906,0.000028,0.000035,30.000000,0.047975,160.712433,13.208704,0.322668,0.250000,0.002858,0.000018
2024-10-04,factor_model,hrp,0.005347,0.006245,0.000029,0.000039,22.735284,0.053950,160.712433,13.208704,0.322668,0.250000,0.002858,0.000018
2024-10-04,factor_model,max_diversification,0.004081,0.006361,0.000017,0.000040,6.998464,0.120259,160.712433,13.208704,0.322668,0.250000,0.002858,0.000018
2024-11-04,sample,equal_weight,0.007136,0.006060,0.000051,0.000037,22.536874,0.033333,170.982616,13.360302,0.306800,0.250000,0.002614,0.000015
2024-11-04,sample,inverse_variance,0.005922,0.004692,0.000035,0.000022,24.021156,0.045338,170.982616,13.360302,0.306800,0.250000,0.002614,0.000015
2024-11-04,sample,minimum_variance,0.005006,0.004007,0.000025,0.000016,9.596947,0.104206,170.982616,13.360302,0.306800,0.250000,0.002614,0.000015
2024-11-04,sample,risk_parity,0.005939,0.004815,0.000035,0.000023,30.000000,0.039484,170.982616,13.360302,0.306800,0.250000,0.002614,0.000015
2024-11-04,sample,hrp,0.005909,0.004799,0.000035,0.000023,24.435585,0.044111,170.982616,13.360302,0.306800,0.250000,0.002614,0.000015
2024-11-04,sample,max_diversification,0.005364,0.004653,0.000029,0.000022,10.999127,0.104244,170.982616,13.360302,0.306800,0.250000,0.002614,0.000015
2024-11-04,ledoit_wolf,equal_weight,0.006730,0.006060,0.000045,0.000037,22.830807,0.033333,170.982616,13.360302,0.306800,0.250000,0.002614,0.000015
2024-11-04,ledoit_wolf,inverse_variance,0.005755,0.004934,0.000033,0.000024,25.959629,0.040775,170.982616,13.360302,0.306800,0.250000,0.002614,0.000015
2024-11-04,ledoit_wolf,minimum_variance,0.005006,0.004070,0.000025,0.000017,11.756704,0.085070,170.982616,13.360302,0.306800,0.250000,0.002614,0.000015
2024-11-04,ledoit_wolf,risk_parity,0.005703,0.004882,0.000033,0.000024,30.000000,0.038535,170.982616,13.360302,0.306800,0.250000,0.002614,0.000015
2024-11-04,ledoit_wolf,hrp,0.005721,0.004684,0.000033,0.000022,24.314056,0.042787,170.982616,13.360302,0.306800,0.250000,0.002614,0.000015
2024-11-04,ledoit_wolf,max_diversification,0.005261,0.004549,0.000028,0.000021,14.289786,0.074761,170.982616,13.360302,0.306800,0.250000,0.002614,0.000015
2024-11-04,constant_corr,equal_weight,0.007103,0.006060,0.000050,0.000037,22.762335,0.033333,170.982616,13.360302,0.306800,0.250000,0.002614,0.000015
2024-11-04,constant_corr,inverse_variance,0.005891,0.004692,0.000035,0.000022,24.258860,0.045338,170.982616,13.360302,0.306800,0.250000,0.002614,0.000015
2024-11-04,constant_corr,minimum_variance,0.005069,0.003989,0.000026,0.000016,9.773974,0.102322,170.982616,13.360302,0.306800,0.250000,0.002614,0.000015
2024-11-04,constant_corr,risk_parity,0.005962,0.004840,0.000036,0.000023,30.000000,0.039103,170.982616,13.360302,0.306800,0.250000,0.002614,0.000015
2024-11-04,constant_corr,hrp,0.005884,0.004796,0.000035,0.000023,24.658600,0.044125,170.982616,13.360302,0.306800,0.250000,0.002614,0.000015
2024-11-04,constant_corr,max_diversification,0.005464,0.004615,0.000030,0.000021,12.189160,0.093250,170.982616,13.360302,0.306800,0.250000,0.002614,0.000015
2024-11-04,rmt_hard,equal_weight,0.007132,0.006060,0.000051,0.000037,22.504340,0.033333,170.982616,13.360302,0.306800,0.250000,0.002614,0.000015
2024-11-04,rmt_hard,inverse_variance,0.005904,0.004621,0.000035,0.000021,24.080590,0.044929,170.982616,13.360302,0.306800,0.250000,0.002614,0.000015
2024-11-04,rmt_hard,minimum_variance,0.004941,0.004257,0.000024,0.000018,9.291311,0.107630,170.982616,13.360302,0.306800,0.250000,0.002614,0.000015
2024-11-04,rmt_hard,risk_parity,0.005922,0.004828,0.000035,0.000023,30.000000,0.039522,170.982616,13.360302,0.306800,0.250000,0.002614,0.000015
2024-11-04,rmt_hard,hrp,0.005728,0.004392,0.000033,0.000019,18.817086,0.053985,170.982616,13.360302,0.306800,0.250000,0.002614,0.000015
2024-11-04,rmt_hard,max_diversification,0.005309,0.004498,0.000028,0.000020,12.345557,0.089371,170.982616,13.360302,0.306800,0.250000,0.002614,0.000015
2024-11-04,rmt_soft,equal_weight,0.007142,0.006060,0.000051,0.000037,22.472589,0.033333,170.982616,13.360302,0.306800,0.250000,0.002614,0.000015
2024-11-04,rmt_soft,inverse_variance,0.005912,0.004639,0.000035,0.000022,24.115273,0.045097,170.982616,13.360302,0.306800,0.250000,0.002614,0.000015
2024-11-04,rmt_soft,minimum_variance,0.005062,0.004039,0.000026,0.000016,10.152147,0.098519,170.982616,13.360302,0.306800,0.250000,0.002614,0.000015
2024-11-04,rmt_soft,risk_parity,0.005949,0.004822,0.000035,0.000023,30.000000,0.039348,170.982616,13.360302,0.306800,0.250000,0.002614,0.000015
2024-11-04,rmt_soft,hrp,0.005975,0.004618,0.000036,0.000021,22.683501,0.045671,170.982616,13.360302,0.306800,0.250000,0.002614,0.000015
2024-11-04,rmt_soft,max_diversification,0.005443,0.004454,0.000030,0.000020,13.251028,0.084240,170.982616,13.360302,0.306800,0.250000,0.002614,0.000015
2024-11-04,rmt_rie,equal_weight,0.006359,0.006060,0.000040,0.000037,22.499377,0.033333,170.982616,13.360302,0.306800,0.250000,0.002614,0.000015
2024-11-04,rmt_rie,inverse_variance,0.005357,0.004721,0.000029,0.000022,24.046682,0.044251,170.982616,13.360302,0.306800,0.250000,0.002614,0.000015
2024-11-04,rmt_rie,minimum_variance,0.004625,0.003978,0.000021,0.000016,10.623797,0.094144,170.982616,13.360302,0.306800,0.250000,0.002614,0.000015
2024-11-04,rmt_rie,risk_parity,0.005365,0.004871,0.000029,0.000024,30.000000,0.038709,170.982616,13.360302,0.306800,0.250000,0.002614,0.000015
2024-11-04,rmt_rie,hrp,0.005368,0.004662,0.000029,0.000022,23.872247,0.043863,170.982616,13.360302,0.306800,0.250000,0.002614,0.000015
2024-11-04,rmt_rie,max_diversification,0.004958,0.004475,0.000025,0.000020,14.297062,0.077479,170.982616,13.360302,0.306800,0.250000,0.002614,0.000015
2024-11-04,factor_model,equal_weight,0.007362,0.006060,0.000054,0.000037,22.026265,0.033333,170.982616,13.360302,0.306800,0.250000,0.002614,0.000015
2024-11-04,factor_model,inverse_variance,0.005919,0.004692,0.000035,0.000022,24.921076,0.045338,170.982616,13.360302,0.306800,0.250000,0.002614,0.000015
2024-11-04,factor_model,minimum_variance,0.004315,0.004440,0.000019,0.000020,7.850571,0.127381,170.982616,13.360302,0.306800,0.250000,0.002614,0.000015
2024-11-04,factor_model,risk_parity,0.005717,0.004500,0.000033,0.000020,30.000000,0.043111,170.982616,13.360302,0.306800,0.250000,0.002614,0.000015
2024-11-04,factor_model,hrp,0.005399,0.004237,0.000029,0.000018,18.446607,0.063145,170.982616,13.360302,0.306800,0.250000,0.002614,0.000015
2024-11-04,factor_model,max_diversification,0.004534,0.004716,0.000021,0.000022,6.911491,0.114749,170.982616,13.360302,0.306800,0.250000,0.002614,0.000015
2024-12-04,sample,equal_weight,0.007152,0.007794,0.000051,0.000061,21.415265,0.033333,145.618052,13.248521,0.306930,0.250000,0.002651,0.000018
2024-12-04,sample,inverse_variance,0.005650,0.006594,0.000032,0.000043,24.269500,0.045856,145.618052,13.248521,0.306930,0.250000,0.002651,0.000018
2024-12-04,sample,minimum_variance,0.004823,0.005813,0.000023,0.000034,9.694141,0.103159,145.618052,13.248521,0.306930,0.250000,0.002651,0.000018
2024-12-04,sample,risk_parity,0.005702,0.006614,0.000033,0.000044,30.000000,0.040626,145.618052,13.248521,0.306930,0.250000,0.002651,0.000018
2024-12-04,sample,hrp,0.005547,0.006412,0.000031,0.000041,20.699100,0.051791,145.618052,13.248521,0.306930,0.250000,0.002651,0.000018
2024-12-04,sample,max_diversification,0.005231,0.006053,0.000027,0.000037,13.325142,0.089935,145.618052,13.248521,0.306930,0.250000,0.002651,0.000018
2024-12-04,ledoit_wolf,equal_weight,0.006674,0.007794,0.000045,0.000061,21.809107,0.033333,145.618052,13.248521,0.306930,0.250000,0.002651,0.000018
2024-12-04,ledoit_wolf,inverse_variance,0.005511,0.006807,0.000030,0.000046,26.595560,0.040640,145.618052,13.248521,0.306930,0.250000,0.002651,0.000018
2024-12-04,ledoit_wolf,minimum_variance,0.004839,0.005775,0.000023,0.000033,12.843195,0.077876,145.618052,13.248521,0.306930,0.250000,0.002651,0.000018
2024-12-04,ledoit_wolf,risk_parity,0.005464,0.006700,0.000030,0.000045,30.000000,0.039287,145.618052,13.248521,0.306930,0.250000,0.002651,0.000018
2024-12-04,ledoit_wolf,hrp,0.005419,0.006634,0.000029,0.000044,23.430585,0.044666,145.618052,13.248521,0.306930,0.250000,0.002651,0.000018
2024-12-04,ledoit_wolf,max_diversification,0.005096,0.006078,0.000026,0.000037,16.438477,0.067785,145.618052,13.248521,0.306930,0.250000,0.002651,0.000018
2024-12-04,constant_corr,equal_weight,0.007095,0.007794,0.000050,0.000061,21.956311,0.033333,145.618052,13.248521,0.306930,0.250000,0.002651,0.000018
2024-12-04,constant_corr,inverse_variance,0.005630,0.006594,0.000032,0.000043,24.694047,0.045856,145.618052,13.248521,0.306930,0.250000,0.002651,0.000018
2024-12-04,constant_corr,minimum_variance,0.004934,0.005827,0.000024,0.000034,10.166340,0.098366,145.618052,13.248521,0.306930,0.250000,0.002651,0.000018
2024-12-04,constant_corr,risk_parity,0.005767,0.006665,0.000033,0.000044,30.000000,0.039834,145.618052,13.248521,0.306930,0.250000,0.002651,0.000018
2024-12-04,constant_corr,hrp,0.005530,0.006422,0.000031,0.000041,21.355201,0.051311,145.618052,13.248521,0.306930,0.250000,0.002651,0.000018
2024-12-04,constant_corr,max_diversification,0.005394,0.006070,0.000029,0.000037,15.086465,0.078161,145.618052,13.248521,0.306930,0.250000,0.002651,0.000018
2024-12-04,rmt_hard,equal_weight,0.007145,0.007794,0.000051,0.000061,21.386246,0.033333,145.618052,13.248521,0.306930,0.250000,0.002651,0.000018
2024-12-04,rmt_hard,inverse_variance,0.005628,0.006547,0.000032,0.000043,24.021364,0.045702,145.618052,13.248521,0.306930,0.250000,0.002651,0.000018
2024-12-04,rmt_hard,minimum_variance,0.004757,0.005767,0.000023,0.000033,9.278980,0.107773,145.618052,13.248521,0.306930,0.250000,0.002651,0.000018
2024-12-04,rmt_hard,risk_parity,0.005677,0.006601,0.000032,0.000044,30.000000,0.040864,145.618052,13.248521,0.306930,0.250000,0.002651,0.000018
2024-12-04,rmt_hard,hrp,0.005619,0.006379,0.000032,0.000041,21.264491,0.048628,145.618052,13.248521,0.306930,0.250000,0.002651,0.000018
2024-12-04,rmt_hard,max_diversification,0.005205,0.006209,0.000027,0.000039,13.281028,0.093776,145.618052,13.248521,0.306930,0.250000,0.002651,0.000018
2024-12-04,rmt_soft,equal_weight,0.007155,0.007794,0.000051,0.000061,21.374612,0.033333,145.618052,13.248521,0.306930,0.250000,0.002651,0.000018
2024-12-04,rmt_soft,inverse_variance,0.005632,0.006557,0.000032,0.000043,24.133855,0.045936,145.618052,13.248521,0.306930,0.250000,0.002651,0.000018
2024-12-04,rmt_soft,minimum_variance,0.004845,0.005743,0.000023,0.000033,10.039143,0.099612,145.618052,13.248521,0.306930,0.250000,0.002651,0.000018
2024-12-04,rmt_soft,risk_parity,0.005704,0.006614,0.000033,0.000044,30.000000,0.040582,145.618052,13.248521,0.306930,0.250000,0.002651,0.000018
2024-12-04,rmt_soft,hrp,0.005595,0.006449,0.000031,0.000042,22.423640,0.047981,145.618052,13.248521,0.306930,0.250000,0.002651,0.000018
2024-12-04,rmt_soft,max_diversification,0.005266,0.006129,0.000028,0.000038,14.187723,0.083602,145.618052,13.248521,0.306930,0.250000,0.002651,0.000018
2024-12-04,rmt_rie,equal_weight,0.006395,0.007794,0.000041,0.000061,21.584773,0.033333,145.618052,13.248521,0.306930,0.250000,0.002651,0.000018
2024-12-04,rmt_rie,inverse_variance,0.005113,0.006609,0.000026,0.000044,24.138713,0.045379,145.618052,13.248521,0.306930,0.250000,0.002651,0.000018
2024-12-04,rmt_rie,minimum_variance,0.004458,0.005784,0.000020,0.000033,10.839974,0.092277,145.618052,13.248521,0.306930,0.250000,0.002651,0.000018
2024-12-04,rmt_rie,risk_parity,0.005180,0.006663,0.000027,0.000044,30.000000,0.039818,145.618052,13.248521,0.306930,0.250000,0.002651,0.000018
2024-12-04,rmt_rie,hrp,0.005150,0.006637,0.000027,0.000044,21.477945,0.047959,145.618052,13.248521,0.306930,0.250000,0.002651,0.000018
2024-12-04,rmt_rie,max_diversification,0.004822,0.006126,0.000023,0.000038,15.716392,0.073942,145.618052,13.248521,0.306930,0.250000,0.002651,0.000018
2024-12-04,factor_model,equal_weight,0.007290,0.007794,0.000053,0.000061,20.231463,0.033333,145.618052,13.248521,0.306930,0.250000,0.002651,0.000018
2024-12-04,factor_model,inverse_variance,0.005440,0.006594,0.000030,0.000043,25.004019,0.045856,145.618052,13.248521,0.306930,0.250000,0.002651,0.000018
2024-12-04,factor_model,minimum_variance,0.004155,0.005699,0.000017,0.000032,9.709786,0.103021,145.618052,13.248521,0.306930,0.250000,0.002651,0.000018
2024-12-04,factor_model,risk_parity,0.005273,0.006411,0.000028,0.000041,30.000000,0.044800,145.618052,13.248521,0.306930,0.250000,0.002651,0.000018
2024-12-04,factor_model,hrp,0.005089,0.006223,0.000026,0.000039,20.589926,0.054969,145.618052,13.248521,0.306930,0.250000,0.002651,0.000018
2024-12-04,factor_model,max_diversification,0.004456,0.005859,0.000020,0.000034,11.430062,0.092134,145.618052,13.248521,0.306930,0.250000,0.002651,0.000018
2025-01-06,sample,equal_weight,0.007725,0.007071,0.000060,0.000050,21.859633,0.033333,169.288321,12.659333,0.329571,0.250000,0.002882,0.000017
2025-01-06,sample,inverse_variance,0.006103,0.006067,0.000037,0.000037,24.942700,0.045077,169.288321,12.659333,0.329571,0.250000,0.002882,0.000017
2025-01-06,sample,minimum_variance,0.005155,0.006197,0.000027,0.000038,10.286699,0.097216,169.288321,12.659333,0.329571,0.250000,0.002882,0.000017
2025-01-06,sample,risk_parity,0.006134,0.006053,0.000038,0.000037,30.000000,0.040876,169.288321,12.659333,0.329571,0.250000,0.002882,0.000017
2025-01-06,sample,hrp,0.006014,0.005996,0.000036,0.000036,22.529014,0.047972,169.288321,12.659333,0.329571,0.250000,0.002882,0.000017
2025-01-06,sample,max_diversification,0.005521,0.006161,0.000030,0.000038,11.828118,0.098557,169.288321,12.659333,0.329571,0.250000,0.002882,0.000017
2025-01-06,ledoit_wolf,equal_weight,0.007243,0.007071,0.000052,0.000050,22.155051,0.033333,169.288321,12.659333,0.329571,0.250000,0.002882,0.000017
2025-01-06,ledoit_wolf,inverse_variance,0.005954,0.006060,0.000035,0.000037,26.654833,0.040801,169.288321,12.659333,0.329571,0.250000,0.002882,0.000017
2025-01-06,ledoit_wolf,minimum_variance,0.005123,0.005924,0.000026,0.000035,12.433418,0.080430,169.288321,12.659333,0.329571,0.250000,0.002882,0.000017
2025-01-06,ledoit_wolf,risk_parity,0.005880,0.006066,0.000035,0.000037,30.000000,0.039739,169.288321,12.659333,0.329571,0.250000,0.002882,0.000017
2025-01-06,ledoit_wolf,hrp,0.005588,0.005928,0.000031,0.000035,22.973132,0.047994,169.288321,12.659333,0.329571,0.250000,0.002882,0.000017
2025-01-06,ledoit_wolf,max_diversification,0.005380,0.005827,0.000029,0.000034,15.230687,0.073472,169.288321,12.659333,0.329571,0.250000,0.002882,0.000017
2025-01-06,constant_corr,equal_weight,0.007672,0.007071,0.000059,0.000050,22.218854,0.033333,169.288321,12.659333,0.329571,0.250000,0.002882,0.000017
2025-01-06,constant_corr,inverse_variance,0.006082,0.006067,0.000037,0.000037,25.203469,0.045077,169.288321,12.659333,0.329571,0.250000,0.002882,0.000017
2025-01-06,constant_corr,minimum_variance,0.005231,0.006135,0.000027,0.000038,10.511952,0.095132,169.288321,12.659333,0.329571,0.250000,0.002882,0.000017
2025-01-06,constant_corr,risk_parity,0.006178,0.006057,0.000038,0.000037,30.000000,0.040308,169.288321,12.659333,0.329571,0.250000,0.002882,0.000017
2025-01-06,constant_corr,hrp,0.006002,0.005998,0.000036,0.000036,22.931569,0.047782,169.288321,12.659333,0.329571,0.250000,0.002882,0.000017
2025-01-06,constant_corr,max_diversification,0.005638,0.006028,0.000032,0.000036,13.087027,0.088478,169.288321,12.659333,0.329571,0.250000,0.002882,0.000017
2025-01-06,rmt_hard,equal_weight,0.007722,0.007071,0.000060,0.000050,21.849967,0.033333,169.288321,12.659333,0.329571,0.250000,0.002882,0.000017
2025-01-06,rmt_hard,inverse_variance,0.006061,0.006032,0.000037,0.000036,24.733662,0.045135,169.288321,12.659333,0.329571,0.250000,0.002882,0.000017
2025-01-06,rmt_hard,minimum_variance,0.005075,0.006348,0.000026,0.000040,9.309230,0.107422,169.288321,12.659333,0.329571,0.250000,0.002882,0.000017
2025-01-06,rmt_hard,risk_parity,0.006115,0.006052,0.000037,0.000037,30.000000,0.041098,169.288321,12.659333,0.329571,0.250000,0.002882,0.000017
2025-01-06,rmt_hard,hrp,0.005919,0.005984,0.000035,0.000036,21.682906,0.050758,169.288321,12.659333,0.329571,0.250000,0.002882,0.000017
2025-01-06,rmt_hard,max_diversification,0.005452,0.006155,0.000030,0.000038,13.299988,0.091571,169.288321,12.659333,0.329571,0.250000,0.002882,0.000017
2025-01-06,rmt_soft,equal_weight,0.007727,0.007071,0.000060,0.000050,21.833726,0.033333,169.288321,12.659333,0.329571,0.250000,0.002882,0.000017
2025-01-06,rmt_soft,inverse_variance,0.006076,0.006041,0.000037,0.000036,24.817938,0.045246,169.288321,12.659333,0.329571,0.250000,0.002882,0.000017
2025-01-06,rmt_soft,minimum_variance,0.005176,0.006159,0.000027,0.000038,10.475346,0.095466,169.288321,12.659333,0.329571,0.250000,0.002882,0.000017
2025-01-06,rmt_soft,risk_parity,0.006137,0.006055,0.000038,0.000037,30.000000,0.040825,169.288321,12.659333,0.329571,0.250000,0.002882,0.000017
2025-01-06,rmt_soft,hrp,0.006001,0.006083,0.000036,0.000037,22.249444,0.047957,169.288321,12.659333,0.329571,0.250000,0.002882,0.000017
2025-01-06,rmt_soft,max_diversification,0.005568,0.006122,0.000031,0.000037,13.600389,0.085728,169.288321,12.659333,0.329571,0.250000,0.002882,0.000017
2025-01-06,rmt_rie,equal_weight,0.006929,0.007071,0.000048,0.000050,21.900269,0.033333,169.288321,12.659333,0.329571,0.250000,0.002882,0.000017
2025-01-06,rmt_rie,inverse_variance,0.005494,0.006067,0.000030,0.000037,24.925638,0.044835,169.288321,12.659333,0.329571,0.250000,0.002882,0.000017
2025-01-06,rmt_rie,minimum_variance,0.004737,0.006063,0.000022,0.000037,11.196509,0.089316,169.288321,12.659333,0.329571,0.250000,0.002882,0.000017
2025-01-06,rmt_rie,risk_parity,0.005551,0.006052,0.000031,0.000037,30.000000,0.040365,169.288321,12.659333,0.329571,0.250000,0.002882,0.000017
2025-01-06,rmt_rie,hrp,0.005424,0.005927,0.000029,0.000035,24.009981,0.046075,169.288321,12.659333,0.329571,0.250000,0.002882,0.000017
2025-01-06,rmt_rie,max_diversification,0.005086,0.005979,0.000026,0.000036,15.047507,0.076560,169.288321,12.659333,0.329571,0.250000,0.002882,0.000017
2025-01-06,factor_model,equal_weight,0.007759,0.007071,0.000060,0.000050,20.141155,0.033333,169.288321,12.659333,0.329571,0.250000,0.002882,0.000017
2025-01-06,factor_model,inverse_variance,0.005613,0.006067,0.000032,0.000037,24.343123,0.045077,169.288321,12.659333,0.329571,0.250000,0.002882,0.000017
2025-01-06,factor_model,minimum_variance,0.003786,0.006620,0.000014,0.000044,10.067923,0.099334,169.288321,12.659333,0.329571,0.250000,0.002882,0.000017
2025-01-06,factor_model,risk_parity,0.005024,0.006098,0.000025,0.000037,30.000000,0.050819,169.288321,12.659333,0.329571,0.250000,0.002882,0.000017
2025-01-06,factor_model,hrp,0.004854,0.006711,0.000024,0.000045,20.792772,0.058667,169.288321,12.659333,0.329571,0.250000,0.002882,0.000017
2025-01-06,factor_model,max_diversification,0.003990,0.006254,0.000016,0.000039,13.287286,0.091749,169.288321,12.659333,0.329571,0.250000,0.002882,0.000017
2025-02-06,sample,equal_weight,0.007010,0.008780,0.000049,0.000077,22.298961,0.033333,142.492462,13.642991,0.288730,0.250000,0.002458,0.000017
2025-02-06,sample,inverse_variance,0.005781,0.007292,0.000033,0.000053,23.991176,0.044593,142.492462,13.642991,0.288730,0.250000,0.002458,0.000017
2025-02-06,sample,minimum_variance,0.004740,0.006934,0.000022,0.000048,10.000201,0.100010,142.492462,13.642991,0.288730,0.250000,0.002458,0.000017
2025-02-06,sample,risk_parity,0.005765,0.007442,0.000033,0.000055,30.000000,0.039049,142.492462,13.642991,0.288730,0.250000,0.002458,0.000017
2025-02-06,sample,hrp,0.005783,0.007384,0.000033,0.000055,23.412617,0.044898,142.492462,13.642991,0.288730,0.250000,0.002458,0.000017
2025-02-06,sample,max_diversification,0.004991,0.007166,0.000025,0.000051,11.146133,0.088750,142.492462,13.642991,0.288730,0.250000,0.002458,0.000017
2025-02-06,ledoit_wolf,equal_weight,0.006418,0.008780,0.000041,0.000077,22.798885,0.033333,142.492462,13.642991,0.288730,0.250000,0.002458,0.000017
2025-02-06,ledoit_wolf,inverse_variance,0.005519,0.007468,0.000030,0.000056,26.470318,0.039604,142.492462,13.642991,0.288730,0.250000,0.002458,0.000017
2025-02-06,ledoit_wolf,minimum_variance,0.004729,0.006857,0.000022,0.000047,14.290194,0.069985,142.492462,13.642991,0.288730,0.250000,0.002458,0.000017
2025-02-06,ledoit_wolf,risk_parity,0.005430,0.007521,0.000029,0.000057,30.000000,0.037856,142.492462,13.642991,0.288730,0.250000,0.002458,0.000017
2025-02-06,ledoit_wolf,hrp,0.005404,0.007289,0.000029,0.000053,23.662609,0.043543,142.492462,13.642991,0.288730,0.250000,0.002458,0.000017
2025-02-06,ledoit_wolf,max_diversification,0.004925,0.007214,0.000024,0.000052,14.461158,0.068832,142.492462,13.642991,0.288730,0.250000,0.002458,0.000017
2025-02-06,constant_corr,equal_weight,0.006969,0.008780,0.000049,0.000077,22.795554,0.033333,142.492462,13.642991,0.288730,0.250000,0.002458,0.000017
2025-02-06,constant_corr,inverse_variance,0.005747,0.007292,0.000033,0.000053,24.413188,0.044593,142.492462,13.642991,0.288730,0.250000,0.002458,0.000017
2025-02-06,constant_corr,minimum_variance,0.004905,0.006868,0.000024,0.000047,10.848709,0.092187,142.492462,13.642991,0.288730,0.250000,0.002458,0.000017
2025-02-06,constant_corr,risk_parity,0.005833,0.007471,0.000034,0.000056,30.000000,0.038457,142.492462,13.642991,0.288730,0.250000,0.002458,0.000017
2025-02-06,constant_corr,hrp,0.005754,0.007372,0.000033,0.000054,23.953178,0.044726,142.492462,13.642991,0.288730,0.250000,0.002458,0.000017
2025-02-06,constant_corr,max_diversification,0.005248,0.007164,0.000028,0.000051,12.772517,0.078013,142.492462,13.642991,0.288730,0.250000,0.002458,0.000017
2025-02-06,rmt_hard,equal_weight,0.007012,0.008780,0.000049,0.000077,22.285255,0.033333,142.492462,13.642991,0.288730,0.250000,0.002458,0.000017
2025-02-06,rmt_hard,inverse_variance,0.005747,0.007314,0.000033,0.000053,23.631888,0.045012,142.492462,13.642991,0.288730,0.250000,0.002458,0.000017
2025-02-06,rmt_hard,minimum_variance,0.004773,0.006998,0.000023,0.000049,11.068442,0.090355,142.492462,13.642991,0.288730,0.250000,0.002458,0.000017
2025-02-06,rmt_hard,risk_parity,0.005768,0.007445,0.000033,0.000055,30.000000,0.039017,142.492462,13.642991,0.288730,0.250000,0.002458,0.000017
2025-02-06,rmt_hard,hrp,0.005704,0.007336,0.000033,0.000054,22.566101,0.046800,142.492462,13.642991,0.288730,0.250000,0.002458,0.000017
2025-02-06,rmt_hard,max_diversification,0.005060,0.007165,0.000026,0.000051,13.854365,0.073908,142.492462,13.642991,0.288730,0.250000,0.002458,0.000017
2025-02-06,rmt_soft,equal_weight,0.007015,0.008780,0.000049,0.000077,22.292290,0.033333,142.492462,13.642991,0.288730,0.250000,0.002458,0.000017
2025-02-06,rmt_soft,inverse_variance,0.005764,0.007297,0.000033,0.000053,23.679211,0.044974,142.492462,13.642991,0.288730,0.250000,0.002458,0.000017
2025-02-06,rmt_soft,minimum_variance,0.004821,0.006901,0.000023,0.000048,11.543920,0.086628,142.492462,13.642991,0.288730,0.250000,0.002458,0.000017
2025-02-06,rmt_soft,risk_parity,0.005778,0.007441,0.000033,0.000055,30.000000,0.038950,142.492462,13.642991,0.288730,0.250000,0.002458,0.000017
2025-02-06,rmt_soft,hrp,0.005731,0.007297,0.000033,0.000053,23.185162,0.045621,142.492462,13.642991,0.288730,0.250000,0.002458,0.000017
2025-02-06,rmt_soft,max_diversification,0.005118,0.007131,0.000026,0.000051,13.514451,0.074100,142.492462,13.642991,0.288730,0.250000,0.002458,0.000017
2025-02-06,rmt_rie,equal_weight,0.006218,0.008780,0.000039,0.000077,22.255849,0.033333,142.492462,13.642991,0.288730,0.250000,0.002458,0.000017
2025-02-06,rmt_rie,inverse_variance,0.005193,0.007321,0.000027,0.000054,23.869344,0.043930,142.492462,13.642991,0.288730,0.250000,0.002458,0.000017
2025-02-06,rmt_rie,minimum_variance,0.004406,0.006859,0.000019,0.000047,12.505612,0.079971,142.492462,13.642991,0.288730,0.250000,0.002458,0.000017
2025-02-06,rmt_rie,risk_parity,0.005181,0.007491,0.000027,0.000056,30.000000,0.038424,142.492462,13.642991,0.288730,0.250000,0.002458,0.000017
2025-02-06,rmt_rie,hrp,0.005002,0.007155,0.000025,0.000051,22.794071,0.048064,142.492462,13.642991,0.288730,0.250000,0.002458,0.000017
2025-02-06,rmt_rie,max_diversification,0.004668,0.007195,0.000022,0.000052,13.435491,0.074205,142.492462,13.642991,0.288730,0.250000,0.002458,0.000017
2025-02-06,factor_model,equal_weight,0.007157,0.008780,0.000051,0.000077,21.140122,0.033333,142.492462,13.642991,0.288730,0.250000,0.002458,0.000017
2025-02-06,factor_model,inverse_variance,0.005553,0.007292,0.000031,0.000053,24.341234,0.044593,142.492462,13.642991,0.288730,0.250000,0.002458,0.000017
2025-02-06,factor_model,minimum_variance,0.004031,0.007593,0.000016,0.000058,10.098947,0.099051,142.492462,13.642991,0.288730,0.250000,0.002458,0.000017
2025-02-06,factor_model,risk_parity,0.005226,0.007418,0.000027,0.000055,30.000000,0.044785,142.492462,13.642991,0.288730,0.250000,0.002458,0.000017
2025-02-06,factor_model,hrp,0.005232,0.007221,0.000027,0.000052,22.106684,0.049491,142.492462,13.642991,0.288730,0.250000,0.002458,0.000017
2025-02-06,factor_model,max_diversification,0.004248,0.007631,0.000018,0.000058,13.116086,0.088929,142.492462,13.642991,0.288730,0.250000,0.002458,0.000017
2025-03-10,sample,equal_weight,0.007109,0.018442,0.000051,0.000340,22.832131,0.033333,125.933128,14.158330,0.278046,0.250000,0.002491,0.000020
2025-03-10,sample,inverse_variance,0.006048,0.015441,0.000037,0.000238,24.568466,0.042788,125.933128,14.158330,0.278046,0.250000,0.002491,0.000020
2025-03-10,sample,minimum_variance,0.005050,0.012103,0.000026,0.000146,9.867032,0.101358,125.933128,14.158330,0.278046,0.250000,0.002491,0.000020
2025-03-10,sample,risk_parity,0.005999,0.015740,0.000036,0.000248,30.000000,0.037958,125.933128,14.158330,0.278046,0.250000,0.002491,0.000020
2025-03-10,sample,hrp,0.006049,0.015440,0.000037,0.000238,21.375876,0.047501,125.933128,14.158330,0.278046,0.250000,0.002491,0.000020
2025-03-10,sample,max_diversification,0.005320,0.012646,0.000028,0.000160,10.450071,0.090506,125.933128,14.158330,0.278046,0.250000,0.002491,0.000020
2025-03-10,ledoit_wolf,equal_weight,0.006523,0.018442,0.000043,0.000340,23.308194,0.033333,125.933128,14.158330,0.278046,0.250000,0.002491,0.000020
2025-03-10,ledoit_wolf,inverse_variance,0.005739,0.016044,0.000033,0.000257,26.583529,0.038799,125.933128,14.158330,0.278046,0.250000,0.002491,0.000020
2025-03-10,ledoit_wolf,minimum_variance,0.004995,0.012922,0.000025,0.000167,14.737034,0.067862,125.933128,14.158330,0.278046,0.250000,0.002491,0.000020
2025-03-10,ledoit_wolf,risk_parity,0.005629,0.015936,0.000032,0.000254,30.000000,0.037157,125.933128,14.158330,0.278046,0.250000,0.002491,0.000020
2025-03-10,ledoit_wolf,hrp,0.005539,0.015701,0.000031,0.000247,23.177105,0.044428,125.933128,14.158330,0.278046,0.250000,0.002491,0.000020
2025-03-10,ledoit_wolf,max_diversification,0.005207,0.013613,0.000027,0.000185,15.130602,0.065337,125.933128,14.158330,0.278046,0.250000,0.002491,0.000020
2025-03-10,constant_corr,equal_weight,0.007069,0.018442,0.000050,0.000340,23.343734,0.033333,125.933128,14.158330,0.278046,0.250000,0.002491,0.000020
2025-03-10,constant_corr,inverse_variance,0.006015,0.015441,0.000036,0.000238,24.962463,0.042788,125.933128,14.158330,0.278046,0.250000,0.002491,0.000020
2025-03-10,constant_corr,minimum_variance,0.005200,0.012358,0.000027,0.000153,11.390383,0.087801,125.933128,14.158330,0.278046,0.250000,0.002491,0.000020
2025-03-10,constant_corr,risk_parity,0.006053,0.015842,0.000037,0.000251,30.000000,0.037565,125.933128,14.158330,0.278046,0.250000,0.002491,0.000020
2025-03-10,constant_corr,hrp,0.006014,0.015443,0.000036,0.000238,22.051626,0.046957,125.933128,14.158330,0.278046,0.250000,0.002491,0.000020
2025-03-10,constant_corr,max_diversification,0.005573,0.013232,0.000031,0.000175,13.105379,0.075745,125.933128,14.158330,0.278046,0.250000,0.002491,0.000020
2025-03-10,rmt_hard,equal_weight,0.007107,0.018442,0.000051,0.000340,22.829290,0.033333,125.933128,14.158330,0.278046,0.250000,0.002491,0.000020
2025-03-10,rmt_hard,inverse_variance,0.005994,0.015419,0.000036,0.000238,24.337651,0.043353,125.933128,14.158330,0.278046,0.250000,0.002491,0.000020
2025-03-10,rmt_hard,minimum_variance,0.005055,0.012371,0.000026,0.000153,11.151940,0.089676,125.933128,14.158330,0.278046,0.250000,0.002491,0.000020
2025-03-10,rmt_hard,risk_parity,0.005995,0.015738,0.000036,0.000248,30.000000,0.037954,125.933128,14.158330,0.278046,0.250000,0.002491,0.000020
2025-03-10,rmt_hard,hrp,0.006033,0.016104,0.000036,0.000259,21.948467,0.046745,125.933128,14.158330,0.278046,0.250000,0.002491,0.000020
2025-03-10,rmt_hard,max_diversification,0.005390,0.012812,0.000029,0.000164,13.917644,0.069724,125.933128,14.158330,0.278046,0.250000,0.002491,0.000020
2025-03-10,rmt_soft,equal_weight,0.007111,0.018442,0.000051,0.000340,22.825237,0.033333,125.933128,14.158330,0.278046,0.250000,0.002491,0.000020
2025-03-10,rmt_soft,inverse_variance,0.006021,0.015397,0.000036,0.000237,24.229989,0.043301,125.933128,14.158330,0.278046,0.250000,0.002491,0.000020
2025-03-10,rmt_soft,minimum_variance,0.005121,0.012254,0.000026,0.000150,11.498432,0.086979,125.933128,14.158330,0.278046,0.250000,0.002491,0.000020
2025-03-10,rmt_soft,risk_parity,0.006004,0.015743,0.000036,0.000248,30.000000,0.037922,125.933128,14.158330,0.278046,0.250000,0.002491,0.000020
2025-03-10,rmt_soft,hrp,0.005978,0.015347,0.000036,0.000236,21.463387,0.047390,125.933128,14.158330,0.278046,0.250000,0.002491,0.000020
2025-03-10,rmt_soft,max_diversification,0.005446,0.013071,0.000030,0.000171,13.855025,0.071406,125.933128,14.158330,0.278046,0.250000,0.002491,0.000020
2025-03-10,rmt_rie,equal_weight,0.006310,0.018442,0.000040,0.000340,23.141570,0.033333,125.933128,14.158330,0.278046,0.250000,0.002491,0.000020
2025-03-10,rmt_rie,inverse_variance,0.005473,0.015625,0.000030,0.000244,24.381278,0.042150,125.933128,14.158330,0.278046,0.250000,0.002491,0.000020
2025-03-10,rmt_rie,minimum_variance,0.004715,0.012722,0.000022,0.000162,13.164472,0.075970,125.933128,14.158330,0.278046,0.250000,0.002491,0.000020
2025-03-10,rmt_rie,risk_parity,0.005420,0.015934,0.000029,0.000254,30.000000,0.037324,125.933128,14.158330,0.278046,0.250000,0.002491,0.000020
2025-03-10,rmt_rie,hrp,0.005390,0.015815,0.000029,0.000250,21.989204,0.046361,125.933128,14.158330,0.278046,0.250000,0.002491,0.000020
2025-03-10,rmt_rie,max_diversification,0.005018,0.013559,0.000025,0.000184,14.599639,0.068739,125.933128,14.158330,0.278046,0.250000,0.002491,0.000020
2025-03-10,factor_model,equal_weight,0.007277,0.018442,0.000053,0.000340,21.748961,0.033333,125.933128,14.158330,0.278046,0.250000,0.002491,0.000020
2025-03-10,factor_model,inverse_variance,0.005912,0.015441,0.000035,0.000238,24.693120,0.042788,125.933128,14.158330,0.278046,0.250000,0.002491,0.000020
2025-03-10,factor_model,minimum_variance,0.004401,0.012736,0.000019,0.000162,11.796678,0.084777,125.933128,14.158330,0.278046,0.250000,0.002491,0.000020
2025-03-10,factor_model,risk_parity,0.005587,0.015122,0.000031,0.000229,30.000000,0.041518,125.933128,14.158330,0.278046,0.250000,0.002491,0.000020
2025-03-10,factor_model,hrp,0.005612,0.014971,0.000031,0.000224,23.750923,0.045723,125.933128,14.158330,0.278046,0.250000,0.002491,0.000020
2025-03-10,factor_model,max_diversification,0.004611,0.012904,0.000021,0.000167,11.262219,0.082928,125.933128,14.158330,0.278046,0.250000,0.002491,0.000020
2025-04-08,sample,equal_weight,0.010296,0.023392,0.000106,0.000547,23.645601,0.033333,209.452703,11.208373,0.376960,0.250000,0.004425,0.000021
2025-04-08,sample,inverse_variance,0.008578,0.018447,0.000074,0.000340,26.339848,0.042207,209.452703,11.208373,0.376960,0.250000,0.004425,0.000021
2025-04-08,sample,minimum_variance,0.006706,0.013488,0.000045,0.000182,7.473269,0.133819,209.452703,11.208373,0.376960,0.250000,0.004425,0.000021
2025-04-08,sample,risk_parity,0.008477,0.018944,0.000072,0.000359,30.000000,0.039635,209.452703,11.208373,0.376960,0.250000,0.004425,0.000021
2025-04-08,sample,hrp,0.008361,0.017201,0.000070,0.000296,23.872180,0.046698,209.452703,11.208373,0.376960,0.250000,0.004425,0.000021
2025-04-08,sample,max_diversification,0.007247,0.016125,0.000053,0.000260,8.496682,0.115774,209.452703,11.208373,0.376960,0.250000,0.004425,0.000021
2025-04-08,ledoit_wolf,equal_weight,0.009416,0.023392,0.000089,0.000547,23.906115,0.033333,209.452703,11.208373,0.376960,0.250000,0.004425,0.000021
2025-04-08,ledoit_wolf,inverse_variance,0.008153,0.019361,0.000066,0.000375,27.516209,0.038647,209.452703,11.208373,0.376960,0.250000,0.004425,0.000021
2025-04-08,ledoit_wolf,minimum_variance,0.006644,0.014221,0.000044,0.000202,10.860143,0.092087,209.452703,11.208373,0.376960,0.250000,0.004425,0.000021
2025-04-08,ledoit_wolf,risk_parity,0.007902,0.019203,0.000062,0.000369,30.000000,0.038761,209.452703,11.208373,0.376960,0.250000,0.004425,0.000021
2025-04-08,ledoit_wolf,hrp,0.007821,0.017419,0.000061,0.000303,24.639791,0.044139,209.452703,11.208373,0.376960,0.250000,0.004425,0.000021
2025-04-08,ledoit_wolf,max_diversification,0.006974,0.016571,0.000049,0.000275,11.414897,0.086654,209.452703,11.208373,0.376960,0.250000,0.004425,0.000021
2025-04-08,constant_corr,equal_weight,0.010220,0.023392,0.000104,0.000547,24.211054,0.033333,209.452703,11.208373,0.376960,0.250000,0.004425,0.000021
2025-04-08,constant_corr,inverse_variance,0.008555,0.018447,0.000073,0.000340,26.669796,0.042207,209.452703,11.208373,0.376960,0.250000,0.004425,0.000021
2025-04-08,constant_corr,minimum_variance,0.006963,0.013338,0.000048,0.000178,7.746592,0.129089,209.452703,11.208373,0.376960,0.250000,0.004425,0.000021
2025-04-08,constant_corr,risk_parity,0.008603,0.019131,0.000074,0.000366,30.000000,0.038852,209.452703,11.208373,0.376960,0.250000,0.004425,0.000021
2025-04-08,constant_corr,hrp,0.008367,0.017306,0.000070,0.000300,24.440446,0.046154,209.452703,11.208373,0.376960,0.250000,0.004425,0.000021
2025-04-08,constant_corr,max_diversification,0.007649,0.016350,0.000059,0.000267,9.698371,0.104657,209.452703,11.208373,0.376960,0.250000,0.004425,0.000021
2025-04-08,rmt_hard,equal_weight,0.010291,0.023392,0.000106,0.000547,23.629699,0.033333,209.452703,11.208373,0.376960,0.250000,0.004425,0.000021
2025-04-08,rmt_hard,inverse_variance,0.008522,0.018362,0.000073,0.000337,25.992571,0.042923,209.452703,11.208373,0.376960,0.250000,0.004425,0.000021
2025-04-08,rmt_hard,minimum_variance,0.006666,0.013592,0.000044,0.000185,7.545707,0.132535,209.452703,11.208373,0.376960,0.250000,0.004425,0.000021
2025-04-08,rmt_hard,risk_parity,0.008458,0.018937,0.000072,0.000359,30.000000,0.039715,209.452703,11.208373,0.376960,0.250000,0.004425,0.000021
2025-04-08,rmt_hard,hrp,0.008495,0.018031,0.000072,0.000325,23.586149,0.044722,209.452703,11.208373,0.376960,0.250000,0.004425,0.000021
2025-04-08,rmt_hard,max_diversification,0.007163,0.016559,0.000051,0.000274,9.251097,0.110795,209.452703,11.208373,0.376960,0.250000,0.004425,0.000021
2025-04-08,rmt_soft,equal_weight,0.010295,0.023392,0.000106,0.000547,23.641279,0.033333,209.452703,11.208373,0.376960,0.250000,0.004425,0.000021
2025-04-08,rmt_soft,inverse_variance,0.008538,0.018378,0.000073,0.000338,26.136668,0.042666,209.452703,11.208373,0.376960,0.250000,0.004425,0.000021
2025-04-08,rmt_soft,minimum_variance,0.006733,0.013649,0.000045,0.000186,7.962719,0.125592,209.452703,11.208373,0.376960,0.250000,0.004425,0.000021
2025-04-08,rmt_soft,risk_parity,0.008475,0.018946,0.000072,0.000359,30.000000,0.039640,209.452703,11.208373,0.376960,0.250000,0.004425,0.000021
2025-04-08,rmt_soft,hrp,0.008347,0.017789,0.000070,0.000316,23.377518,0.046762,209.452703,11.208373,0.376960,0.250000,0.004425,0.000021
2025-04-08,rmt_soft,max_diversification,0.007258,0.016309,0.000053,0.000266,9.585560,0.105062,209.452703,11.208373,0.376960,0.250000,0.004425,0.000021
2025-04-08,rmt_rie,equal_weight,0.009293,0.023392,0.000086,0.000547,23.697115,0.033333,209.452703,11.208373,0.376960,0.250000,0.004425,0.000021
2025-04-08,rmt_rie,inverse_variance,0.007801,0.018516,0.000061,0.000343,26.271510,0.041818,209.452703,11.208373,0.376960,0.250000,0.004425,0.000021
2025-04-08,rmt_rie,minimum_variance,0.006235,0.013841,0.000039,0.000192,8.731127,0.114544,209.452703,11.208373,0.376960,0.250000,0.004425,0.000021
2025-04-08,rmt_rie,risk_parity,0.007701,0.019065,0.000059,0.000363,30.000000,0.039300,209.452703,11.208373,0.376960,0.250000,0.004425,0.000021
2025-04-08,rmt_rie,hrp,0.007557,0.017032,0.000057,0.000290,23.765281,0.046721,209.452703,11.208373,0.376960,0.250000,0.004425,0.000021
2025-04-08,rmt_rie,max_diversification,0.006692,0.016465,0.000045,0.000271,10.567577,0.096880,209.452703,11.208373,0.376960,0.250000,0.004425,0.000021
2025-04-08,factor_model,equal_weight,0.010486,0.023392,0.000110,0.000547,23.319894,0.033333,209.452703,11.208373,0.376960,0.250000,0.004425,0.000021
2025-04-08,factor_model,inverse_variance,0.008606,0.018447,0.000074,0.000340,26.343890,0.042207,209.452703,11.208373,0.376960,0.250000,0.004425,0.000021
2025-04-08,factor_model,minimum_variance,0.006142,0.013235,0.000038,0.000175,7.598473,0.131615,209.452703,11.208373,0.376960,0.250000,0.004425,0.000021
2025-04-08,factor_model,risk_parity,0.008342,0.018769,0.000070,0.000352,30.000000,0.040934,209.452703,11.208373,0.376960,0.250000,0.004425,0.000021
2025-04-08,factor_model,hrp,0.008316,0.017291,0.000069,0.000299,23.704159,0.046299,209.452703,11.208373,0.376960,0.250000,0.004425,0.000021
2025-04-08,factor_model,max_diversification,0.006585,0.015500,0.000043,0.000240,10.533930,0.097478,209.452703,11.208373,0.376960,0.250000,0.004425,0.000021
2025-05-08,sample,equal_weight,0.013930,0.008955,0.000194,0.000080,23.490874,0.033333,332.586041,7.844833,0.508942,0.250000,0.007788,0.000023
2025-05-08,sample,inverse_variance,0.010899,0.007278,0.000119,0.000053,26.851290,0.045493,332.586041,7.844833,0.508942,0.250000,0.007788,0.000023
2025-05-08,sample,minimum_variance,0.008054,0.008440,0.000065,0.000071,5.973991,0.168665,332.586041,7.844833,0.508942,0.250000,0.007788,0.000023
2025-05-08,sample,risk_parity,0.010843,0.007743,0.000118,0.000060,30.000000,0.042945,332.586041,7.844833,0.508942,0.250000,0.007788,0.000023
2025-05-08,sample,hrp,0.010225,0.007474,0.000105,0.000056,22.206555,0.055177,332.586041,7.844833,0.508942,0.250000,0.007788,0.000023
2025-05-08,sample,max_diversification,0.009050,0.009854,0.000082,0.000097,7.428094,0.139873,332.586041,7.844833,0.508942,0.250000,0.007788,0.000023
2025-05-08,ledoit_wolf,equal_weight,0.012663,0.008955,0.000160,0.000080,23.686524,0.033333,332.586041,7.844833,0.508942,0.250000,0.007788,0.000023
2025-05-08,ledoit_wolf,inverse_variance,0.010548,0.007616,0.000111,0.000058,27.683335,0.040021,332.586041,7.844833,0.508942,0.250000,0.007788,0.000023
2025-05-08,ledoit_wolf,minimum_variance,0.008062,0.008123,0.000065,0.000066,9.080831,0.110123,332.586041,7.844833,0.508942,0.250000,0.007788,0.000023
2025-05-08,ledoit_wolf,risk_parity,0.010096,0.007798,0.000102,0.000061,30.000000,0.041516,332.586041,7.844833,0.508942,0.250000,0.007788,0.000023
2025-05-08,ledoit_wolf,hrp,0.009552,0.007247,0.000091,0.000053,24.234385,0.049992,332.586041,7.844833,0.508942,0.250000,0.007788,0.000023
2025-05-08,ledoit_wolf,max_diversification,0.008582,0.009348,0.000074,0.000087,10.204857,0.099736,332.586041,7.844833,0.508942,0.250000,0.007788,0.000023
2025-05-08,constant_corr,equal_weight,0.013872,0.008955,0.000192,0.000080,23.490874,0.033333,332.586041,7.844833,0.508942,0.250000,0.007788,0.000023
2025-05-08,constant_corr,inverse_variance,0.010853,0.007278,0.000118,0.000053,26.851290,0.045493,332.586041,7.844833,0.508942,0.250000,0.007788,0.000023
2025-05-08,constant_corr,minimum_variance,0.008021,0.008440,0.000064,0.000071,5.974030,0.168664,332.586041,7.844833,0.508942,0.250000,0.007788,0.000023
2025-05-08,constant_corr,risk_parity,0.010798,0.007743,0.000117,0.000060,30.000000,0.042945,332.586041,7.844833,0.508942,0.250000,0.007788,0.000023
2025-05-08,constant_corr,hrp,0.010182,0.007474,0.000104,0.000056,22.206555,0.055177,332.586041,7.844833,0.508942,0.250000,0.007788,0.000023
2025-05-08,constant_corr,max_diversification,0.009012,0.009854,0.000081,0.000097,7.428094,0.139873,332.586041,7.844833,0.508942,0.250000,0.007788,0.000023
2025-05-08,rmt_hard,equal_weight,0.013928,0.008955,0.000194,0.000080,23.498447,0.033333,332.586041,7.844833,0.508942,0.250000,0.007788,0.000023
2025-05-08,rmt_hard,inverse_variance,0.010733,0.007198,0.000115,0.000052,26.625186,0.047254,332.586041,7.844833,0.508942,0.250000,0.007788,0.000023
2025-05-08,rmt_hard,minimum_variance,0.007969,0.008743,0.000064,0.000076,5.433190,0.185204,332.586041,7.844833,0.508942,0.250000,0.007788,0.000023
2025-05-08,rmt_hard,risk_parity,0.010833,0.007754,0.000117,0.000060,30.000000,0.043024,332.586041,7.844833,0.508942,0.250000,0.007788,0.000023
2025-05-08,rmt_hard,hrp,0.010171,0.007364,0.000103,0.000054,22.527650,0.055543,332.586041,7.844833,0.508942,0.250000,0.007788,0.000023
2025-05-08,rmt_hard,max_diversification,0.008930,0.010212,0.000080,0.000104,7.800779,0.137093,332.586041,7.844833,0.508942,0.250000,0.007788,0.000023
2025-05-08,rmt_soft,equal_weight,0.013930,0.008955,0.000194,0.000080,23.493425,0.033333,332.586041,7.844833,0.508942,0.250000,0.007788,0.000023
2025-05-08,rmt_soft,inverse_variance,0.010828,0.007255,0.000117,0.000053,26.802497,0.046085,332.586041,7.844833,0.508942,0.250000,0.007788,0.000023
2025-05-08,rmt_soft,minimum_variance,0.008051,0.008462,0.000065,0.000072,5.953192,0.169266,332.586041,7.844833,0.508942,0.250000,0.007788,0.000023
2025-05-08,rmt_soft,risk_parity,0.010843,0.007742,0.000118,0.000060,30.000000,0.042952,332.586041,7.844833,0.508942,0.250000,0.007788,0.000023
2025-05-08,rmt_soft,hrp,0.010111,0.007223,0.000102,0.000052,22.404138,0.054809,332.586041,7.844833,0.508942,0.250000,0.007788,0.000023
2025-05-08,rmt_soft,max_diversification,0.009056,0.009868,0.000082,0.000097,7.838318,0.135869,332.586041,7.844833,0.508942,0.250000,0.007788,0.000023
2025-05-08,rmt_rie,equal_weight,0.012664,0.008955,0.000160,0.000080,23.476049,0.033333,332.586041,7.844833,0.508942,0.250000,0.007788,0.000023
2025-05-08,rmt_rie,inverse_variance,0.009870,0.007282,0.000097,0.000053,26.849146,0.045534,332.586041,7.844833,0.508942,0.250000,0.007788,0.000023
2025-05-08,rmt_rie,minimum_variance,0.007413,0.008463,0.000055,0.000072,6.424147,0.156105,332.586041,7.844833,0.508942,0.250000,0.007788,0.000023
2025-05-08,rmt_rie,risk_parity,0.009854,0.007761,0.000097,0.000060,30.000000,0.042910,332.586041,7.844833,0.508942,0.250000,0.007788,0.000023
2025-05-08,rmt_rie,hrp,0.009142,0.007186,0.000084,0.000052,23.004480,0.057162,332.586041,7.844833,0.508942,0.250000,0.007788,0.000023
2025-05-08,rmt_rie,max_diversification,0.008216,0.009813,0.000067,0.000096,8.397499,0.128221,332.586041,7.844833,0.508942,0.250000,0.007788,0.000023
2025-05-08,factor_model,equal_weight,0.014089,0.008955,0.000199,0.000080,23.367495,0.033333,332.586041,7.844833,0.508942,0.250000,0.007788,0.000023
2025-05-08,factor_model,inverse_variance,0.010903,0.007278,0.000119,0.000053,26.935928,0.045493,332.586041,7.844833,0.508942,0.250000,0.007788,0.000023
2025-05-08,factor_model,minimum_variance,0.007526,0.007886,0.000057,0.000062,6.538461,0.154418,332.586041,7.844833,0.508942,0.250000,0.007788,0.000023
2025-05-08,factor_model,risk_parity,0.010693,0.007549,0.000114,0.000057,30.000000,0.044696,332.586041,7.844833,0.508942,0.250000,0.007788,0.000023
2025-05-08,factor_model,hrp,0.010068,0.007220,0.000101,0.000052,24.532468,0.052955,332.586041,7.844833,0.508942,0.250000,0.007788,0.000023
2025-05-08,factor_model,max_diversification,0.008254,0.008363,0.000068,0.000070,6.763839,0.141160,332.586041,7.844833,0.508942,0.250000,0.007788,0.000023
2025-06-09,sample,equal_weight,0.014366,0.005646,0.000206,0.000032,23.513739,0.033333,377.546732,7.480681,0.517002,0.250000,0.008292,0.000022
2025-06-09,sample,inverse_variance,0.011286,0.005393,0.000127,0.000029,26.802887,0.045142,377.546732,7.480681,0.517002,0.250000,0.008292,0.000022
2025-06-09,sample,minimum_variance,0.008521,0.006027,0.000073,0.000036,6.263410,0.160042,377.546732,7.480681,0.517002,0.250000,0.008292,0.000022
2025-06-09,sample,risk_parity,0.011178,0.005561,0.000125,0.000031,30.000000,0.043385,377.546732,7.480681,0.517002,0.250000,0.008292,0.000022
2025-06-09,sample,hrp,0.010621,0.005655,0.000113,0.000032,22.631887,0.054981,377.546732,7.480681,0.517002,0.250000,0.008292,0.000022
2025-06-09,sample,max_diversification,0.009548,0.007088,0.000091,0.000050,7.249155,0.148633,377.546732,7.480681,0.517002,0.250000,0.008292,0.000022
2025-06-09,ledoit_wolf,equal_weight,0.013194,0.005646,0.000174,0.000032,23.682280,0.033333,377.546732,7.480681,0.517002,0.250000,0.008292,0.000022
2025-06-09,ledoit_wolf,inverse_variance,0.010973,0.005351,0.000120,0.000029,27.500347,0.040403,377.546732,7.480681,0.517002,0.250000,0.008292,0.000022
2025-06-09,ledoit_wolf,minimum_variance,0.008454,0.005937,0.000071,0.000035,9.073317,0.110215,377.546732,7.480681,0.517002,0.250000,0.008292,0.000022
2025-06-09,ledoit_wolf,risk_parity,0.010490,0.005551,0.000110,0.000031,30.000000,0.041973,377.546732,7.480681,0.517002,0.250000,0.008292,0.000022
2025-06-09,ledoit_wolf,hrp,0.009955,0.005929,0.000099,0.000035,23.388480,0.051092,377.546732,7.480681,0.517002,0.250000,0.008292,0.000022
2025-06-09,ledoit_wolf,max_diversification,0.009200,0.006730,0.000085,0.000045,9.714896,0.102825,377.546732,7.480681,0.517002,0.250000,0.008292,0.000022
2025-06-09,constant_corr,equal_weight,0.014306,0.005646,0.000205,0.000032,23.513739,0.033333,377.546732,7.480681,0.517002,0.250000,0.008292,0.000022
2025-06-09,constant_corr,inverse_variance,0.011238,0.005393,0.000126,0.000029,26.802887,0.045142,377.546732,7.480681,0.517002,0.250000,0.008292,0.000022
2025-06-09,constant_corr,minimum_variance,0.008485,0.006027,0.000072,0.000036,6.263462,0.160041,377.546732,7.480681,0.517002,0.250000,0.008292,0.000022
2025-06-09,constant_corr,risk_parity,0.011131,0.005561,0.000124,0.000031,30.000000,0.043385,377.546732,7.480681,0.517002,0.250000,0.008292,0.000022
2025-06-09,constant_corr,hrp,0.010576,0.005655,0.000112,0.000032,22.631887,0.054981,377.546732,7.480681,0.517002,0.250000,0.008292,0.000022
2025-06-09,constant_corr,max_diversification,0.009508,0.007088,0.000090,0.000050,7.249155,0.148633,377.546732,7.480681,0.517002,0.250000,0.008292,0.000022
2025-06-09,rmt_hard,equal_weight,0.014363,0.005646,0.000206,0.000032,23.523688,0.033333,377.546732,7.480681,0.517002,0.250000,0.008292,0.000022
2025-06-09,rmt_hard,inverse_variance,0.011136,0.005443,0.000124,0.000030,26.698771,0.046525,377.546732,7.480681,0.517002,0.250000,0.008292,0.000022
2025-06-09,rmt_hard,minimum_variance,0.008384,0.006022,0.000070,0.000036,5.644296,0.178635,377.546732,7.480681,0.517002,0.250000,0.008292,0.000022
2025-06-09,rmt_hard,risk_parity,0.011169,0.005560,0.000125,0.000031,30.000000,0.043469,377.546732,7.480681,0.517002,0.250000,0.008292,0.000022
2025-06-09,rmt_hard,hrp,0.010802,0.005611,0.000117,0.000031,23.663349,0.050318,377.546732,7.480681,0.517002,0.250000,0.008292,0.000022
2025-06-09,rmt_hard,max_diversification,0.009481,0.007061,0.000090,0.000050,7.238776,0.151682,377.546732,7.480681,0.517002,0.250000,0.008292,0.000022
2025-06-09,rmt_soft,equal_weight,0.014366,0.005646,0.000206,0.000032,23.517090,0.033333,377.546732,7.480681,0.517002,0.250000,0.008292,0.000022
2025-06-09,rmt_soft,inverse_variance,0.011205,0.005422,0.000126,0.000029,26.787305,0.045765,377.546732,7.480681,0.517002,0.250000,0.008292,0.000022
2025-06-09,rmt_soft,minimum_variance,0.008492,0.006042,0.000072,0.000037,6.206228,0.161988,377.546732,7.480681,0.517002,0.250000,0.008292,0.000022
2025-06-09,rmt_soft,risk_parity,0.011178,0.005560,0.000125,0.000031,30.000000,0.043392,377.546732,7.480681,0.517002,0.250000,0.008292,0.000022
2025-06-09,rmt_soft,hrp,0.010461,0.005556,0.000109,0.000031,21.792035,0.056820,377.546732,7.480681,0.517002,0.250000,0.008292,0.000022
2025-06-09,rmt_soft,max_diversification,0.009546,0.007069,0.000091,0.000050,7.375636,0.149493,377.546732,7.480681,0.517002,0.250000,0.008292,0.000022
2025-06-09,rmt_rie,equal_weight,0.013068,0.005646,0.000171,0.000032,23.495940,0.033333,377.546732,7.480681,0.517002,0.250000,0.008292,0.000022
2025-06-09,rmt_rie,inverse_variance,0.010235,0.005393,0.000105,0.000029,26.807442,0.045164,377.546732,7.480681,0.517002,0.250000,0.008292,0.000022
2025-06-09,rmt_rie,minimum_variance,0.007827,0.006145,0.000061,0.000038,6.781603,0.147469,377.546732,7.480681,0.517002,0.250000,0.008292,0.000022
2025-06-09,rmt_rie,risk_parity,0.010164,0.005565,0.000103,0.000031,30.000000,0.043340,377.546732,7.480681,0.517002,0.250000,0.008292,0.000022
2025-06-09,rmt_rie,hrp,0.009789,0.005628,0.000096,0.000032,23.747840,0.050962,377.546732,7.480681,0.517002,0.250000,0.008292,0.000022
2025-06-09,rmt_rie,max_diversification,0.008769,0.007023,0.000077,0.000049,8.142461,0.134593,377.546732,7.480681,0.517002,0.250000,0.008292,0.000022
2025-06-09,factor_model,equal_weight,0.014519,0.005646,0.000211,0.000032,23.417663,0.033333,377.546732,7.480681,0.517002,0.250000,0.008292,0.000022
2025-06-09,factor_model,inverse_variance,0.011314,0.005393,0.000128,0.000029,26.770680,0.045142,377.546732,7.480681,0.517002,0.250000,0.008292,0.000022
2025-06-09,factor_model,minimum_variance,0.007765,0.006138,0.000060,0.000038,6.492480,0.155162,377.546732,7.480681,0.517002,0.250000,0.008292,0.000022
2025-06-09,factor_model,risk_parity,0.010969,0.005560,0.000120,0.000031,30.000000,0.045629,377.546732,7.480681,0.517002,0.250000,0.008292,0.000022
2025-06-09,factor_model,hrp,0.010016,0.005745,0.000100,0.000033,21.987768,0.062888,377.546732,7.480681,0.517002,0.250000,0.008292,0.000022
2025-06-09,factor_model,max_diversification,0.008626,0.006541,0.000074,0.000043,5.982732,0.152628,377.546732,7.480681,0.517002,0.250000,0.008292,0.000022
2025-07-10,sample,equal_weight,0.014100,0.005635,0.000199,0.000032,23.392401,0.033333,439.710912,7.928646,0.498001,0.250000,0.008077,0.000018
2025-07-10,sample,inverse_variance,0.011027,0.005082,0.000122,0.000026,26.563853,0.045453,439.710912,7.928646,0.498001,0.250000,0.008077,0.000018
2025-07-10,sample,minimum_variance,0.008387,0.005150,0.000070,0.000027,6.320711,0.160281,439.710912,7.928646,0.498001,0.250000,0.008077,0.000018
2025-07-10,sample,risk_parity,0.010977,0.005122,0.000120,0.000026,30.000000,0.043638,439.710912,7.928646,0.498001,0.250000,0.008077,0.000018
2025-07-10,sample,hrp,0.010523,0.005282,0.000111,0.000028,24.694137,0.050361,439.710912,7.928646,0.498001,0.250000,0.008077,0.000018
2025-07-10,sample,max_diversification,0.009594,0.006324,0.000092,0.000040,7.862910,0.140020,439.710912,7.928646,0.498001,0.250000,0.008077,0.000018
2025-07-10,ledoit_wolf,equal_weight,0.012903,0.005635,0.000166,0.000032,23.581423,0.033333,439.710912,7.928646,0.498001,0.250000,0.008077,0.000018
2025-07-10,ledoit_wolf,inverse_variance,0.010718,0.005093,0.000115,0.000026,27.382222,0.040417,439.710912,7.928646,0.498001,0.250000,0.008077,0.000018
2025-07-10,ledoit_wolf,minimum_variance,0.008369,0.004998,0.000070,0.000025,8.905622,0.112293,439.710912,7.928646,0.498001,0.250000,0.008077,0.000018
2025-07-10,ledoit_wolf,risk_parity,0.010288,0.005156,0.000106,0.000027,30.000000,0.041927,439.710912,7.928646,0.498001,0.250000,0.008077,0.000018
2025-07-10,ledoit_wolf,hrp,0.009826,0.005168,0.000097,0.000027,23.551963,0.049922,439.710912,7.928646,0.498001,0.250000,0.008077,0.000018
2025-07-10,ledoit_wolf,max_diversification,0.009134,0.005889,0.000083,0.000035,10.526921,0.095940,439.710912,7.928646,0.498001,0.250000,0.008077,0.000018
2025-07-10,constant_corr,equal_weight,0.014041,0.005635,0.000197,0.000032,23.392401,0.033333,439.710912,7.928646,0.498001,0.250000,0.008077,0.000018
2025-07-10,constant_corr,inverse_variance,0.010981,0.005082,0.000121,0.000026,26.563853,0.045453,439.710912,7.928646,0.498001,0.250000,0.008077,0.000018
2025-07-10,constant_corr,minimum_variance,0.008352,0.005150,0.000070,0.000027,6.320722,0.160281,439.710912,7.928646,0.498001,0.250000,0.008077,0.000018
2025-07-10,constant_corr,risk_parity,0.010931,0.005122,0.000119,0.000026,30.000000,0.043638,439.710912,7.928646,0.498001,0.250000,0.008077,0.000018
2025-07-10,constant_corr,hrp,0.010479,0.005282,0.000110,0.000028,24.694137,0.050361,439.710912,7.928646,0.498001,0.250000,0.008077,0.000018
2025-07-10,constant_corr,max_diversification,0.009554,0.006324,0.000091,0.000040,7.862910,0.140020,439.710912,7.928646,0.498001,0.250000,0.008077,0.000018
2025-07-10,rmt_hard,equal_weight,0.014099,0.005635,0.000199,0.000032,23.387022,0.033333,439.710912,7.928646,0.498001,0.250000,0.008077,0.000018
2025-07-10,rmt_hard,inverse_variance,0.010914,0.005099,0.000119,0.000026,26.523276,0.046308,439.710912,7.928646,0.498001,0.250000,0.008077,0.000018
2025-07-10,rmt_hard,minimum_variance,0.008294,0.005383,0.000069,0.000029,5.885117,0.173095,439.710912,7.928646,0.498001,0.250000,0.008077,0.000018
2025-07-10,rmt_hard,risk_parity,0.010963,0.005122,0.000120,0.000026,30.000000,0.043730,439.710912,7.928646,0.498001,0.250000,0.008077,0.000018
2025-07-10,rmt_hard,hrp,0.010299,0.005440,0.000106,0.000030,23.007953,0.053623,439.710912,7.928646,0.498001,0.250000,0.008077,0.000018
2025-07-10,rmt_hard,max_diversification,0.009532,0.005981,0.000091,0.000036,7.786876,0.139084,439.710912,7.928646,0.498001,0.250000,0.008077,0.000018
2025-07-10,rmt_soft,equal_weight,0.014101,0.005635,0.000199,0.000032,23.390277,0.033333,439.710912,7.928646,0.498001,0.250000,0.008077,0.000018
2025-07-10,rmt_soft,inverse_variance,0.010947,0.005097,0.000120,0.000026,26.527226,0.046101,439.710912,7.928646,0.498001,0.250000,0.008077,0.000018
2025-07-10,rmt_soft,minimum_variance,0.008381,0.005300,0.000070,0.000028,6.307440,0.161297,439.710912,7.928646,0.498001,0.250000,0.008077,0.000018
2025-07-10,rmt_soft,risk_parity,0.010977,0.005120,0.000120,0.000026,30.000000,0.043637,439.710912,7.928646,0.498001,0.250000,0.008077,0.000018
2025-07-10,rmt_soft,hrp,0.010562,0.005514,0.000112,0.000030,23.300555,0.051311,439.710912,7.928646,0.498001,0.250000,0.008077,0.000018
2025-07-10,rmt_soft,max_diversification,0.009592,0.006161,0.000092,0.000038,8.001634,0.139277,439.710912,7.928646,0.498001,0.250000,0.008077,0.000018
2025-07-10,rmt_rie,equal_weight,0.012819,0.005635,0.000164,0.000032,23.371821,0.033333,439.710912,7.928646,0.498001,0.250000,0.008077,0.000018
2025-07-10,rmt_rie,inverse_variance,0.010005,0.005088,0.000100,0.000026,26.590809,0.045359,439.710912,7.928646,0.498001,0.250000,0.008077,0.000018
2025-07-10,rmt_rie,minimum_variance,0.007731,0.005125,0.000060,0.000026,6.798927,0.148525,439.710912,7.928646,0.498001,0.250000,0.008077,0.000018
2025-07-10,rmt_rie,risk_parity,0.009983,0.005126,0.000100,0.000026,30.000000,0.043533,439.710912,7.928646,0.498001,0.250000,0.008077,0.000018
2025-07-10,rmt_rie,hrp,0.009649,0.005463,0.000093,0.000030,23.635977,0.049761,439.710912,7.928646,0.498001,0.250000,0.008077,0.000018
2025-07-10,rmt_rie,max_diversification,0.008788,0.005998,0.000077,0.000036,8.795652,0.128016,439.710912,7.928646,0.498001,0.250000,0.008077,0.000018
2025-07-10,factor_model,equal_weight,0.014267,0.005635,0.000204,0.000032,23.259107,0.033333,439.710912,7.928646,0.498001,0.250000,0.008077,0.000018
2025-07-10,factor_model,inverse_variance,0.011046,0.005082,0.000122,0.000026,26.557870,0.045453,439.710912,7.928646,0.498001,0.250000,0.008077,0.000018
2025-07-10,factor_model,minimum_variance,0.007641,0.005591,0.000058,0.000031,6.602821,0.155316,439.710912,7.928646,0.498001,0.250000,0.008077,0.000018
2025-07-10,factor_model,risk_parity,0.010745,0.005021,0.000115,0.000025,30.000000,0.046284,439.710912,7.928646,0.498001,0.250000,0.008077,0.000018
2025-07-10,factor_model,hrp,0.010228,0.005099,0.000105,0.000026,24.100407,0.052689,439.710912,7.928646,0.498001,0.250000,0.008077,0.000018
2025-07-10,factor_model,max_diversification,0.008548,0.005542,0.000073,0.000031,6.581291,0.149020,439.710912,7.928646,0.498001,0.250000,0.008077,0.000018
2025-08-08,sample,equal_weight,0.014011,0.005254,0.000196,0.000028,23.434842,0.033333,389.128119,7.786282,0.508789,0.250000,0.007889,0.000020
2025-08-08,sample,inverse_variance,0.010848,0.004070,0.000118,0.000017,26.778581,0.046167,389.128119,7.786282,0.508789,0.250000,0.007889,0.000020
2025-08-08,sample,minimum_variance,0.008238,0.004217,0.000068,0.000018,6.597527,0.151946,389.128119,7.786282,0.508789,0.250000,0.007889,0.000020
2025-08-08,sample,risk_parity,0.010794,0.004127,0.000117,0.000017,30.000000,0.044337,389.128119,7.786282,0.508789,0.250000,0.007889,0.000020
2025-08-08,sample,hrp,0.010304,0.003916,0.000106,0.000015,24.267081,0.051505,389.128119,7.786282,0.508789,0.250000,0.007889,0.000020
2025-08-08,sample,max_diversification,0.009409,0.004994,0.000089,0.000025,8.091606,0.129368,389.128119,7.786282,0.508789,0.250000,0.007889,0.000020
2025-08-08,ledoit_wolf,equal_weight,0.012794,0.005254,0.000164,0.000028,23.621340,0.033333,389.128119,7.786282,0.508789,0.250000,0.007889,0.000020
2025-08-08,ledoit_wolf,inverse_variance,0.010591,0.004253,0.000112,0.000018,27.492717,0.040466,389.128119,7.786282,0.508789,0.250000,0.007889,0.000020
2025-08-08,ledoit_wolf,minimum_variance,0.008184,0.004099,0.000067,0.000017,9.060998,0.110365,389.128119,7.786282,0.508789,0.250000,0.007889,0.000020
2025-08-08,ledoit_wolf,risk_parity,0.010115,0.004177,0.000102,0.000017,30.000000,0.042432,389.128119,7.786282,0.508789,0.250000,0.007889,0.000020
2025-08-08,ledoit_wolf,hrp,0.009515,0.003866,0.000091,0.000015,24.098164,0.051815,389.128119,7.786282,0.508789,0.250000,0.007889,0.000020
2025-08-08,ledoit_wolf,max_diversification,0.008906,0.004699,0.000079,0.000022,10.742640,0.093359,389.128119,7.786282,0.508789,0.250000,0.007889,0.000020
2025-08-08,constant_corr,equal_weight,0.013952,0.005254,0.000195,0.000028,23.434842,0.033333,389.128119,7.786282,0.508789,0.250000,0.007889,0.000020
2025-08-08,constant_corr,inverse_variance,0.010802,0.004070,0.000117,0.000017,26.778581,0.046167,389.128119,7.786282,0.508789,0.250000,0.007889,0.000020
2025-08-08,constant_corr,minimum_variance,0.008203,0.004218,0.000067,0.000018,6.597519,0.151946,389.128119,7.786282,0.508789,0.250000,0.007889,0.000020
2025-08-08,constant_corr,risk_parity,0.010749,0.004127,0.000116,0.000017,30.000000,0.044337,389.128119,7.786282,0.508789,0.250000,0.007889,0.000020
2025-08-08,constant_corr,hrp,0.010261,0.003916,0.000105,0.000015,24.267081,0.051505,389.128119,7.786282,0.508789,0.250000,0.007889,0.000020
2025-08-08,constant_corr,max_diversification,0.009370,0.004994,0.000088,0.000025,8.091607,0.129368,389.128119,7.786282,0.508789,0.250000,0.007889,0.000020
2025-08-08,rmt_hard,equal_weight,0.014009,0.005254,0.000196,0.000028,23.428245,0.033333,389.128119,7.786282,0.508789,0.250000,0.007889,0.000020
2025-08-08,rmt_hard,inverse_variance,0.010745,0.004000,0.000115,0.000016,26.996685,0.046611,389.128119,7.786282,0.508789,0.250000,0.007889,0.000020
2025-08-08,rmt_hard,minimum_variance,0.008208,0.004174,0.000067,0.000017,6.658171,0.151978,389.128119,7.786282,0.508789,0.250000,0.007889,0.000020
2025-08-08,rmt_hard,risk_parity,0.010788,0.004133,0.000116,0.000017,30.000000,0.044368,389.128119,7.786282,0.508789,0.250000,0.007889,0.000020
2025-08-08,rmt_hard,hrp,0.009886,0.003663,0.000098,0.000013,23.209474,0.056451,389.128119,7.786282,0.508789,0.250000,0.007889,0.000020
2025-08-08,rmt_hard,max_diversification,0.009364,0.005212,0.000088,0.000027,7.632659,0.141620,389.128119,7.786282,0.508789,0.250000,0.007889,0.000020
2025-08-08,rmt_soft,equal_weight,0.014011,0.005254,0.000196,0.000028,23.436185,0.033333,389.128119,7.786282,0.508789,0.250000,0.007889,0.000020
2025-08-08,rmt_soft,inverse_variance,0.010768,0.004029,0.000116,0.000016,26.809896,0.046728,389.128119,7.786282,0.508789,0.250000,0.007889,0.000020
2025-08-08,rmt_soft,minimum_variance,0.008256,0.004197,0.000068,0.000018,6.694867,0.150358,389.128119,7.786282,0.508789,0.250000,0.007889,0.000020
2025-08-08,rmt_soft,risk_parity,0.010794,0.004126,0.000117,0.000017,30.000000,0.044334,389.128119,7.786282,0.508789,0.250000,0.007889,0.000020
2025-08-08,rmt_soft,hrp,0.010293,0.003946,0.000106,0.000016,24.031198,0.052022,389.128119,7.786282,0.508789,0.250000,0.007889,0.000020
2025-08-08,rmt_soft,max_diversification,0.009405,0.004959,0.000088,0.000025,8.330457,0.134444,389.128119,7.786282,0.508789,0.250000,0.007889,0.000020
2025-08-08,rmt_rie,equal_weight,0.012746,0.005254,0.000162,0.000028,23.414986,0.033333,389.128119,7.786282,0.508789,0.250000,0.007889,0.000020
2025-08-08,rmt_rie,inverse_variance,0.009832,0.004053,0.000097,0.000016,26.913558,0.046115,389.128119,7.786282,0.508789,0.250000,0.007889,0.000020
2025-08-08,rmt_rie,minimum_variance,0.007564,0.004089,0.000057,0.000017,6.832860,0.146477,389.128119,7.786282,0.508789,0.250000,0.007889,0.000020
2025-08-08,rmt_rie,risk_parity,0.009822,0.004127,0.000096,0.000017,30.000000,0.044265,389.128119,7.786282,0.508789,0.250000,0.007889,0.000020
2025-08-08,rmt_rie,hrp,0.009299,0.003997,0.000086,0.000016,23.540722,0.052869,389.128119,7.786282,0.508789,0.250000,0.007889,0.000020
2025-08-08,rmt_rie,max_diversification,0.008637,0.004843,0.000075,0.000023,9.078201,0.123570,389.128119,7.786282,0.508789,0.250000,0.007889,0.000020
2025-08-08,factor_model,equal_weight,0.014178,0.005254,0.000201,0.000028,23.346117,0.033333,389.128119,7.786282,0.508789,0.250000,0.007889,0.000020
2025-08-08,factor_model,inverse_variance,0.010896,0.004070,0.000119,0.000017,26.776998,0.046167,389.128119,7.786282,0.508789,0.250000,0.007889,0.000020
2025-08-08,factor_model,minimum_variance,0.007487,0.003784,0.000056,0.000014,5.528317,0.183283,389.128119,7.786282,0.508789,0.250000,0.007889,0.000020
2025-08-08,factor_model,risk_parity,0.010630,0.004016,0.000113,0.000016,30.000000,0.046817,389.128119,7.786282,0.508789,0.250000,0.007889,0.000020
2025-08-08,factor_model,hrp,0.009607,0.003760,0.000092,0.000014,22.497146,0.064894,389.128119,7.786282,0.508789,0.250000,0.007889,0.000020
2025-08-08,factor_model,max_diversification,0.008681,0.004565,0.000075,0.000021,7.656219,0.142129,389.128119,7.786282,0.508789,0.250000,0.007889,0.000020
2025-09-09,sample,equal_weight,0.013429,0.004628,0.000180,0.000021,23.556482,0.033333,417.414824,7.891876,0.498249,0.250000,0.007183,0.000017
2025-09-09,sample,inverse_variance,0.010309,0.003466,0.000106,0.000012,26.644298,0.047517,417.414824,7.891876,0.498249,0.250000,0.007183,0.000017
2025-09-09,sample,minimum_variance,0.007869,0.004541,0.000062,0.000021,6.973660,0.144498,417.414824,7.891876,0.498249,0.250000,0.007183,0.000017
2025-09-09,sample,risk_parity,0.010343,0.003732,0.000107,0.000014,30.000000,0.044699,417.414824,7.891876,0.498249,0.250000,0.007183,0.000017
2025-09-09,sample,hrp,0.009597,0.003641,0.000092,0.000013,23.146882,0.056002,417.414824,7.891876,0.498249,0.250000,0.007183,0.000017
2025-09-09,sample,max_diversification,0.009002,0.005907,0.000081,0.000035,8.593714,0.130272,417.414824,7.891876,0.498249,0.250000,0.007183,0.000017
2025-09-09,ledoit_wolf,equal_weight,0.012059,0.004628,0.000145,0.000021,23.782796,0.033333,417.414824,7.891876,0.498249,0.250000,0.007183,0.000017
2025-09-09,ledoit_wolf,inverse_variance,0.010063,0.003382,0.000101,0.000011,27.567737,0.040250,417.414824,7.891876,0.498249,0.250000,0.007183,0.000017
2025-09-09,ledoit_wolf,minimum_variance,0.007790,0.004439,0.000061,0.000020,9.462539,0.105683,417.414824,7.891876,0.498249,0.250000,0.007183,0.000017
2025-09-09,ledoit_wolf,risk_parity,0.009592,0.003717,0.000092,0.000014,30.000000,0.042266,417.414824,7.891876,0.498249,0.250000,0.007183,0.000017
2025-09-09,ledoit_wolf,hrp,0.009102,0.003747,0.000083,0.000014,24.766495,0.049549,417.414824,7.891876,0.498249,0.250000,0.007183,0.000017
2025-09-09,ledoit_wolf,max_diversification,0.008392,0.004963,0.000070,0.000025,11.596304,0.089764,417.414824,7.891876,0.498249,0.250000,0.007183,0.000017
2025-09-09,constant_corr,equal_weight,0.013373,0.004628,0.000179,0.000021,23.556482,0.033333,417.414824,7.891876,0.498249,0.250000,0.007183,0.000017
2025-09-09,constant_corr,inverse_variance,0.010266,0.003466,0.000105,0.000012,26.644299,0.047517,417.414824,7.891876,0.498249,0.250000,0.007183,0.000017
2025-09-09,constant_corr,minimum_variance,0.007836,0.004541,0.000061,0.000021,6.973662,0.144498,417.414824,7.891876,0.498249,0.250000,0.007183,0.000017
2025-09-09,constant_corr,risk_parity,0.010299,0.003732,0.000106,0.000014,30.000000,0.044699,417.414824,7.891876,0.498249,0.250000,0.007183,0.000017
2025-09-09,constant_corr,hrp,0.009557,0.003641,0.000091,0.000013,23.146882,0.056002,417.414824,7.891876,0.498249,0.250000,0.007183,0.000017
2025-09-09,constant_corr,max_diversification,0.008964,0.005907,0.000080,0.000035,8.593714,0.130272,417.414824,7.891876,0.498249,0.250000,0.007183,0.000017
2025-09-09,rmt_hard,equal_weight,0.013429,0.004628,0.000180,0.000021,23.567529,0.033333,417.414824,7.891876,0.498249,0.250000,0.007183,0.000017
2025-09-09,rmt_hard,inverse_variance,0.010201,0.003497,0.000104,0.000012,26.775187,0.048259,417.414824,7.891876,0.498249,0.250000,0.007183,0.000017
2025-09-09,rmt_hard,minimum_variance,0.007811,0.004619,0.000061,0.000021,7.003215,0.146088,417.414824,7.891876,0.498249,0.250000,0.007183,0.000017
2025-09-09,rmt_hard,risk_parity,0.010340,0.003732,0.000107,0.000014,30.000000,0.044764,417.414824,7.891876,0.498249,0.250000,0.007183,0.000017
2025-09-09,rmt_hard,hrp,0.009517,0.003947,0.000091,0.000016,22.418108,0.056457,417.414824,7.891876,0.498249,0.250000,0.007183,0.000017
2025-09-09,rmt_hard,max_diversification,0.008878,0.005104,0.000079,0.000026,8.051969,0.141552,417.414824,7.891876,0.498249,0.250000,0.007183,0.000017
2025-09-09,rmt_soft,equal_weight,0.013430,0.004628,0.000180,0.000021,23.558404,0.033333,417.414824,7.891876,0.498249,0.250000,0.007183,0.000017
2025-09-09,rmt_soft,inverse_variance,0.010232,0.003487,0.000105,0.000012,26.665410,0.048106,417.414824,7.891876,0.498249,0.250000,0.007183,0.000017
2025-09-09,rmt_soft,minimum_variance,0.007887,0.004531,0.000062,0.000021,7.043077,0.143788,417.414824,7.891876,0.498249,0.250000,0.007183,0.000017
2025-09-09,rmt_soft,risk_parity,0.010346,0.003731,0.000107,0.000014,30.000000,0.044666,417.414824,7.891876,0.498249,0.250000,0.007183,0.000017
2025-09-09,rmt_soft,hrp,0.009513,0.003691,0.000090,0.000014,22.684730,0.057073,417.414824,7.891876,0.498249,0.250000,0.007183,0.000017
2025-09-09,rmt_soft,max_diversification,0.009003,0.005385,0.000081,0.000029,8.946513,0.129838,417.414824,7.891876,0.498249,0.250000,0.007183,0.000017
2025-09-09,rmt_rie,equal_weight,0.012218,0.004628,0.000149,0.000021,23.537719,0.033333,417.414824,7.891876,0.498249,0.250000,0.007183,0.000017
2025-09-09,rmt_rie,inverse_variance,0.009341,0.003468,0.000087,0.000012,26.822188,0.047461,417.414824,7.891876,0.498249,0.250000,0.007183,0.000017
2025-09-09,rmt_rie,minimum_variance,0.007222,0.004562,0.000052,0.000021,7.004042,0.143017,417.414824,7.891876,0.498249,0.250000,0.007183,0.000017
2025-09-09,rmt_rie,risk_parity,0.009416,0.003731,0.000089,0.000014,30.000000,0.044547,417.414824,7.891876,0.498249,0.250000,0.007183,0.000017
2025-09-09,rmt_rie,hrp,0.008749,0.003754,0.000077,0.000014,23.563329,0.055378,417.414824,7.891876,0.498249,0.250000,0.007183,0.000017
2025-09-09,rmt_rie,max_diversification,0.008240,0.005545,0.000068,0.000031,9.466321,0.123865,417.414824,7.891876,0.498249,0.250000,0.007183,0.000017
2025-09-09,factor_model,equal_weight,0.013580,0.004628,0.000184,0.000021,23.374325,0.033333,417.414824,7.891876,0.498249,0.250000,0.007183,0.000017
2025-09-09,factor_model,inverse_variance,0.010266,0.003466,0.000105,0.000012,26.751010,0.047517,417.414824,7.891876,0.498249,0.250000,0.007183,0.000017
2025-09-09,factor_model,minimum_variance,0.006855,0.004825,0.000047,0.000023,5.379877,0.187186,417.414824,7.891876,0.498249,0.250000,0.007183,0.000017
2025-09-09,factor_model,risk_parity,0.010016,0.003724,0.000100,0.000014,30.000000,0.048299,417.414824,7.891876,0.498249,0.250000,0.007183,0.000017
2025-09-09,factor_model,hrp,0.008861,0.003915,0.000079,0.000015,21.851017,0.070143,417.414824,7.891876,0.498249,0.250000,0.007183,0.000017
2025-09-09,factor_model,max_diversification,0.007882,0.005316,0.000062,0.000028,9.237707,0.136090,417.414824,7.891876,0.498249,0.250000,0.007183,0.000017
2025-10-08,sample,equal_weight,0.007102,0.007734,0.000050,0.000060,23.168360,0.033333,190.411596,13.141609,0.228110,0.250000,0.002424,0.000013
2025-10-08,sample,inverse_variance,0.005941,0.005273,0.000035,0.000028,22.534952,0.045668,190.411596,13.141609,0.228110,0.250000,0.002424,0.000013
2025-10-08,sample,minimum_variance,0.004876,0.004746,0.000024,0.000023,9.157020,0.109211,190.411596,13.141609,0.228110,0.250000,0.002424,0.000013
2025-10-08,sample,risk_parity,0.005798,0.005735,0.000034,0.000033,30.000000,0.040482,190.411596,13.141609,0.228110,0.250000,0.002424,0.000013
2025-10-08,sample,hrp,0.005777,0.005550,0.000033,0.000031,21.945623,0.048735,190.411596,13.141609,0.228110,0.250000,0.002424,0.000013
2025-10-08,sample,max_diversification,0.005432,0.006130,0.000030,0.000038,13.603959,0.084396,190.411596,13.141609,0.228110,0.250000,0.002424,0.000013
2025-10-08,ledoit_wolf,equal_weight,0.006231,0.007734,0.000039,0.000060,24.091596,0.033333,190.411596,13.141609,0.228110,0.250000,0.002424,0.000013
2025-10-08,ledoit_wolf,inverse_variance,0.005596,0.005844,0.000031,0.000034,25.329240,0.038554,190.411596,13.141609,0.228110,0.250000,0.002424,0.000013
2025-10-08,ledoit_wolf,minimum_variance,0.004930,0.005031,0.000024,0.000025,16.510477,0.060571,190.411596,13.141609,0.228110,0.250000,0.002424,0.000013
2025-10-08,ledoit_wolf,risk_parity,0.005396,0.006040,0.000029,0.000036,30.000000,0.037720,190.411596,13.141609,0.228110,0.250000,0.002424,0.000013
2025-10-08,ledoit_wolf,hrp,0.005375,0.005600,0.000029,0.000031,25.458748,0.041552,190.411596,13.141609,0.228110,0.250000,0.002424,0.000013
2025-10-08,ledoit_wolf,max_diversification,0.005230,0.006078,0.000027,0.000037,18.758760,0.056404,190.411596,13.141609,0.228110,0.250000,0.002424,0.000013
2025-10-08,constant_corr,equal_weight,0.007080,0.007734,0.000050,0.000060,23.208816,0.033333,190.411596,13.141609,0.228110,0.250000,0.002424,0.000013
2025-10-08,constant_corr,inverse_variance,0.005912,0.005273,0.000035,0.000028,22.618844,0.045668,190.411596,13.141609,0.228110,0.250000,0.002424,0.000013
2025-10-08,constant_corr,minimum_variance,0.004883,0.004738,0.000024,0.000022,9.450811,0.105815,190.411596,13.141609,0.228110,0.250000,0.002424,0.000013
2025-10-08,constant_corr,risk_parity,0.005794,0.005737,0.000034,0.000033,30.000000,0.040364,190.411596,13.141609,0.228110,0.250000,0.002424,0.000013
2025-10-08,constant_corr,hrp,0.005756,0.005543,0.000033,0.000031,22.072413,0.048614,190.411596,13.141609,0.228110,0.250000,0.002424,0.000013
2025-10-08,constant_corr,max_diversification,0.005456,0.006122,0.000030,0.000037,13.725464,0.083697,190.411596,13.141609,0.228110,0.250000,0.002424,0.000013
2025-10-08,rmt_hard,equal_weight,0.007080,0.007734,0.000050,0.000060,23.085424,0.033333,190.411596,13.141609,0.228110,0.250000,0.002424,0.000013
2025-10-08,rmt_hard,inverse_variance,0.005900,0.005350,0.000035,0.000029,23.272491,0.044850,190.411596,13.141609,0.228110,0.250000,0.002424,0.000013
2025-10-08,rmt_hard,minimum_variance,0.004721,0.005079,0.000022,0.000026,10.538894,0.094888,190.411596,13.141609,0.228110,0.250000,0.002424,0.000013
2025-10-08,rmt_hard,risk_parity,0.005742,0.005743,0.000033,0.000033,30.000000,0.040667,190.411596,13.141609,0.228110,0.250000,0.002424,0.000013
2025-10-08,rmt_hard,hrp,0.005652,0.005180,0.000032,0.000027,22.740487,0.048169,190.411596,13.141609,0.228110,0.250000,0.002424,0.000013
2025-10-08,rmt_hard,max_diversification,0.005123,0.005775,0.000026,0.000033,13.228922,0.083580,190.411596,13.141609,0.228110,0.250000,0.002424,0.000013
2025-10-08,rmt_soft,equal_weight,0.007104,0.007734,0.000050,0.000060,23.166765,0.033333,190.411596,13.141609,0.228110,0.250000,0.002424,0.000013
2025-10-08,rmt_soft,inverse_variance,0.005912,0.005275,0.000035,0.000028,22.797874,0.045659,190.411596,13.141609,0.228110,0.250000,0.002424,0.000013
2025-10-08,rmt_soft,minimum_variance,0.004908,0.004761,0.000024,0.000023,10.589079,0.094441,190.411596,13.141609,0.228110,0.250000,0.002424,0.000013
2025-10-08,rmt_soft,risk_parity,0.005801,0.005733,0.000034,0.000033,30.000000,0.040439,190.411596,13.141609,0.228110,0.250000,0.002424,0.000013
2025-10-08,rmt_soft,hrp,0.005731,0.005297,0.000033,0.000028,21.406286,0.049766,190.411596,13.141609,0.228110,0.250000,0.002424,0.000013
2025-10-08,rmt_soft,max_diversification,0.005465,0.005927,0.000030,0.000035,14.772784,0.076508,190.411596,13.141609,0.228110,0.250000,0.002424,0.000013
2025-10-08,rmt_rie,equal_weight,0.006346,0.007734,0.000040,0.000060,23.139457,0.033333,190.411596,13.141609,0.228110,0.250000,0.002424,0.000013
2025-10-08,rmt_rie,inverse_variance,0.005345,0.005368,0.000029,0.000029,22.929340,0.044689,190.411596,13.141609,0.228110,0.250000,0.002424,0.000013
2025-10-08,rmt_rie,minimum_variance,0.004461,0.004826,0.000020,0.000023,11.344152,0.088153,190.411596,13.141609,0.228110,0.250000,0.002424,0.000013
2025-10-08,rmt_rie,risk_parity,0.005222,0.005787,0.000027,0.000033,30.000000,0.040000,190.411596,13.141609,0.228110,0.250000,0.002424,0.000013
2025-10-08,rmt_rie,hrp,0.005171,0.005337,0.000027,0.000028,22.423486,0.047931,190.411596,13.141609,0.228110,0.250000,0.002424,0.000013
2025-10-08,rmt_rie,max_diversification,0.004946,0.005931,0.000024,0.000035,15.259262,0.074473,190.411596,13.141609,0.228110,0.250000,0.002424,0.000013
2025-10-08,factor_model,equal_weight,0.006949,0.007734,0.000048,0.000060,18.564627,0.033333,190.411596,13.141609,0.228110,0.250000,0.002424,0.000013
2025-10-08,factor_model,inverse_variance,0.004641,0.005273,0.000022,0.000028,21.326483,0.045668,190.411596,13.141609,0.228110,0.250000,0.002424,0.000013
2025-10-08,factor_model,minimum_variance,0.003127,0.005169,0.000010,0.000027,11.665238,0.085729,190.411596,13.141609,0.228110,0.250000,0.002424,0.000013
2025-10-08,factor_model,risk_parity,0.003878,0.004632,0.000015,0.000021,30.000000,0.056109,190.411596,13.141609,0.228110,0.250000,0.002424,0.000013
2025-10-08,factor_model,hrp,0.003572,0.005223,0.000013,0.000027,19.523440,0.063710,190.411596,13.141609,0.228110,0.250000,0.002424,0.000013
2025-10-08,factor_model,max_diversification,0.003309,0.004926,0.000011,0.000024,14.182148,0.078941,190.411596,13.141609,0.228110,0.250000,0.002424,0.000013
2025-11-06,sample,equal_weight,0.006067,0.007460,0.000037,0.000056,20.966055,0.033333,154.917542,14.136612,0.232430,0.250000,0.002271,0.000015
2025-11-06,sample,inverse_variance,0.004829,0.006109,0.000023,0.000037,21.502029,0.046487,154.917542,14.136612,0.232430,0.250000,0.002271,0.000015
2025-11-06,sample,minimum_variance,0.003937,0.005285,0.000016,0.000028,11.488924,0.087055,154.917542,14.136612,0.232430,0.250000,0.002271,0.000015
2025-11-06,sample,risk_parity,0.004740,0.006114,0.000022,0.000037,30.000000,0.040784,154.917542,14.136612,0.232430,0.250000,0.002271,0.000015
2025-11-06,sample,hrp,0.004728,0.005884,0.000022,0.000035,23.023281,0.045501,154.917542,14.136612,0.232430,0.250000,0.002271,0.000015
2025-11-06,sample,max_diversification,0.004334,0.005637,0.000019,0.000032,15.576923,0.076913,154.917542,14.136612,0.232430,0.250000,0.002271,0.000015
2025-11-06,ledoit_wolf,equal_weight,0.005338,0.007460,0.000028,0.000056,22.461394,0.033333,154.917542,14.136612,0.232430,0.250000,0.002271,0.000015
2025-11-06,ledoit_wolf,inverse_variance,0.004642,0.006366,0.000022,0.000041,25.603927,0.038529,154.917542,14.136612,0.232430,0.250000,0.002271,0.000015
2025-11-06,ledoit_wolf,minimum_variance,0.004157,0.005467,0.000017,0.000030,17.977316,0.055629,154.917542,14.136612,0.232430,0.250000,0.002271,0.000015
2025-11-06,ledoit_wolf,risk_parity,0.004545,0.006326,0.000021,0.000040,30.000000,0.037496,154.917542,14.136612,0.232430,0.250000,0.002271,0.000015
2025-11-06,ledoit_wolf,hrp,0.004541,0.006158,0.000021,0.000038,25.350141,0.040421,154.917542,14.136612,0.232430,0.250000,0.002271,0.000015
2025-11-06,ledoit_wolf,max_diversification,0.004335,0.005789,0.000019,0.000034,21.621677,0.050332,154.917542,14.136612,0.232430,0.250000,0.002271,0.000015
2025-11-06,constant_corr,equal_weight,0.006055,0.007460,0.000037,0.000056,21.092439,0.033333,154.917542,14.136612,0.232430,0.250000,0.002271,0.000015
2025-11-06,constant_corr,inverse_variance,0.004793,0.006109,0.000023,0.000037,21.934119,0.046487,154.917542,14.136612,0.232430,0.250000,0.002271,0.000015
2025-11-06,constant_corr,minimum_variance,0.004006,0.005318,0.000016,0.000028,11.494138,0.087022,154.917542,14.136612,0.232430,0.250000,0.002271,0.000015
2025-11-06,constant_corr,risk_parity,0.004788,0.006141,0.000023,0.000038,30.000000,0.040269,154.917542,14.136612,0.232430,0.250000,0.002271,0.000015
2025-11-06,constant_corr,hrp,0.004717,0.005892,0.000022,0.000035,23.533373,0.045148,154.917542,14.136612,0.232430,0.250000,0.002271,0.000015
2025-11-06,constant_corr,max_diversification,0.004451,0.005641,0.000020,0.000032,16.926257,0.070908,154.917542,14.136612,0.232430,0.250000,0.002271,0.000015
2025-11-06,rmt_hard,equal_weight,0.006033,0.007460,0.000036,0.000056,20.887490,0.033333,154.917542,14.136612,0.232430,0.250000,0.002271,0.000015
2025-11-06,rmt_hard,inverse_variance,0.004794,0.006160,0.000023,0.000038,21.873497,0.045733,154.917542,14.136612,0.232430,0.250000,0.002271,0.000015
2025-11-06,rmt_hard,minimum_variance,0.003751,0.005422,0.000014,0.000029,12.069710,0.082871,154.917542,14.136612,0.232430,0.250000,0.002271,0.000015
2025-11-06,rmt_hard,risk_parity,0.004639,0.006093,0.000022,0.000037,30.000000,0.041420,154.917542,14.136612,0.232430,0.250000,0.002271,0.000015
2025-11-06,rmt_hard,hrp,0.004747,0.006084,0.000023,0.000037,23.992360,0.044744,154.917542,14.136612,0.232430,0.250000,0.002271,0.000015
2025-11-06,rmt_hard,max_diversification,0.004050,0.005554,0.000016,0.000031,16.816954,0.071065,154.917542,14.136612,0.232430,0.250000,0.002271,0.000015
2025-11-06,rmt_soft,equal_weight,0.006065,0.007460,0.000037,0.000056,20.909847,0.033333,154.917542,14.136612,0.232430,0.250000,0.002271,0.000015
2025-11-06,rmt_soft,inverse_variance,0.004809,0.006119,0.000023,0.000037,21.687824,0.046334,154.917542,14.136612,0.232430,0.250000,0.002271,0.000015
2025-11-06,rmt_soft,minimum_variance,0.003927,0.005360,0.000015,0.000029,12.090645,0.082722,154.917542,14.136612,0.232430,0.250000,0.002271,0.000015
2025-11-06,rmt_soft,risk_parity,0.004726,0.006118,0.000022,0.000037,30.000000,0.040844,154.917542,14.136612,0.232430,0.250000,0.002271,0.000015
2025-11-06,rmt_soft,hrp,0.004705,0.006010,0.000022,0.000036,22.743909,0.046506,154.917542,14.136612,0.232430,0.250000,0.002271,0.000015
2025-11-06,rmt_soft,max_diversification,0.004296,0.005601,0.000018,0.000031,17.467544,0.068378,154.917542,14.136612,0.232430,0.250000,0.002271,0.000015
2025-11-06,rmt_rie,equal_weight,0.005309,0.007460,0.000028,0.000056,20.731190,0.033333,154.917542,14.136612,0.232430,0.250000,0.002271,0.000015
2025-11-06,rmt_rie,inverse_variance,0.004195,0.006111,0.000018,0.000037,22.016716,0.046129,154.917542,14.136612,0.232430,0.250000,0.002271,0.000015
2025-11-06,rmt_rie,minimum_variance,0.003515,0.005362,0.000012,0.000029,12.630220,0.079192,154.917542,14.136612,0.232430,0.250000,0.002271,0.000015
2025-11-06,rmt_rie,risk_parity,0.004152,0.006131,0.000017,0.000038,30.000000,0.040606,154.917542,14.136612,0.232430,0.250000,0.002271,0.000015
2025-11-06,rmt_rie,hrp,0.004109,0.006031,0.000017,0.000036,23.967897,0.045184,154.917542,14.136612,0.232430,0.250000,0.002271,0.000015
2025-11-06,rmt_rie,max_diversification,0.003863,0.005664,0.000015,0.000032,18.489709,0.065080,154.917542,14.136612,0.232430,0.250000,0.002271,0.000015
2025-11-06,factor_model,equal_weight,0.006243,0.007460,0.000039,0.000056,18.894323,0.033333,154.917542,14.136612,0.232430,0.250000,0.002271,0.000015
2025-11-06,factor_model,inverse_variance,0.004342,0.006109,0.000019,0.000037,23.733595,0.046487,154.917542,14.136612,0.232430,0.250000,0.002271,0.000015
2025-11-06,factor_model,minimum_variance,0.003238,0.005674,0.000010,0.000032,11.103090,0.090071,154.917542,14.136612,0.232430,0.250000,0.002271,0.000015
2025-11-06,factor_model,risk_parity,0.004091,0.005904,0.000017,0.000035,30.000000,0.047660,154.917542,14.136612,0.232430,0.250000,0.002271,0.000015
2025-11-06,factor_model,hrp,0.003968,0.005789,0.000016,0.000034,23.406440,0.052330,154.917542,14.136612,0.232430,0.250000,0.002271,0.000015
2025-11-06,factor_model,max_diversification,0.003491,0.005865,0.000012,0.000034,11.850925,0.088291,154.917542,14.136612,0.232430,0.250000,0.002271,0.000015
