date,estimator,allocator,pred_vol,real_vol,pred_var,real_var,enb,hhi,cond_number,eff_rank,top1_share,q,lambda_max,lambda_min
2019-06-21,sample,equal_weight,0.006980,0.004155,0.000049,0.000017,11.360889,0.062500,4511.679384,4.019857,0.664556,0.063492,0.001132,0.000000
2019-06-21,sample,inverse_variance,0.002963,0.003645,0.000009,0.000013,14.918536,0.225904,4511.679384,4.019857,0.664556,0.063492,0.001132,0.000000
2019-06-21,sample,minimum_variance,0.002748,0.004638,0.000008,0.000022,4.846905,0.205916,4511.679384,4.019857,0.664556,0.063492,0.001132,0.000000
2019-06-21,sample,risk_parity,0.003173,0.003812,0.000010,0.000015,16.000000,0.169063,4511.679384,4.019857,0.664556,0.063492,0.001132,0.000000
2019-06-21,sample,hrp,0.002616,0.004082,0.000007,0.000017,4.670247,0.305181,4511.679384,4.019857,0.664556,0.063492,0.001132,0.000000
2019-06-21,sample,max_diversification,0.002829,0.004220,0.000008,0.000018,5.511324,0.192468,4511.679384,4.019857,0.664556,0.063492,0.001132,0.000000
2019-06-21,ledoit_wolf,equal_weight,0.006867,0.004155,0.000047,0.000017,11.391241,0.062500,4511.679384,4.019857,0.664556,0.063492,0.001132,0.000000
2019-06-21,ledoit_wolf,inverse_variance,0.003408,0.003756,0.000012,0.000014,15.010289,0.166935,4511.679384,4.019857,0.664556,0.063492,0.001132,0.000000
2019-06-21,ledoit_wolf,minimum_variance,0.002825,0.004613,0.000008,0.000021,5.108351,0.200429,4511.679384,4.019857,0.664556,0.063492,0.001132,0.000000
2019-06-21,ledoit_wolf,risk_parity,0.003385,0.003936,0.000011,0.000015,16.000000,0.141882,4511.679384,4.019857,0.664556,0.063492,0.001132,0.000000
2019-06-21,ledoit_wolf,hrp,0.002801,0.004103,0.000008,0.000017,5.366536,0.271191,4511.679384,4.019857,0.664556,0.063492,0.001132,0.000000
2019-06-21,ledoit_wolf,max_diversification,0.002907,0.004199,0.000008,0.000018,5.860959,0.189623,4511.679384,4.019857,0.664556,0.063492,0.001132,0.000000
2019-06-21,constant_corr,equal_weight,0.006955,0.004155,0.000048,0.000017,11.393846,0.062500,4511.679384,4.019857,0.664556,0.063492,0.001132,0.000000
2019-06-21,constant_corr,inverse_variance,0.002969,0.003645,0.000009,0.000013,14.883487,0.225904,4511.679384,4.019857,0.664556,0.063492,0.001132,0.000000
2019-06-21,constant_corr,minimum_variance,0.002768,0.004648,0.000008,0.000022,4.883429,0.204930,4511.679384,4.019857,0.664556,0.063492,0.001132,0.000000
2019-06-21,constant_corr,risk_parity,0.003193,0.003813,0.000010,0.000015,16.000000,0.167822,4511.679384,4.019857,0.664556,0.063492,0.001132,0.000000
2019-06-21,constant_corr,hrp,0.002621,0.004079,0.000007,0.000017,4.723252,0.304857,4511.679384,4.019857,0.664556,0.063492,0.001132,0.000000
2019-06-21,constant_corr,max_diversification,0.002853,0.004219,0.000008,0.000018,5.590689,0.191667,4511.679384,4.019857,0.664556,0.063492,0.001132,0.000000
2019-06-21,rmt_hard,equal_weight,0.006980,0.004155,0.000049,0.000017,11.358917,0.062500,4511.679384,4.019857,0.664556,0.063492,0.001132,0.000000
2019-06-21,rmt_hard,inverse_variance,0.003009,0.003669,0.000009,0.000013,14.947677,0.218110,4511.679384,4.019857,0.664556,0.063492,0.001132,0.000000
2019-06-21,rmt_hard,minimum_variance,0.002687,0.004593,0.000007,0.000021,4.437927,0.216500,4511.679384,4.019857,0.664556,0.063492,0.001132,0.000000
2019-06-21,rmt_hard,risk_parity,0.003171,0.003815,0.000010,0.000015,16.000000,0.168498,4511.679384,4.019857,0.664556,0.063492,0.001132,0.000000
2019-06-21,rmt_hard,hrp,0.002670,0.004158,0.000007,0.000017,5.234778,0.288004,4511.679384,4.019857,0.664556,0.063492,0.001132,0.000000
2019-06-21,rmt_hard,max_diversification,0.002756,0.004229,0.000008,0.000018,5.050259,0.197738,4511.679384,4.019857,0.664556,0.063492,0.001132,0.000000
2019-06-21,rmt_soft,equal_weight,0.006981,0.004155,0.000049,0.000017,11.359739,0.062500,4511.679384,4.019857,0.664556,0.063492,0.001132,0.000000
2019-06-21,rmt_soft,inverse_variance,0.002976,0.003660,0.000009,0.000013,14.944161,0.222764,4511.679384,4.019857,0.664556,0.063492,0.001132,0.000000
2019-06-21,rmt_soft,minimum_variance,0.002737,0.004630,0.000007,0.000021,4.742184,0.208210,4511.679384,4.019857,0.664556,0.063492,0.001132,0.000000
2019-06-21,rmt_soft,risk_parity,0.003174,0.003815,0.000010,0.000015,16.000000,0.168537,4511.679384,4.019857,0.664556,0.063492,0.001132,0.000000
2019-06-21,rmt_soft,hrp,0.002623,0.004096,0.000007,0.000017,4.735873,0.301880,4511.679384,4.019857,0.664556,0.063492,0.001132,0.000000
2019-06-21,rmt_soft,max_diversification,0.002816,0.004225,0.000008,0.000018,5.413902,0.193521,4511.679384,4.019857,0.664556,0.063492,0.001132,0.000000
2019-06-21,rmt_rie,equal_weight,0.006559,0.004155,0.000043,0.000017,11.362279,0.062500,4511.679384,4.019857,0.664556,0.063492,0.001132,0.000000
2019-06-21,rmt_rie,inverse_variance,0.002806,0.003619,0.000008,0.000013,14.820714,0.228045,4511.679384,4.019857,0.664556,0.063492,0.001132,0.000000
2019-06-21,rmt_rie,minimum_variance,0.002669,0.004638,0.000007,0.000022,5.299689,0.194733,4511.679384,4.019857,0.664556,0.063492,0.001132,0.000000
2019-06-21,rmt_rie,risk_parity,0.003031,0.003812,0.000009,0.000015,16.000000,0.166204,4511.679384,4.019857,0.664556,0.063492,0.001132,0.000000
2019-06-21,rmt_rie,hrp,0.002428,0.003967,0.000006,0.000016,4.419839,0.306319,4511.679384,4.019857,0.664556,0.063492,0.001132,0.000000
2019-06-21,rmt_rie,max_diversification,0.002762,0.004214,0.000008,0.000018,6.021772,0.186941,4511.679384,4.019857,0.664556,0.063492,0.001132,0.000000
2019-06-21,factor_model,equal_weight,0.007033,0.004155,0.000049,0.000017,11.305064,0.062500,4511.679384,4.019857,0.664556,0.063492,0.001132,0.000000
2019-06-21,factor_model,inverse_variance,0.002762,0.003645,0.000008,0.000013,13.440355,0.225904,4511.679384,4.019857,0.664556,0.063492,0.001132,0.000000
2019-06-21,factor_model,minimum_variance,0.002428,0.004851,0.000006,0.000024,4.895101,0.197165,4511.679384,4.019857,0.664556,0.063492,0.001132,0.000000
2019-06-21,factor_model,risk_parity,0.002423,0.003864,0.000006,0.000015,16.000000,0.211955,4511.679384,4.019857,0.664556,0.063492,0.001132,0.000000
2019-06-21,factor_model,hrp,0.002137,0.004135,0.000005,0.000017,3.412123,0.350013,4511.679384,4.019857,0.664556,0.063492,0.001132,0.000000
2019-06-21,factor_model,max_diversification,0.002487,0.004514,0.000006,0.000020,5.882879,0.190849,4511.679384,4.019857,0.664556,0.063492,0.001132,0.000000
2019-07-23,sample,equal_weight,0.006982,0.009219,0.000049,0.000085,11.537739,0.062500,4546.962820,4.076540,0.659083,0.063492,0.001118,0.000000
2019-07-23,sample,inverse_variance,0.003191,0.003425,0.000010,0.000012,14.905745,0.218434,4546.962820,4.076540,0.659083,0.063492,0.001118,0.000000
2019-07-23,sample,minimum_variance,0.002990,0.003699,0.000009,0.000014,5.008157,0.202128,4546.962820,4.076540,0.659083,0.063492,0.001118,0.000000
2019-07-23,sample,risk_parity,0.003431,0.003725,0.000012,0.000014,16.000000,0.159039,4546.962820,4.076540,0.659083,0.063492,0.001118,0.000000
2019-07-23,sample,hrp,0.002816,0.003173,0.000008,0.000010,5.481325,0.291157,4546.962820,4.076540,0.659083,0.063492,0.001118,0.000000
2019-07-23,sample,max_diversification,0.003070,0.003649,0.000009,0.000013,5.839482,0.188326,4546.962820,4.076540,0.659083,0.063492,0.001118,0.000000
2019-07-23,ledoit_wolf,equal_weight,0.006867,0.009219,0.000047,0.000085,11.567950,0.062500,4546.962820,4.076540,0.659083,0.063492,0.001118,0.000000
2019-07-23,ledoit_wolf,inverse_variance,0.003619,0.004022,0.000013,0.000016,15.028109,0.162424,4546.962820,4.076540,0.659083,0.063492,0.001118,0.000000
2019-07-23,ledoit_wolf,minimum_variance,0.003052,0.003678,0.000009,0.000014,5.262665,0.197181,4546.962820,4.076540,0.659083,0.063492,0.001118,0.000000
2019-07-23,ledoit_wolf,risk_parity,0.003614,0.003961,0.000013,0.000016,16.000000,0.136280,4546.962820,4.076540,0.659083,0.063492,0.001118,0.000000
2019-07-23,ledoit_wolf,hrp,0.003056,0.003290,0.000009,0.000011,6.540671,0.233698,4546.962820,4.076540,0.659083,0.063492,0.001118,0.000000
2019-07-23,ledoit_wolf,max_diversification,0.003131,0.003651,0.000010,0.000013,6.140118,0.185815,4546.962820,4.076540,0.659083,0.063492,0.001118,0.000000
2019-07-23,constant_corr,equal_weight,0.006959,0.009219,0.000048,0.000085,11.568352,0.062500,4546.962820,4.076540,0.659083,0.063492,0.001118,0.000000
2019-07-23,constant_corr,inverse_variance,0.003195,0.003425,0.000010,0.000012,14.879368,0.218434,4546.962820,4.076540,0.659083,0.063492,0.001118,0.000000
2019-07-23,constant_corr,minimum_variance,0.003006,0.003699,0.000009,0.000014,5.045522,0.201223,4546.962820,4.076540,0.659083,0.063492,0.001118,0.000000
2019-07-23,constant_corr,risk_parity,0.003446,0.003740,0.000012,0.000014,16.000000,0.158063,4546.962820,4.076540,0.659083,0.063492,0.001118,0.000000
2019-07-23,constant_corr,hrp,0.002819,0.003170,0.000008,0.000010,5.528268,0.290942,4546.962820,4.076540,0.659083,0.063492,0.001118,0.000000
2019-07-23,constant_corr,max_diversification,0.003089,0.003649,0.000010,0.000013,5.901754,0.187689,4546.962820,4.076540,0.659083,0.063492,0.001118,0.000000
2019-07-23,rmt_hard,equal_weight,0.006983,0.009219,0.000049,0.000085,11.537088,0.062500,4546.962820,4.076540,0.659083,0.063492,0.001118,0.000000
2019-07-23,rmt_hard,inverse_variance,0.003240,0.003504,0.000011,0.000012,14.917170,0.210649,4546.962820,4.076540,0.659083,0.063492,0.001118,0.000000
2019-07-23,rmt_hard,minimum_variance,0.002949,0.003731,0.000009,0.000014,4.613815,0.211484,4546.962820,4.076540,0.659083,0.063492,0.001118,0.000000
2019-07-23,rmt_hard,risk_parity,0.003430,0.003726,0.000012,0.000014,16.000000,0.158743,4546.962820,4.076540,0.659083,0.063492,0.001118,0.000000
2019-07-23,rmt_hard,hrp,0.002837,0.003197,0.000008,0.000010,5.546286,0.286534,4546.962820,4.076540,0.659083,0.063492,0.001118,0.000000
2019-07-23,rmt_hard,max_diversification,0.003023,0.003662,0.000009,0.000013,5.493077,0.192348,4546.962820,4.076540,0.659083,0.063492,0.001118,0.000000
2019-07-23,rmt_soft,equal_weight,0.006983,0.009219,0.000049,0.000085,11.537013,0.062500,4546.962820,4.076540,0.659083,0.063492,0.001118,0.000000
2019-07-23,rmt_soft,inverse_variance,0.003204,0.003447,0.000010,0.000012,14.934711,0.215456,4546.962820,4.076540,0.659083,0.063492,0.001118,0.000000
2019-07-23,rmt_soft,minimum_variance,0.002984,0.003707,0.000009,0.000014,4.904193,0.204253,4546.962820,4.076540,0.659083,0.063492,0.001118,0.000000
2019-07-23,rmt_soft,risk_parity,0.003432,0.003726,0.000012,0.000014,16.000000,0.158782,4546.962820,4.076540,0.659083,0.063492,0.001118,0.000000
2019-07-23,rmt_soft,hrp,0.002829,0.003199,0.000008,0.000010,5.420306,0.289961,4546.962820,4.076540,0.659083,0.063492,0.001118,0.000000
2019-07-23,rmt_soft,max_diversification,0.003063,0.003653,0.000009,0.000013,5.774532,0.189054,4546.962820,4.076540,0.659083,0.063492,0.001118,0.000000
2019-07-23,rmt_rie,equal_weight,0.006560,0.009219,0.000043,0.000085,11.538433,0.062500,4546.962820,4.076540,0.659083,0.063492,0.001118,0.000000
2019-07-23,rmt_rie,inverse_variance,0.003003,0.003411,0.000009,0.000012,14.794413,0.221104,4546.962820,4.076540,0.659083,0.063492,0.001118,0.000000
2019-07-23,rmt_rie,minimum_variance,0.002880,0.003675,0.000008,0.000014,5.481110,0.191515,4546.962820,4.076540,0.659083,0.063492,0.001118,0.000000
2019-07-23,rmt_rie,risk_parity,0.003259,0.003757,0.000011,0.000014,16.000000,0.156991,4546.962820,4.076540,0.659083,0.063492,0.001118,0.000000
2019-07-23,rmt_rie,hrp,0.002645,0.003149,0.000007,0.000010,5.192929,0.295677,4546.962820,4.076540,0.659083,0.063492,0.001118,0.000000
2019-07-23,rmt_rie,max_diversification,0.002965,0.003647,0.000009,0.000013,6.317865,0.183147,4546.962820,4.076540,0.659083,0.063492,0.001118,0.000000
2019-07-23,factor_model,equal_weight,0.007033,0.009219,0.000049,0.000085,11.473180,0.062500,4546.962820,4.076540,0.659083,0.063492,0.001118,0.000000
2019-07-23,factor_model,inverse_variance,0.003022,0.003425,0.000009,0.000012,13.890397,0.218434,4546.962820,4.076540,0.659083,0.063492,0.001118,0.000000
2019-07-23,factor_model,minimum_variance,0.002622,0.003912,0.000007,0.000015,4.774393,0.197319,4546.962820,4.076540,0.659083,0.063492,0.001118,0.000000
2019-07-23,factor_model,risk_parity,0.002727,0.003278,0.000007,0.000011,16.000000,0.199547,4546.962820,4.076540,0.659083,0.063492,0.001118,0.000000
2019-07-23,factor_model,hrp,0.002363,0.003378,0.000006,0.000011,3.993194,0.344956,4546.962820,4.076540,0.659083,0.063492,0.001118,0.000000
2019-07-23,factor_model,max_diversification,0.002673,0.003753,0.000007,0.000014,5.763201,0.188766,4546.962820,4.076540,0.659083,0.063492,0.001118,0.000000
2019-08-21,sample,equal_weight,0.007349,0.005588,0.000054,0.000031,11.323924,0.062500,5751.470771,3.762727,0.686748,0.063492,0.001262,0.000000
2019-08-21,sample,inverse_variance,0.003312,0.003254,0.000011,0.000011,15.065446,0.212626,5751.470771,3.762727,0.686748,0.063492,0.001262,0.000000
2019-08-21,sample,minimum_variance,0.003079,0.003952,0.000009,0.000016,5.292473,0.195472,5751.470771,3.762727,0.686748,0.063492,0.001262,0.000000
2019-08-21,sample,risk_parity,0.003451,0.003470,0.000012,0.000012,16.000000,0.162498,5751.470771,3.762727,0.686748,0.063492,0.001262,0.000000
2019-08-21,sample,hrp,0.002932,0.004083,0.000009,0.000017,5.340042,0.282266,5751.470771,3.762727,0.686748,0.063492,0.001262,0.000000
2019-08-21,sample,max_diversification,0.003146,0.003707,0.000010,0.000014,5.656182,0.188868,5751.470771,3.762727,0.686748,0.063492,0.001262,0.000000
2019-08-21,ledoit_wolf,equal_weight,0.007242,0.005588,0.000052,0.000031,11.349751,0.062500,5751.470771,3.762727,0.686748,0.063492,0.001262,0.000000
2019-08-21,ledoit_wolf,inverse_variance,0.003705,0.003319,0.000014,0.000011,14.780205,0.165176,5751.470771,3.762727,0.686748,0.063492,0.001262,0.000000
2019-08-21,ledoit_wolf,minimum_variance,0.003131,0.003956,0.000010,0.000016,5.530051,0.190926,5751.470771,3.762727,0.686748,0.063492,0.001262,0.000000
2019-08-21,ledoit_wolf,risk_parity,0.003625,0.003549,0.000013,0.000013,16.000000,0.141031,5751.470771,3.762727,0.686748,0.063492,0.001262,0.000000
2019-08-21,ledoit_wolf,hrp,0.003134,0.004081,0.000010,0.000017,6.349255,0.233120,5751.470771,3.762727,0.686748,0.063492,0.001262,0.000000
2019-08-21,ledoit_wolf,max_diversification,0.003199,0.003720,0.000010,0.000014,6.080444,0.184999,5751.470771,3.762727,0.686748,0.063492,0.001262,0.000000
2019-08-21,constant_corr,equal_weight,0.007326,0.005588,0.000054,0.000031,11.347365,0.062500,5751.470771,3.762727,0.686748,0.063492,0.001262,0.000000
2019-08-21,constant_corr,inverse_variance,0.003314,0.003254,0.000011,0.000011,15.070043,0.212626,5751.470771,3.762727,0.686748,0.063492,0.001262,0.000000
2019-08-21,constant_corr,minimum_variance,0.003091,0.003963,0.000010,0.000016,5.325536,0.194697,5751.470771,3.762727,0.686748,0.063492,0.001262,0.000000
2019-08-21,constant_corr,risk_parity,0.003462,0.003469,0.000012,0.000012,16.000000,0.161782,5751.470771,3.762727,0.686748,0.063492,0.001262,0.000000
2019-08-21,constant_corr,hrp,0.002933,0.004077,0.000009,0.000017,5.376539,0.282164,5751.470771,3.762727,0.686748,0.063492,0.001262,0.000000
2019-08-21,constant_corr,max_diversification,0.003161,0.003712,0.000010,0.000014,5.743255,0.187926,5751.470771,3.762727,0.686748,0.063492,0.001262,0.000000
2019-08-21,rmt_hard,equal_weight,0.007349,0.005588,0.000054,0.000031,11.323744,0.062500,5751.470771,3.762727,0.686748,0.063492,0.001262,0.000000
2019-08-21,rmt_hard,inverse_variance,0.003362,0.003256,0.000011,0.000011,14.917795,0.205660,5751.470771,3.762727,0.686748,0.063492,0.001262,0.000000
2019-08-21,rmt_hard,minimum_variance,0.003039,0.003845,0.000009,0.000015,4.845283,0.205562,5751.470771,3.762727,0.686748,0.063492,0.001262,0.000000
2019-08-21,rmt_hard,risk_parity,0.003450,0.003472,0.000012,0.000012,16.000000,0.162268,5751.470771,3.762727,0.686748,0.063492,0.001262,0.000000
2019-08-21,rmt_hard,hrp,0.002951,0.004071,0.000009,0.000017,5.551587,0.275796,5751.470771,3.762727,0.686748,0.063492,0.001262,0.000000
2019-08-21,rmt_hard,max_diversification,0.003095,0.003635,0.000010,0.000013,5.172436,0.194894,5751.470771,3.762727,0.686748,0.063492,0.001262,0.000000
2019-08-21,rmt_soft,equal_weight,0.007349,0.005588,0.000054,0.000031,11.323561,0.062500,5751.470771,3.762727,0.686748,0.063492,0.001262,0.000000
2019-08-21,rmt_soft,inverse_variance,0.003322,0.003255,0.000011,0.000011,15.062064,0.210390,5751.470771,3.762727,0.686748,0.063492,0.001262,0.000000
2019-08-21,rmt_soft,minimum_variance,0.003074,0.003934,0.000009,0.000015,5.187973,0.197484,5751.470771,3.762727,0.686748,0.063492,0.001262,0.000000
2019-08-21,rmt_soft,risk_parity,0.003451,0.003471,0.000012,0.000012,16.000000,0.162358,5751.470771,3.762727,0.686748,0.063492,0.001262,0.000000
2019-08-21,rmt_soft,hrp,0.002940,0.004080,0.000009,0.000017,5.407206,0.279547,5751.470771,3.762727,0.686748,0.063492,0.001262,0.000000
2019-08-21,rmt_soft,max_diversification,0.003141,0.003699,0.000010,0.000014,5.553904,0.190118,5751.470771,3.762727,0.686748,0.063492,0.001262,0.000000
2019-08-21,rmt_rie,equal_weight,0.006906,0.005588,0.000048,0.000031,11.324435,0.062500,5751.470771,3.762727,0.686748,0.063492,0.001262,0.000000
2019-08-21,rmt_rie,inverse_variance,0.003117,0.003252,0.000010,0.000011,15.092730,0.214261,5751.470771,3.762727,0.686748,0.063492,0.001262,0.000000
2019-08-21,rmt_rie,minimum_variance,0.002955,0.004013,0.000009,0.000016,5.749726,0.185546,5751.470771,3.762727,0.686748,0.063492,0.001262,0.000000
2019-08-21,rmt_rie,risk_parity,0.003278,0.003468,0.000011,0.000012,16.000000,0.160713,5751.470771,3.762727,0.686748,0.063492,0.001262,0.000000
2019-08-21,rmt_rie,hrp,0.002754,0.004048,0.000008,0.000016,5.191980,0.282830,5751.470771,3.762727,0.686748,0.063492,0.001262,0.000000
2019-08-21,rmt_rie,max_diversification,0.003030,0.003749,0.000009,0.000014,6.325315,0.181556,5751.470771,3.762727,0.686748,0.063492,0.001262,0.000000
2019-08-21,factor_model,equal_weight,0.007397,0.005588,0.000055,0.000031,11.263066,0.062500,5751.470771,3.762727,0.686748,0.063492,0.001262,0.000000
2019-08-21,factor_model,inverse_variance,0.003170,0.003254,0.000010,0.000011,13.546303,0.212626,5751.470771,3.762727,0.686748,0.063492,0.001262,0.000000
2019-08-21,factor_model,minimum_variance,0.002640,0.004350,0.000007,0.000019,4.877621,0.196148,5751.470771,3.762727,0.686748,0.063492,0.001262,0.000000
2019-08-21,factor_model,risk_parity,0.002810,0.003594,0.000008,0.000013,16.000000,0.198219,5751.470771,3.762727,0.686748,0.063492,0.001262,0.000000
2019-08-21,factor_model,hrp,0.002563,0.004167,0.000007,0.000017,4.298136,0.329578,5751.470771,3.762727,0.686748,0.063492,0.001262,0.000000
2019-08-21,factor_model,max_diversification,0.002668,0.004215,0.000007,0.000018,5.395506,0.191166,5751.470771,3.762727,0.686748,0.063492,0.001262,0.000000
2019-09-20,sample,equal_weight,0.007477,0.006100,0.000056,0.000037,11.208867,0.062500,6222.197754,3.730188,0.689260,0.063492,0.001323,0.000000
2019-09-20,sample,inverse_variance,0.003493,0.003060,0.000012,0.000009,14.899133,0.202788,6222.197754,3.730188,0.689260,0.063492,0.001323,0.000000
2019-09-20,sample,minimum_variance,0.003183,0.003804,0.000010,0.000014,5.150463,0.197370,6222.197754,3.730188,0.689260,0.063492,0.001323,0.000000
2019-09-20,sample,risk_parity,0.003580,0.003217,0.000013,0.000010,16.000000,0.157397,6222.197754,3.730188,0.689260,0.063492,0.001323,0.000000
2019-09-20,sample,hrp,0.003150,0.003309,0.000010,0.000011,6.246881,0.252972,6222.197754,3.730188,0.689260,0.063492,0.001323,0.000000
2019-09-20,sample,max_diversification,0.003238,0.003694,0.000010,0.000014,5.438246,0.191011,6222.197754,3.730188,0.689260,0.063492,0.001323,0.000000
2019-09-20,ledoit_wolf,equal_weight,0.007375,0.006100,0.000054,0.000037,11.233590,0.062500,6222.197754,3.730188,0.689260,0.063492,0.001323,0.000000
2019-09-20,ledoit_wolf,inverse_variance,0.003851,0.003239,0.000015,0.000010,14.550199,0.161661,6222.197754,3.730188,0.689260,0.063492,0.001323,0.000000
2019-09-20,ledoit_wolf,minimum_variance,0.003232,0.003800,0.000010,0.000014,5.388772,0.192012,6222.197754,3.730188,0.689260,0.063492,0.001323,0.000000
2019-09-20,ledoit_wolf,risk_parity,0.003737,0.003312,0.000014,0.000011,16.000000,0.138045,6222.197754,3.730188,0.689260,0.063492,0.001323,0.000000
2019-09-20,ledoit_wolf,hrp,0.003281,0.003383,0.000011,0.000011,6.623446,0.225692,6222.197754,3.730188,0.689260,0.063492,0.001323,0.000000
2019-09-20,ledoit_wolf,max_diversification,0.003287,0.003680,0.000011,0.000014,5.817259,0.186840,6222.197754,3.730188,0.689260,0.063492,0.001323,0.000000
2019-09-20,constant_corr,equal_weight,0.007455,0.006100,0.000056,0.000037,11.230434,0.062500,6222.197754,3.730188,0.689260,0.063492,0.001323,0.000000
2019-09-20,constant_corr,inverse_variance,0.003494,0.003060,0.000012,0.000009,14.917182,0.202788,6222.197754,3.730188,0.689260,0.063492,0.001323,0.000000
2019-09-20,constant_corr,minimum_variance,0.003194,0.003805,0.000010,0.000014,5.192637,0.196259,6222.197754,3.730188,0.689260,0.063492,0.001323,0.000000
2019-09-20,constant_corr,risk_parity,0.003589,0.003218,0.000013,0.000010,16.000000,0.156795,6222.197754,3.730188,0.689260,0.063492,0.001323,0.000000
2019-09-20,constant_corr,hrp,0.003149,0.003307,0.000010,0.000011,6.275399,0.253002,6222.197754,3.730188,0.689260,0.063492,0.001323,0.000000
2019-09-20,constant_corr,max_diversification,0.003251,0.003690,0.000011,0.000014,5.511383,0.190047,6222.197754,3.730188,0.689260,0.063492,0.001323,0.000000
2019-09-20,rmt_hard,equal_weight,0.007477,0.006100,0.000056,0.000037,11.209049,0.062500,6222.197754,3.730188,0.689260,0.063492,0.001323,0.000000
2019-09-20,rmt_hard,inverse_variance,0.003547,0.003090,0.000013,0.000010,14.694511,0.195814,6222.197754,3.730188,0.689260,0.063492,0.001323,0.000000
2019-09-20,rmt_hard,minimum_variance,0.003137,0.003793,0.000010,0.000014,4.609310,0.211594,6222.197754,3.730188,0.689260,0.063492,0.001323,0.000000
2019-09-20,rmt_hard,risk_parity,0.003578,0.003218,0.000013,0.000010,16.000000,0.157248,6222.197754,3.730188,0.689260,0.063492,0.001323,0.000000
2019-09-20,rmt_hard,hrp,0.003162,0.003305,0.000010,0.000011,6.365588,0.249496,6222.197754,3.730188,0.689260,0.063492,0.001323,0.000000
2019-09-20,rmt_hard,max_diversification,0.003189,0.003706,0.000010,0.000014,4.913978,0.198913,6222.197754,3.730188,0.689260,0.063492,0.001323,0.000000
2019-09-20,rmt_soft,equal_weight,0.007478,0.006100,0.000056,0.000037,11.208765,0.062500,6222.197754,3.730188,0.689260,0.063492,0.001323,0.000000
2019-09-20,rmt_soft,inverse_variance,0.003506,0.003066,0.000012,0.000009,14.892887,0.200325,6222.197754,3.730188,0.689260,0.063492,0.001323,0.000000
2019-09-20,rmt_soft,minimum_variance,0.003178,0.003805,0.000010,0.000014,4.999141,0.200795,6222.197754,3.730188,0.689260,0.063492,0.001323,0.000000
2019-09-20,rmt_soft,risk_parity,0.003580,0.003217,0.000013,0.000010,16.000000,0.157268,6222.197754,3.730188,0.689260,0.063492,0.001323,0.000000
2019-09-20,rmt_soft,hrp,0.003154,0.003309,0.000010,0.000011,6.261595,0.251645,6222.197754,3.730188,0.689260,0.063492,0.001323,0.000000
2019-09-20,rmt_soft,max_diversification,0.003232,0.003696,0.000010,0.000014,5.340967,0.192292,6222.197754,3.730188,0.689260,0.063492,0.001323,0.000000
2019-09-20,rmt_rie,equal_weight,0.007027,0.006100,0.000049,0.000037,11.210913,0.062500,6222.197754,3.730188,0.689260,0.063492,0.001323,0.000000
2019-09-20,rmt_rie,inverse_variance,0.003280,0.003052,0.000011,0.000009,14.973764,0.204661,6222.197754,3.730188,0.689260,0.063492,0.001323,0.000000
2019-09-20,rmt_rie,minimum_variance,0.003059,0.003812,0.000009,0.000015,5.624336,0.185464,6222.197754,3.730188,0.689260,0.063492,0.001323,0.000000
2019-09-20,rmt_rie,risk_parity,0.003401,0.003224,0.000012,0.000010,16.000000,0.155643,6222.197754,3.730188,0.689260,0.063492,0.001323,0.000000
2019-09-20,rmt_rie,hrp,0.002921,0.003388,0.000009,0.000011,5.614803,0.268264,6222.197754,3.730188,0.689260,0.063492,0.001323,0.000000
2019-09-20,rmt_rie,max_diversification,0.003119,0.003678,0.000010,0.000014,6.074931,0.182624,6222.197754,3.730188,0.689260,0.063492,0.001323,0.000000
2019-09-20,factor_model,equal_weight,0.007527,0.006100,0.000057,0.000037,11.153370,0.062500,6222.197754,3.730188,0.689260,0.063492,0.001323,0.000000
2019-09-20,factor_model,inverse_variance,0.003382,0.003060,0.000011,0.000009,13.436913,0.202788,6222.197754,3.730188,0.689260,0.063492,0.001323,0.000000
2019-09-20,factor_model,minimum_variance,0.002728,0.003835,0.000007,0.000015,4.907418,0.196751,6222.197754,3.730188,0.689260,0.063492,0.001323,0.000000
2019-09-20,factor_model,risk_parity,0.002992,0.003173,0.000009,0.000010,16.000000,0.189715,6222.197754,3.730188,0.689260,0.063492,0.001323,0.000000
2019-09-20,factor_model,hrp,0.002781,0.003425,0.000008,0.000012,4.833578,0.308284,6222.197754,3.730188,0.689260,0.063492,0.001323,0.000000
2019-09-20,factor_model,max_diversification,0.002754,0.003771,0.000008,0.000014,5.182149,0.193735,6222.197754,3.730188,0.689260,0.063492,0.001323,0.000000
2019-10-21,sample,equal_weight,0.007351,0.002372,0.000054,0.000006,11.088076,0.062500,6300.693098,3.651234,0.697013,0.063492,0.001297,0.000000
2019-10-21,sample,inverse_variance,0.003546,0.002900,0.000013,0.000008,14.700865,0.188104,6300.693098,3.651234,0.697013,0.063492,0.001297,0.000000
2019-10-21,sample,minimum_variance,0.003212,0.003871,0.000010,0.000015,5.201724,0.196163,6300.693098,3.651234,0.697013,0.063492,0.001297,0.000000
2019-10-21,sample,risk_parity,0.003543,0.003101,0.000013,0.000010,16.000000,0.155664,6300.693098,3.651234,0.697013,0.063492,0.001297,0.000000
2019-10-21,sample,hrp,0.003206,0.003994,0.000010,0.000016,6.644523,0.235460,6300.693098,3.651234,0.697013,0.063492,0.001297,0.000000
2019-10-21,sample,max_diversification,0.003270,0.003524,0.000011,0.000012,5.603538,0.188609,6300.693098,3.651234,0.697013,0.063492,0.001297,0.000000
2019-10-21,ledoit_wolf,equal_weight,0.007253,0.002372,0.000053,0.000006,11.112602,0.062500,6300.693098,3.651234,0.697013,0.063492,0.001297,0.000000
2019-10-21,ledoit_wolf,inverse_variance,0.003862,0.002833,0.000015,0.000008,14.311658,0.153534,6300.693098,3.651234,0.697013,0.063492,0.001297,0.000000
2019-10-21,ledoit_wolf,minimum_variance,0.003255,0.003864,0.000011,0.000015,5.481102,0.189788,6300.693098,3.651234,0.697013,0.063492,0.001297,0.000000
2019-10-21,ledoit_wolf,risk_parity,0.003687,0.003146,0.000014,0.000010,16.000000,0.137355,6300.693098,3.651234,0.697013,0.063492,0.001297,0.000000
2019-10-21,ledoit_wolf,hrp,0.003366,0.004008,0.000011,0.000016,7.364077,0.202626,6300.693098,3.651234,0.697013,0.063492,0.001297,0.000000
2019-10-21,ledoit_wolf,max_diversification,0.003311,0.003528,0.000011,0.000012,6.065024,0.183529,6300.693098,3.651234,0.697013,0.063492,0.001297,0.000000
2019-10-21,constant_corr,equal_weight,0.007330,0.002372,0.000054,0.000006,11.109521,0.062500,6300.693098,3.651234,0.697013,0.063492,0.001297,0.000000
2019-10-21,constant_corr,inverse_variance,0.003546,0.002900,0.000013,0.000008,14.734560,0.188104,6300.693098,3.651234,0.697013,0.063492,0.001297,0.000000
2019-10-21,constant_corr,minimum_variance,0.003223,0.003875,0.000010,0.000015,5.251413,0.194878,6300.693098,3.651234,0.697013,0.063492,0.001297,0.000000
2019-10-21,constant_corr,risk_parity,0.003552,0.003097,0.000013,0.000010,16.000000,0.155060,6300.693098,3.651234,0.697013,0.063492,0.001297,0.000000
2019-10-21,constant_corr,hrp,0.003205,0.003990,0.000010,0.000016,6.673664,0.235473,6300.693098,3.651234,0.697013,0.063492,0.001297,0.000000
2019-10-21,constant_corr,max_diversification,0.003281,0.003526,0.000011,0.000012,5.683683,0.187584,6300.693098,3.651234,0.697013,0.063492,0.001297,0.000000
2019-10-21,rmt_hard,equal_weight,0.007351,0.002372,0.000054,0.000006,11.088174,0.062500,6300.693098,3.651234,0.697013,0.063492,0.001297,0.000000
2019-10-21,rmt_hard,inverse_variance,0.003585,0.002897,0.000013,0.000008,14.566359,0.183175,6300.693098,3.651234,0.697013,0.063492,0.001297,0.000000
2019-10-21,rmt_hard,minimum_variance,0.003145,0.003913,0.000010,0.000015,4.365618,0.219804,6300.693098,3.651234,0.697013,0.063492,0.001297,0.000000
2019-10-21,rmt_hard,risk_parity,0.003540,0.003103,0.000013,0.000010,16.000000,0.155583,6300.693098,3.651234,0.697013,0.063492,0.001297,0.000000
2019-10-21,rmt_hard,hrp,0.003268,0.003938,0.000011,0.000016,7.140926,0.227999,6300.693098,3.651234,0.697013,0.063492,0.001297,0.000000
2019-10-21,rmt_hard,max_diversification,0.003201,0.003535,0.000010,0.000012,4.883113,0.199484,6300.693098,3.651234,0.697013,0.063492,0.001297,0.000000
2019-10-21,rmt_soft,equal_weight,0.007352,0.002372,0.000054,0.000006,11.088052,0.062500,6300.693098,3.651234,0.697013,0.063492,0.001297,0.000000
2019-10-21,rmt_soft,inverse_variance,0.003560,0.002902,0.000013,0.000008,14.690460,0.185943,6300.693098,3.651234,0.697013,0.063492,0.001297,0.000000
2019-10-21,rmt_soft,minimum_variance,0.003202,0.003869,0.000010,0.000015,4.973287,0.201630,6300.693098,3.651234,0.697013,0.063492,0.001297,0.000000
2019-10-21,rmt_soft,risk_parity,0.003543,0.003102,0.000013,0.000010,16.000000,0.155557,6300.693098,3.651234,0.697013,0.063492,0.001297,0.000000
2019-10-21,rmt_soft,hrp,0.003210,0.003996,0.000010,0.000016,6.663869,0.234338,6300.693098,3.651234,0.697013,0.063492,0.001297,0.000000
2019-10-21,rmt_soft,max_diversification,0.003258,0.003525,0.000011,0.000012,5.455759,0.190592,6300.693098,3.651234,0.697013,0.063492,0.001297,0.000000
2019-10-21,rmt_rie,equal_weight,0.006910,0.002372,0.000048,0.000006,11.092124,0.062500,6300.693098,3.651234,0.697013,0.063492,0.001297,0.000000
2019-10-21,rmt_rie,inverse_variance,0.003332,0.002896,0.000011,0.000008,14.844763,0.189644,6300.693098,3.651234,0.697013,0.063492,0.001297,0.000000
2019-10-21,rmt_rie,minimum_variance,0.003085,0.003908,0.000010,0.000015,5.742344,0.183096,6300.693098,3.651234,0.697013,0.063492,0.001297,0.000000
2019-10-21,rmt_rie,risk_parity,0.003367,0.003098,0.000011,0.000010,16.000000,0.153792,6300.693098,3.651234,0.697013,0.063492,0.001297,0.000000
2019-10-21,rmt_rie,hrp,0.003023,0.003995,0.000009,0.000016,6.600557,0.234722,6300.693098,3.651234,0.697013,0.063492,0.001297,0.000000
2019-10-21,rmt_rie,max_diversification,0.003144,0.003569,0.000010,0.000013,6.473121,0.178104,6300.693098,3.651234,0.697013,0.063492,0.001297,0.000000
2019-10-21,factor_model,equal_weight,0.007399,0.002372,0.000055,0.000006,11.042043,0.062500,6300.693098,3.651234,0.697013,0.063492,0.001297,0.000000
2019-10-21,factor_model,inverse_variance,0.003449,0.002900,0.000012,0.000008,12.897832,0.188104,6300.693098,3.651234,0.697013,0.063492,0.001297,0.000000
2019-10-21,factor_model,minimum_variance,0.002742,0.003703,0.000008,0.000014,4.856203,0.196935,6300.693098,3.651234,0.697013,0.063492,0.001297,0.000000
2019-10-21,factor_model,risk_parity,0.002924,0.003216,0.000009,0.000010,16.000000,0.189991,6300.693098,3.651234,0.697013,0.063492,0.001297,0.000000
2019-10-21,factor_model,hrp,0.002827,0.004021,0.000008,0.000016,5.212396,0.291180,6300.693098,3.651234,0.697013,0.063492,0.001297,0.000000
2019-10-21,factor_model,max_diversification,0.002771,0.003527,0.000008,0.000012,5.271583,0.194482,6300.693098,3.651234,0.697013,0.063492,0.001297,0.000000
2019-11-19,sample,equal_weight,0.006921,0.003322,0.000048,0.000011,11.201822,0.062500,6395.357865,3.825575,0.679741,0.063492,0.001147,0.000000
2019-11-19,sample,inverse_variance,0.003720,0.002495,0.000014,0.000006,14.364892,0.167994,6395.357865,3.825575,0.679741,0.063492,0.001147,0.000000
2019-11-19,sample,minimum_variance,0.003261,0.002858,0.000011,0.000008,5.048495,0.199562,6395.357865,3.825575,0.679741,0.063492,0.001147,0.000000
2019-11-19,sample,risk_parity,0.003636,0.002708,0.000013,0.000007,16.000000,0.141939,6395.357865,3.825575,0.679741,0.063492,0.001147,0.000000
2019-11-19,sample,hrp,0.003352,0.002937,0.000011,0.000009,7.568225,0.215460,6395.357865,3.825575,0.679741,0.063492,0.001147,0.000000
2019-11-19,sample,max_diversification,0.003319,0.002665,0.000011,0.000007,5.337455,0.192650,6395.357865,3.825575,0.679741,0.063492,0.001147,0.000000
2019-11-19,ledoit_wolf,equal_weight,0.006816,0.003322,0.000046,0.000011,11.230769,0.062500,6395.357865,3.825575,0.679741,0.063492,0.001147,0.000000
2019-11-19,ledoit_wolf,inverse_variance,0.004005,0.002480,0.000016,0.000006,14.024901,0.137583,6395.357865,3.825575,0.679741,0.063492,0.001147,0.000000
2019-11-19,ledoit_wolf,minimum_variance,0.003301,0.002889,0.000011,0.000008,5.378761,0.191308,6395.357865,3.825575,0.679741,0.063492,0.001147,0.000000
2019-11-19,ledoit_wolf,risk_parity,0.003754,0.002727,0.000014,0.000007,16.000000,0.126852,6395.357865,3.825575,0.679741,0.063492,0.001147,0.000000
2019-11-19,ledoit_wolf,hrp,0.003508,0.002889,0.000012,0.000008,8.294677,0.184612,6395.357865,3.825575,0.679741,0.063492,0.001147,0.000000
2019-11-19,ledoit_wolf,max_diversification,0.003359,0.002701,0.000011,0.000007,5.855901,0.185711,6395.357865,3.825575,0.679741,0.063492,0.001147,0.000000
2019-11-19,constant_corr,equal_weight,0.006900,0.003322,0.000048,0.000011,11.231604,0.062500,6395.357865,3.825575,0.679741,0.063492,0.001147,0.000000
2019-11-19,constant_corr,inverse_variance,0.003720,0.002495,0.000014,0.000006,14.415742,0.167994,6395.357865,3.825575,0.679741,0.063492,0.001147,0.000000
2019-11-19,constant_corr,minimum_variance,0.003276,0.002869,0.000011,0.000008,5.110754,0.197784,6395.357865,3.825575,0.679741,0.063492,0.001147,0.000000
2019-11-19,constant_corr,risk_parity,0.003649,0.002704,0.000013,0.000007,16.000000,0.141292,6395.357865,3.825575,0.679741,0.063492,0.001147,0.000000
2019-11-19,constant_corr,hrp,0.003352,0.002935,0.000011,0.000009,7.607330,0.215412,6395.357865,3.825575,0.679741,0.063492,0.001147,0.000000
2019-11-19,constant_corr,max_diversification,0.003336,0.002676,0.000011,0.000007,5.454366,0.190866,6395.357865,3.825575,0.679741,0.063492,0.001147,0.000000
2019-11-19,rmt_hard,equal_weight,0.006921,0.003322,0.000048,0.000011,11.202483,0.062500,6395.357865,3.825575,0.679741,0.063492,0.001147,0.000000
2019-11-19,rmt_hard,inverse_variance,0.003766,0.002479,0.000014,0.000006,14.223444,0.162877,6395.357865,3.825575,0.679741,0.063492,0.001147,0.000000
2019-11-19,rmt_hard,minimum_variance,0.003205,0.002908,0.000010,0.000008,4.528857,0.215512,6395.357865,3.825575,0.679741,0.063492,0.001147,0.000000
2019-11-19,rmt_hard,risk_parity,0.003634,0.002709,0.000013,0.000007,16.000000,0.141987,6395.357865,3.825575,0.679741,0.063492,0.001147,0.000000
2019-11-19,rmt_hard,hrp,0.003415,0.002998,0.000012,0.000009,7.996853,0.207592,6395.357865,3.825575,0.679741,0.063492,0.001147,0.000000
2019-11-19,rmt_hard,max_diversification,0.003259,0.002685,0.000011,0.000007,4.757762,0.203215,6395.357865,3.825575,0.679741,0.063492,0.001147,0.000000
2019-11-19,rmt_soft,equal_weight,0.006921,0.003322,0.000048,0.000011,11.202264,0.062500,6395.357865,3.825575,0.679741,0.063492,0.001147,0.000000
2019-11-19,rmt_soft,inverse_variance,0.003741,0.002488,0.000014,0.000006,14.342797,0.165289,6395.357865,3.825575,0.679741,0.063492,0.001147,0.000000
2019-11-19,rmt_soft,minimum_variance,0.003252,0.002861,0.000011,0.000008,4.859532,0.204317,6395.357865,3.825575,0.679741,0.063492,0.001147,0.000000
2019-11-19,rmt_soft,risk_parity,0.003636,0.002708,0.000013,0.000007,16.000000,0.141932,6395.357865,3.825575,0.679741,0.063492,0.001147,0.000000
2019-11-19,rmt_soft,hrp,0.003359,0.002931,0.000011,0.000009,7.600568,0.213941,6395.357865,3.825575,0.679741,0.063492,0.001147,0.000000
2019-11-19,rmt_soft,max_diversification,0.003307,0.002670,0.000011,0.000007,5.164864,0.195394,6395.357865,3.825575,0.679741,0.063492,0.001147,0.000000
2019-11-19,rmt_rie,equal_weight,0.006501,0.003322,0.000042,0.000011,11.204324,0.062500,6395.357865,3.825575,0.679741,0.063492,0.001147,0.000000
2019-11-19,rmt_rie,inverse_variance,0.003466,0.002503,0.000012,0.000006,14.482483,0.170549,6395.357865,3.825575,0.679741,0.063492,0.001147,0.000000
2019-11-19,rmt_rie,minimum_variance,0.003109,0.002926,0.000010,0.000009,5.634383,0.184911,6395.357865,3.825575,0.679741,0.063492,0.001147,0.000000
2019-11-19,rmt_rie,risk_parity,0.003423,0.002705,0.000012,0.000007,16.000000,0.141540,6395.357865,3.825575,0.679741,0.063492,0.001147,0.000000
2019-11-19,rmt_rie,hrp,0.003188,0.003003,0.000010,0.000009,7.863619,0.211736,6395.357865,3.825575,0.679741,0.063492,0.001147,0.000000
2019-11-19,rmt_rie,max_diversification,0.003169,0.002730,0.000010,0.000007,6.205648,0.180980,6395.357865,3.825575,0.679741,0.063492,0.001147,0.000000
2019-11-19,factor_model,equal_weight,0.006981,0.003322,0.000049,0.000011,11.224156,0.062500,6395.357865,3.825575,0.679741,0.063492,0.001147,0.000000
2019-11-19,factor_model,inverse_variance,0.003709,0.002495,0.000014,0.000006,13.228557,0.167994,6395.357865,3.825575,0.679741,0.063492,0.001147,0.000000
2019-11-19,factor_model,minimum_variance,0.002942,0.003005,0.000009,0.000009,5.164780,0.193614,6395.357865,3.825575,0.679741,0.063492,0.001147,0.000000
2019-11-19,factor_model,risk_parity,0.003202,0.002838,0.000010,0.000008,16.000000,0.169342,6395.357865,3.825575,0.679741,0.063492,0.001147,0.000000
2019-11-19,factor_model,hrp,0.003150,0.003068,0.000010,0.000009,6.764198,0.252050,6395.357865,3.825575,0.679741,0.063492,0.001147,0.000000
2019-11-19,factor_model,max_diversification,0.002994,0.002781,0.000009,0.000008,5.874464,0.188071,6395.357865,3.825575,0.679741,0.063492,0.001147,0.000000
2019-12-19,sample,equal_weight,0.006374,0.002915,0.000041,0.000008,11.178437,0.062500,7570.920928,4.040681,0.660531,0.063492,0.000987,0.000000
2019-12-19,sample,inverse_variance,0.003817,0.001877,0.000015,0.000004,13.832386,0.142006,7570.920928,4.040681,0.660531,0.063492,0.000987,0.000000
2019-12-19,sample,minimum_variance,0.003192,0.002564,0.000010,0.000007,4.905598,0.200920,7570.920928,4.040681,0.660531,0.063492,0.000987,0.000000
2019-12-19,sample,risk_parity,0.003589,0.002036,0.000013,0.000004,16.000000,0.131407,7570.920928,4.040681,0.660531,0.063492,0.000987,0.000000
2019-12-19,sample,hrp,0.003420,0.001967,0.000012,0.000004,8.564833,0.185829,7570.920928,4.040681,0.660531,0.063492,0.000987,0.000000
2019-12-19,sample,max_diversification,0.003239,0.002776,0.000010,0.000008,4.872766,0.200979,7570.920928,4.040681,0.660531,0.063492,0.000987,0.000000
2019-12-19,ledoit_wolf,equal_weight,0.006263,0.002915,0.000039,0.000008,11.214261,0.062500,7570.920928,4.040681,0.660531,0.063492,0.000987,0.000000
2019-12-19,ledoit_wolf,inverse_variance,0.004048,0.001946,0.000016,0.000004,13.568438,0.118663,7570.920928,4.040681,0.660531,0.063492,0.000987,0.000000
2019-12-19,ledoit_wolf,minimum_variance,0.003231,0.002526,0.000010,0.000006,5.300307,0.190835,7570.920928,4.040681,0.660531,0.063492,0.000987,0.000000
2019-12-19,ledoit_wolf,risk_parity,0.003685,0.002073,0.000014,0.000004,16.000000,0.117679,7570.920928,4.040681,0.660531,0.063492,0.000987,0.000000
2019-12-19,ledoit_wolf,hrp,0.003549,0.001979,0.000013,0.000004,9.169137,0.160861,7570.920928,4.040681,0.660531,0.063492,0.000987,0.000000
2019-12-19,ledoit_wolf,max_diversification,0.003281,0.002725,0.000011,0.000007,5.301460,0.192727,7570.920928,4.040681,0.660531,0.063492,0.000987,0.000000
2019-12-19,constant_corr,equal_weight,0.006353,0.002915,0.000040,0.000008,11.228817,0.062500,7570.920928,4.040681,0.660531,0.063492,0.000987,0.000000
2019-12-19,constant_corr,inverse_variance,0.003820,0.001877,0.000015,0.000004,13.931060,0.142006,7570.920928,4.040681,0.660531,0.063492,0.000987,0.000000
2019-12-19,constant_corr,minimum_variance,0.003221,0.002550,0.000010,0.000007,4.999830,0.198062,7570.920928,4.040681,0.660531,0.063492,0.000987,0.000000
2019-12-19,constant_corr,risk_parity,0.003610,0.002034,0.000013,0.000004,16.000000,0.130426,7570.920928,4.040681,0.660531,0.063492,0.000987,0.000000
2019-12-19,constant_corr,hrp,0.003424,0.001964,0.000012,0.000004,8.636323,0.185676,7570.920928,4.040681,0.660531,0.063492,0.000987,0.000000
2019-12-19,constant_corr,max_diversification,0.003271,0.002759,0.000011,0.000008,4.993265,0.198294,7570.920928,4.040681,0.660531,0.063492,0.000987,0.000000
2019-12-19,rmt_hard,equal_weight,0.006375,0.002915,0.000041,0.000008,11.179580,0.062500,7570.920928,4.040681,0.660531,0.063492,0.000987,0.000000
2019-12-19,rmt_hard,inverse_variance,0.003873,0.001884,0.000015,0.000004,13.686606,0.136929,7570.920928,4.040681,0.660531,0.063492,0.000987,0.000000
2019-12-19,rmt_hard,minimum_variance,0.003148,0.002511,0.000010,0.000006,4.671648,0.209713,7570.920928,4.040681,0.660531,0.063492,0.000987,0.000000
2019-12-19,rmt_hard,risk_parity,0.003590,0.002037,0.000013,0.000004,16.000000,0.131082,7570.920928,4.040681,0.660531,0.063492,0.000987,0.000000
2019-12-19,rmt_hard,hrp,0.003484,0.001986,0.000012,0.000004,8.927854,0.178890,7570.920928,4.040681,0.660531,0.063492,0.000987,0.000000
2019-12-19,rmt_hard,max_diversification,0.003192,0.002733,0.000010,0.000007,4.515205,0.210244,7570.920928,4.040681,0.660531,0.063492,0.000987,0.000000
2019-12-19,rmt_soft,equal_weight,0.006375,0.002915,0.000041,0.000008,11.179371,0.062500,7570.920928,4.040681,0.660531,0.063492,0.000987,0.000000
2019-12-19,rmt_soft,inverse_variance,0.003848,0.001880,0.000015,0.000004,13.800846,0.138906,7570.920928,4.040681,0.660531,0.063492,0.000987,0.000000
2019-12-19,rmt_soft,minimum_variance,0.003185,0.002543,0.000010,0.000006,4.803074,0.203763,7570.920928,4.040681,0.660531,0.063492,0.000987,0.000000
2019-12-19,rmt_soft,risk_parity,0.003591,0.002037,0.000013,0.000004,16.000000,0.131125,7570.920928,4.040681,0.660531,0.063492,0.000987,0.000000
2019-12-19,rmt_soft,hrp,0.003481,0.001987,0.000012,0.000004,8.888665,0.179706,7570.920928,4.040681,0.660531,0.063492,0.000987,0.000000
2019-12-19,rmt_soft,max_diversification,0.003231,0.002775,0.000010,0.000008,4.734088,0.204112,7570.920928,4.040681,0.660531,0.063492,0.000987,0.000000
2019-12-19,rmt_rie,equal_weight,0.005986,0.002915,0.000036,0.000008,11.171965,0.062500,7570.920928,4.040681,0.660531,0.063492,0.000987,0.000000
2019-12-19,rmt_rie,inverse_variance,0.003543,0.001869,0.000013,0.000003,13.968093,0.144913,7570.920928,4.040681,0.660531,0.063492,0.000987,0.000000
2019-12-19,rmt_rie,minimum_variance,0.003047,0.002502,0.000009,0.000006,5.470589,0.185342,7570.920928,4.040681,0.660531,0.063492,0.000987,0.000000
2019-12-19,rmt_rie,risk_parity,0.003369,0.002033,0.000011,0.000004,16.000000,0.131239,7570.920928,4.040681,0.660531,0.063492,0.000987,0.000000
2019-12-19,rmt_rie,hrp,0.003232,0.001985,0.000010,0.000004,8.796735,0.184001,7570.920928,4.040681,0.660531,0.063492,0.000987,0.000000
2019-12-19,rmt_rie,max_diversification,0.003101,0.002688,0.000010,0.000007,5.510772,0.188654,7570.920928,4.040681,0.660531,0.063492,0.000987,0.000000
2019-12-19,factor_model,equal_weight,0.006442,0.002915,0.000042,0.000008,11.243163,0.062500,7570.920928,4.040681,0.660531,0.063492,0.000987,0.000000
2019-12-19,factor_model,inverse_variance,0.003856,0.001877,0.000015,0.000004,13.160258,0.142006,7570.920928,4.040681,0.660531,0.063492,0.000987,0.000000
2019-12-19,factor_model,minimum_variance,0.002982,0.002822,0.000009,0.000008,5.083170,0.194512,7570.920928,4.040681,0.660531,0.063492,0.000987,0.000000
2019-12-19,factor_model,risk_parity,0.003307,0.002096,0.000011,0.000004,16.000000,0.152939,7570.920928,4.040681,0.660531,0.063492,0.000987,0.000000
2019-12-19,factor_model,hrp,0.003334,0.001970,0.000011,0.000004,8.186492,0.210031,7570.920928,4.040681,0.660531,0.063492,0.000987,0.000000
2019-12-19,factor_model,max_diversification,0.003033,0.003048,0.000009,0.000009,5.717022,0.187029,7570.920928,4.040681,0.660531,0.063492,0.000987,0.000000
2020-01-22,sample,equal_weight,0.005221,0.005317,0.000027,0.000028,11.079753,0.062500,5596.997990,4.897417,0.591204,0.063492,0.000693,0.000000
2020-01-22,sample,inverse_variance,0.003519,0.002696,0.000012,0.000007,13.618784,0.121645,5596.997990,4.897417,0.591204,0.063492,0.000693,0.000000
2020-01-22,sample,minimum_variance,0.002982,0.002171,0.000009,0.000005,5.809723,0.177488,5596.997990,4.897417,0.591204,0.063492,0.000693,0.000000
2020-01-22,sample,risk_parity,0.003316,0.002258,0.000011,0.000005,16.000000,0.113010,5596.997990,4.897417,0.591204,0.063492,0.000693,0.000000
2020-01-22,sample,hrp,0.003283,0.001890,0.000011,0.000004,9.793886,0.150860,5596.997990,4.897417,0.591204,0.063492,0.000693,0.000000
2020-01-22,sample,max_diversification,0.003026,0.002283,0.000009,0.000005,5.520095,0.183841,5596.997990,4.897417,0.591204,0.063492,0.000693,0.000000
2020-01-22,ledoit_wolf,equal_weight,0.005147,0.005317,0.000026,0.000028,11.114023,0.062500,5596.997990,4.897417,0.591204,0.063492,0.000693,0.000000
2020-01-22,ledoit_wolf,inverse_variance,0.003629,0.002913,0.000013,0.000008,13.474819,0.108530,5596.997990,4.897417,0.591204,0.063492,0.000693,0.000000
2020-01-22,ledoit_wolf,minimum_variance,0.002995,0.002114,0.000009,0.000004,6.275474,0.168621,5596.997990,4.897417,0.591204,0.063492,0.000693,0.000000
2020-01-22,ledoit_wolf,risk_parity,0.003356,0.002336,0.000011,0.000005,16.000000,0.105289,5596.997990,4.897417,0.591204,0.063492,0.000693,0.000000
2020-01-22,ledoit_wolf,hrp,0.003347,0.002006,0.000011,0.000004,10.085879,0.136844,5596.997990,4.897417,0.591204,0.063492,0.000693,0.000000
2020-01-22,ledoit_wolf,max_diversification,0.003040,0.002267,0.000009,0.000005,5.838072,0.177835,5596.997990,4.897417,0.591204,0.063492,0.000693,0.000000
2020-01-22,constant_corr,equal_weight,0.005205,0.005317,0.000027,0.000028,11.138798,0.062500,5596.997990,4.897417,0.591204,0.063492,0.000693,0.000000
2020-01-22,constant_corr,inverse_variance,0.003519,0.002696,0.000012,0.000007,13.706931,0.121645,5596.997990,4.897417,0.591204,0.063492,0.000693,0.000000
2020-01-22,constant_corr,minimum_variance,0.003004,0.002140,0.000009,0.000005,5.989561,0.173679,5596.997990,4.897417,0.591204,0.063492,0.000693,0.000000
2020-01-22,constant_corr,risk_parity,0.003330,0.002273,0.000011,0.000005,16.000000,0.112302,5596.997990,4.897417,0.591204,0.063492,0.000693,0.000000
2020-01-22,constant_corr,hrp,0.003282,0.001891,0.000011,0.000004,9.857194,0.150797,5596.997990,4.897417,0.591204,0.063492,0.000693,0.000000
2020-01-22,constant_corr,max_diversification,0.003051,0.002272,0.000009,0.000005,5.625903,0.181530,5596.997990,4.897417,0.591204,0.063492,0.000693,0.000000
2020-01-22,rmt_hard,equal_weight,0.005222,0.005317,0.000027,0.000028,11.082675,0.062500,5596.997990,4.897417,0.591204,0.063492,0.000693,0.000000
2020-01-22,rmt_hard,inverse_variance,0.003577,0.002782,0.000013,0.000008,13.514893,0.116178,5596.997990,4.897417,0.591204,0.063492,0.000693,0.000000
2020-01-22,rmt_hard,minimum_variance,0.002959,0.002224,0.000009,0.000005,5.137144,0.194218,5596.997990,4.897417,0.591204,0.063492,0.000693,0.000000
2020-01-22,rmt_hard,risk_parity,0.003315,0.002256,0.000011,0.000005,16.000000,0.112954,5596.997990,4.897417,0.591204,0.063492,0.000693,0.000000
2020-01-22,rmt_hard,hrp,0.003256,0.001846,0.000011,0.000003,9.852899,0.153800,5596.997990,4.897417,0.591204,0.063492,0.000693,0.000000
2020-01-22,rmt_hard,max_diversification,0.003004,0.002306,0.000009,0.000005,5.101019,0.192403,5596.997990,4.897417,0.591204,0.063492,0.000693,0.000000
2020-01-22,rmt_soft,equal_weight,0.005222,0.005317,0.000027,0.000028,11.082450,0.062500,5596.997990,4.897417,0.591204,0.063492,0.000693,0.000000
2020-01-22,rmt_soft,inverse_variance,0.003557,0.002752,0.000013,0.000008,13.609952,0.117828,5596.997990,4.897417,0.591204,0.063492,0.000693,0.000000
2020-01-22,rmt_soft,minimum_variance,0.002983,0.002200,0.000009,0.000005,5.677001,0.180221,5596.997990,4.897417,0.591204,0.063492,0.000693,0.000000
2020-01-22,rmt_soft,risk_parity,0.003316,0.002258,0.000011,0.000005,16.000000,0.112914,5596.997990,4.897417,0.591204,0.063492,0.000693,0.000000
2020-01-22,rmt_soft,hrp,0.003295,0.001900,0.000011,0.000004,9.813737,0.149078,5596.997990,4.897417,0.591204,0.063492,0.000693,0.000000
2020-01-22,rmt_soft,max_diversification,0.003028,0.002287,0.000009,0.000005,5.406848,0.185605,5596.997990,4.897417,0.591204,0.063492,0.000693,0.000000
2020-01-22,rmt_rie,equal_weight,0.004903,0.005317,0.000024,0.000028,11.089180,0.062500,5596.997990,4.897417,0.591204,0.063492,0.000693,0.000000
2020-01-22,rmt_rie,inverse_variance,0.003280,0.002643,0.000011,0.000007,13.718534,0.124200,5596.997990,4.897417,0.591204,0.063492,0.000693,0.000000
2020-01-22,rmt_rie,minimum_variance,0.002854,0.002032,0.000008,0.000004,6.651088,0.161540,5596.997990,4.897417,0.591204,0.063492,0.000693,0.000000
2020-01-22,rmt_rie,risk_parity,0.003126,0.002269,0.000010,0.000005,16.000000,0.112314,5596.997990,4.897417,0.591204,0.063492,0.000693,0.000000
2020-01-22,rmt_rie,hrp,0.003063,0.001847,0.000009,0.000003,9.805319,0.153770,5596.997990,4.897417,0.591204,0.063492,0.000693,0.000000
2020-01-22,rmt_rie,max_diversification,0.002900,0.002212,0.000008,0.000005,6.093583,0.172680,5596.997990,4.897417,0.591204,0.063492,0.000693,0.000000
2020-01-22,factor_model,equal_weight,0.005313,0.005317,0.000028,0.000028,11.247139,0.062500,5596.997990,4.897417,0.591204,0.063492,0.000693,0.000000
2020-01-22,factor_model,inverse_variance,0.003600,0.002696,0.000013,0.000007,13.502744,0.121645,5596.997990,4.897417,0.591204,0.063492,0.000693,0.000000
2020-01-22,factor_model,minimum_variance,0.002936,0.001773,0.000009,0.000003,4.860032,0.199594,5596.997990,4.897417,0.591204,0.063492,0.000693,0.000000
2020-01-22,factor_model,risk_parity,0.003252,0.002102,0.000011,0.000004,16.000000,0.126416,5596.997990,4.897417,0.591204,0.063492,0.000693,0.000000
2020-01-22,factor_model,hrp,0.003284,0.001753,0.000011,0.000003,9.690691,0.165789,5596.997990,4.897417,0.591204,0.063492,0.000693,0.000000
2020-01-22,factor_model,max_diversification,0.002993,0.002025,0.000009,0.000004,5.230019,0.193748,5596.997990,4.897417,0.591204,0.063492,0.000693,0.000000
2020-02-21,sample,equal_weight,0.005217,0.040946,0.000027,0.001677,10.762409,0.062500,6004.265424,4.732401,0.603367,0.063492,0.000714,0.000000
2020-02-21,sample,inverse_variance,0.003474,0.027854,0.000012,0.000776,12.986890,0.120121,6004.265424,4.732401,0.603367,0.063492,0.000714,0.000000
2020-02-21,sample,minimum_variance,0.002934,0.021676,0.000009,0.000470,6.610795,0.162162,6004.265424,4.732401,0.603367,0.063492,0.000714,0.000000
2020-02-21,sample,risk_parity,0.003190,0.024109,0.000010,0.000581,16.000000,0.117400,6004.265424,4.732401,0.603367,0.063492,0.000714,0.000000
2020-02-21,sample,hrp,0.003161,0.022995,0.000010,0.000529,9.284254,0.156750,6004.265424,4.732401,0.603367,0.063492,0.000714,0.000000
2020-02-21,sample,max_diversification,0.002989,0.022467,0.000009,0.000505,5.826505,0.177828,6004.265424,4.732401,0.603367,0.063492,0.000714,0.000000
2020-02-21,ledoit_wolf,equal_weight,0.005145,0.040946,0.000026,0.001677,10.796692,0.062500,6004.265424,4.732401,0.603367,0.063492,0.000714,0.000000
2020-02-21,ledoit_wolf,inverse_variance,0.003583,0.029152,0.000013,0.000850,12.888349,0.107978,6004.265424,4.732401,0.603367,0.063492,0.000714,0.000000
2020-02-21,ledoit_wolf,minimum_variance,0.002944,0.021678,0.000009,0.000470,6.976922,0.156549,6004.265424,4.732401,0.603367,0.063492,0.000714,0.000000
2020-02-21,ledoit_wolf,risk_parity,0.003240,0.024774,0.000010,0.000614,16.000000,0.108447,6004.265424,4.732401,0.603367,0.063492,0.000714,0.000000
2020-02-21,ledoit_wolf,hrp,0.003225,0.024095,0.000010,0.000581,9.581125,0.142976,6004.265424,4.732401,0.603367,0.063492,0.000714,0.000000
2020-02-21,ledoit_wolf,max_diversification,0.002999,0.022497,0.000009,0.000506,6.107421,0.172714,6004.265424,4.732401,0.603367,0.063492,0.000714,0.000000
2020-02-21,constant_corr,equal_weight,0.005201,0.040946,0.000027,0.001677,10.822408,0.062500,6004.265424,4.732401,0.603367,0.063492,0.000714,0.000000
2020-02-21,constant_corr,inverse_variance,0.003474,0.027854,0.000012,0.000776,13.096140,0.120121,6004.265424,4.732401,0.603367,0.063492,0.000714,0.000000
2020-02-21,constant_corr,minimum_variance,0.002955,0.021641,0.000009,0.000468,6.774887,0.159457,6004.265424,4.732401,0.603367,0.063492,0.000714,0.000000
2020-02-21,constant_corr,risk_parity,0.003206,0.024218,0.000010,0.000586,16.000000,0.116601,6004.265424,4.732401,0.603367,0.063492,0.000714,0.000000
2020-02-21,constant_corr,hrp,0.003162,0.023011,0.000010,0.000530,9.352258,0.156583,6004.265424,4.732401,0.603367,0.063492,0.000714,0.000000
2020-02-21,constant_corr,max_diversification,0.003013,0.022459,0.000009,0.000504,5.910906,0.176032,6004.265424,4.732401,0.603367,0.063492,0.000714,0.000000
2020-02-21,rmt_hard,equal_weight,0.005217,0.040946,0.000027,0.001677,10.765903,0.062500,6004.265424,4.732401,0.603367,0.063492,0.000714,0.000000
2020-02-21,rmt_hard,inverse_variance,0.003534,0.028574,0.000012,0.000816,12.871611,0.114776,6004.265424,4.732401,0.603367,0.063492,0.000714,0.000000
2020-02-21,rmt_hard,minimum_variance,0.002916,0.022143,0.000009,0.000490,5.807578,0.177113,6004.265424,4.732401,0.603367,0.063492,0.000714,0.000000
2020-02-21,rmt_hard,risk_parity,0.003189,0.024109,0.000010,0.000581,16.000000,0.117331,6004.265424,4.732401,0.603367,0.063492,0.000714,0.000000
2020-02-21,rmt_hard,hrp,0.003251,0.023953,0.000011,0.000574,9.470116,0.145923,6004.265424,4.732401,0.603367,0.063492,0.000714,0.000000
2020-02-21,rmt_hard,max_diversification,0.002972,0.022506,0.000009,0.000507,5.588120,0.181337,6004.265424,4.732401,0.603367,0.063492,0.000714,0.000000
2020-02-21,rmt_soft,equal_weight,0.005217,0.040946,0.000027,0.001677,10.765788,0.062500,6004.265424,4.732401,0.603367,0.063492,0.000714,0.000000
2020-02-21,rmt_soft,inverse_variance,0.003515,0.028305,0.000012,0.000801,12.959333,0.116340,6004.265424,4.732401,0.603367,0.063492,0.000714,0.000000
2020-02-21,rmt_soft,minimum_variance,0.002940,0.021752,0.000009,0.000473,6.561277,0.162757,6004.265424,4.732401,0.603367,0.063492,0.000714,0.000000
2020-02-21,rmt_soft,risk_parity,0.003191,0.024115,0.000010,0.000582,16.000000,0.117235,6004.265424,4.732401,0.603367,0.063492,0.000714,0.000000
2020-02-21,rmt_soft,hrp,0.003243,0.023808,0.000011,0.000567,9.454759,0.147157,6004.265424,4.732401,0.603367,0.063492,0.000714,0.000000
2020-02-21,rmt_soft,max_diversification,0.002995,0.022464,0.000009,0.000505,5.791302,0.177489,6004.265424,4.732401,0.603367,0.063492,0.000714,0.000000
2020-02-21,rmt_rie,equal_weight,0.004899,0.040946,0.000024,0.001677,10.766262,0.062500,6004.265424,4.732401,0.603367,0.063492,0.000714,0.000000
2020-02-21,rmt_rie,inverse_variance,0.003233,0.027521,0.000010,0.000757,13.111155,0.122644,6004.265424,4.732401,0.603367,0.063492,0.000714,0.000000
2020-02-21,rmt_rie,minimum_variance,0.002788,0.021414,0.000008,0.000459,7.272368,0.152054,6004.265424,4.732401,0.603367,0.063492,0.000714,0.000000
2020-02-21,rmt_rie,risk_parity,0.003002,0.024142,0.000009,0.000583,16.000000,0.116866,6004.265424,4.732401,0.603367,0.063492,0.000714,0.000000
2020-02-21,rmt_rie,hrp,0.003015,0.023335,0.000009,0.000545,9.459363,0.151586,6004.265424,4.732401,0.603367,0.063492,0.000714,0.000000
2020-02-21,rmt_rie,max_diversification,0.002842,0.022192,0.000008,0.000492,6.397684,0.167325,6004.265424,4.732401,0.603367,0.063492,0.000714,0.000000
2020-02-21,factor_model,equal_weight,0.005299,0.040946,0.000028,0.001677,10.904890,0.062500,6004.265424,4.732401,0.603367,0.063492,0.000714,0.000000
2020-02-21,factor_model,inverse_variance,0.003548,0.027854,0.000013,0.000776,12.732672,0.120121,6004.265424,4.732401,0.603367,0.063492,0.000714,0.000000
2020-02-21,factor_model,minimum_variance,0.002800,0.019864,0.000008,0.000395,5.445706,0.182341,6004.265424,4.732401,0.603367,0.063492,0.000714,0.000000
2020-02-21,factor_model,risk_parity,0.003045,0.022326,0.000009,0.000498,16.000000,0.134877,6004.265424,4.732401,0.603367,0.063492,0.000714,0.000000
2020-02-21,factor_model,hrp,0.003190,0.021921,0.000010,0.000481,9.286369,0.168387,6004.265424,4.732401,0.603367,0.063492,0.000714,0.000000
2020-02-21,factor_model,max_diversification,0.002849,0.021175,0.000008,0.000448,6.076539,0.177013,6004.265424,4.732401,0.603367,0.063492,0.000714,0.000000
2020-03-23,sample,equal_weight,0.013322,0.031197,0.000177,0.000973,11.898510,0.062500,6459.068574,2.392952,0.808196,0.063492,0.003875,0.000001
2020-03-23,sample,inverse_variance,0.006032,0.014328,0.000036,0.000205,13.450833,0.206539,6459.068574,2.392952,0.808196,0.063492,0.003875,0.000001
2020-03-23,sample,minimum_variance,0.005280,0.010227,0.000028,0.000105,4.761015,0.204807,6459.068574,2.392952,0.808196,0.063492,0.003875,0.000001
2020-03-23,sample,risk_parity,0.005555,0.012385,0.000031,0.000153,16.000000,0.203892,6459.068574,2.392952,0.808196,0.063492,0.003875,0.000001
2020-03-23,sample,hrp,0.004641,0.008684,0.000022,0.000075,4.839247,0.311470,6459.068574,2.392952,0.808196,0.063492,0.003875,0.000001
2020-03-23,sample,max_diversification,0.005572,0.011703,0.000031,0.000137,6.030181,0.190140,6459.068574,2.392952,0.808196,0.063492,0.003875,0.000001
2020-03-23,ledoit_wolf,equal_weight,0.012683,0.031197,0.000161,0.000973,11.969646,0.062500,6459.068574,2.392952,0.808196,0.063492,0.003875,0.000001
2020-03-23,ledoit_wolf,inverse_variance,0.007999,0.019760,0.000064,0.000390,12.911497,0.112652,6459.068574,2.392952,0.808196,0.063492,0.003875,0.000001
2020-03-23,ledoit_wolf,minimum_variance,0.005553,0.010379,0.000031,0.000108,5.507286,0.186220,6459.068574,2.392952,0.808196,0.063492,0.003875,0.000001
2020-03-23,ledoit_wolf,risk_parity,0.006494,0.014992,0.000042,0.000225,16.000000,0.134378,6459.068574,2.392952,0.808196,0.063492,0.003875,0.000001
2020-03-23,ledoit_wolf,hrp,0.005783,0.012467,0.000033,0.000155,7.548852,0.201040,6459.068574,2.392952,0.808196,0.063492,0.003875,0.000001
2020-03-23,ledoit_wolf,max_diversification,0.005753,0.011569,0.000033,0.000134,7.161956,0.174674,6459.068574,2.392952,0.808196,0.063492,0.003875,0.000001
2020-03-23,constant_corr,equal_weight,0.013238,0.031197,0.000175,0.000973,12.004707,0.062500,6459.068574,2.392952,0.808196,0.063492,0.003875,0.000001
2020-03-23,constant_corr,inverse_variance,0.006101,0.014328,0.000037,0.000205,13.962236,0.206539,6459.068574,2.392952,0.808196,0.063492,0.003875,0.000001
2020-03-23,constant_corr,minimum_variance,0.005411,0.010185,0.000029,0.000104,4.850901,0.202702,6459.068574,2.392952,0.808196,0.063492,0.003875,0.000001
2020-03-23,constant_corr,risk_parity,0.005750,0.012709,0.000033,0.000162,16.000000,0.197564,6459.068574,2.392952,0.808196,0.063492,0.003875,0.000001
2020-03-23,constant_corr,hrp,0.004720,0.008745,0.000022,0.000076,5.086545,0.309764,6459.068574,2.392952,0.808196,0.063492,0.003875,0.000001
2020-03-23,constant_corr,max_diversification,0.005711,0.011599,0.000033,0.000135,6.420619,0.185055,6459.068574,2.392952,0.808196,0.063492,0.003875,0.000001
2020-03-23,rmt_hard,equal_weight,0.013322,0.031197,0.000177,0.000973,11.898667,0.062500,6459.068574,2.392952,0.808196,0.063492,0.003875,0.000001
2020-03-23,rmt_hard,inverse_variance,0.006053,0.014390,0.000037,0.000207,13.431436,0.205405,6459.068574,2.392952,0.808196,0.063492,0.003875,0.000001
2020-03-23,rmt_hard,minimum_variance,0.005284,0.010232,0.000028,0.000105,4.761139,0.204742,6459.068574,2.392952,0.808196,0.063492,0.003875,0.000001
2020-03-23,rmt_hard,risk_parity,0.005557,0.012391,0.000031,0.000154,16.000000,0.203533,6459.068574,2.392952,0.808196,0.063492,0.003875,0.000001
2020-03-23,rmt_hard,hrp,0.004644,0.008702,0.000022,0.000076,4.851174,0.310913,6459.068574,2.392952,0.808196,0.063492,0.003875,0.000001
2020-03-23,rmt_hard,max_diversification,0.005580,0.011761,0.000031,0.000138,5.935344,0.191308,6459.068574,2.392952,0.808196,0.063492,0.003875,0.000001
2020-03-23,rmt_soft,equal_weight,0.013322,0.031197,0.000177,0.000973,11.898616,0.062500,6459.068574,2.392952,0.808196,0.063492,0.003875,0.000001
2020-03-23,rmt_soft,inverse_variance,0.006038,0.014346,0.000036,0.000206,13.458896,0.206127,6459.068574,2.392952,0.808196,0.063492,0.003875,0.000001
2020-03-23,rmt_soft,minimum_variance,0.005283,0.010230,0.000028,0.000105,4.763197,0.204701,6459.068574,2.392952,0.808196,0.063492,0.003875,0.000001
2020-03-23,rmt_soft,risk_parity,0.005557,0.012389,0.000031,0.000153,16.000000,0.203638,6459.068574,2.392952,0.808196,0.063492,0.003875,0.000001
2020-03-23,rmt_soft,hrp,0.004660,0.008790,0.000022,0.000077,4.869029,0.311385,6459.068574,2.392952,0.808196,0.063492,0.003875,0.000001
2020-03-23,rmt_soft,max_diversification,0.005580,0.011758,0.000031,0.000138,5.992632,0.190659,6459.068574,2.392952,0.808196,0.063492,0.003875,0.000001
2020-03-23,rmt_rie,equal_weight,0.012529,0.031197,0.000157,0.000973,11.897107,0.062500,6459.068574,2.392952,0.808196,0.063492,0.003875,0.000001
2020-03-23,rmt_rie,inverse_variance,0.005722,0.014432,0.000033,0.000208,13.391671,0.207319,6459.068574,2.392952,0.808196,0.063492,0.003875,0.000001
2020-03-23,rmt_rie,minimum_variance,0.004986,0.010202,0.000025,0.000104,4.921171,0.200853,6459.068574,2.392952,0.808196,0.063492,0.003875,0.000001
2020-03-23,rmt_rie,risk_parity,0.005286,0.012581,0.000028,0.000158,16.000000,0.199788,6459.068574,2.392952,0.808196,0.063492,0.003875,0.000001
2020-03-23,rmt_rie,hrp,0.004327,0.008511,0.000019,0.000072,4.804989,0.318344,6459.068574,2.392952,0.808196,0.063492,0.003875,0.000001
2020-03-23,rmt_rie,max_diversification,0.005284,0.011926,0.000028,0.000142,6.438257,0.184873,6459.068574,2.392952,0.808196,0.063492,0.003875,0.000001
2020-03-23,factor_model,equal_weight,0.013363,0.031197,0.000179,0.000973,11.895966,0.062500,6459.068574,2.392952,0.808196,0.063492,0.003875,0.000001
2020-03-23,factor_model,inverse_variance,0.006028,0.014328,0.000036,0.000205,13.121554,0.206539,6459.068574,2.392952,0.808196,0.063492,0.003875,0.000001
2020-03-23,factor_model,minimum_variance,0.005143,0.010372,0.000026,0.000108,4.526306,0.207491,6459.068574,2.392952,0.808196,0.063492,0.003875,0.000001
2020-03-23,factor_model,risk_parity,0.005295,0.011704,0.000028,0.000137,16.000000,0.220541,6459.068574,2.392952,0.808196,0.063492,0.003875,0.000001
2020-03-23,factor_model,hrp,0.004617,0.008324,0.000021,0.000069,4.644489,0.322265,6459.068574,2.392952,0.808196,0.063492,0.003875,0.000001
2020-03-23,factor_model,max_diversification,0.005306,0.011890,0.000028,0.000141,4.247237,0.208694,6459.068574,2.392952,0.808196,0.063492,0.003875,0.000001
2020-04-22,sample,equal_weight,0.016101,0.014293,0.000259,0.000204,12.096615,0.062500,5906.316379,2.283610,0.823558,0.063492,0.005546,0.000001
2020-04-22,sample,inverse_variance,0.006267,0.005448,0.000039,0.000030,14.286124,0.261552,5906.316379,2.283610,0.823558,0.063492,0.005546,0.000001
2020-04-22,sample,minimum_variance,0.006017,0.005173,0.000036,0.000027,4.825716,0.202486,5906.316379,2.283610,0.823558,0.063492,0.005546,0.000001
2020-04-22,sample,risk_parity,0.006178,0.005523,0.000038,0.000031,16.000000,0.229971,5906.316379,2.283610,0.823558,0.063492,0.005546,0.000001
2020-04-22,sample,hrp,0.004882,0.003872,0.000024,0.000015,4.160611,0.376496,5906.316379,2.283610,0.823558,0.063492,0.005546,0.000001
2020-04-22,sample,max_diversification,0.006322,0.005759,0.000040,0.000033,7.040974,0.182223,5906.316379,2.283610,0.823558,0.063492,0.005546,0.000001
2020-04-22,ledoit_wolf,equal_weight,0.015589,0.014293,0.000243,0.000204,12.138347,0.062500,5906.316379,2.283610,0.823558,0.063492,0.005546,0.000001
2020-04-22,ledoit_wolf,inverse_variance,0.008566,0.007445,0.000073,0.000055,13.411261,0.145019,5906.316379,2.283610,0.823558,0.063492,0.005546,0.000001
2020-04-22,ledoit_wolf,minimum_variance,0.006262,0.005101,0.000039,0.000026,5.097397,0.198218,5906.316379,2.283610,0.823558,0.063492,0.005546,0.000001
2020-04-22,ledoit_wolf,risk_parity,0.007305,0.006508,0.000053,0.000042,16.000000,0.154806,5906.316379,2.283610,0.823558,0.063492,0.005546,0.000001
2020-04-22,ledoit_wolf,hrp,0.006044,0.004568,0.000037,0.000021,6.396494,0.243625,5906.316379,2.283610,0.823558,0.063492,0.005546,0.000001
2020-04-22,ledoit_wolf,max_diversification,0.006538,0.005736,0.000043,0.000033,7.825057,0.176569,5906.316379,2.283610,0.823558,0.063492,0.005546,0.000001
2020-04-22,constant_corr,equal_weight,0.016043,0.014293,0.000257,0.000204,12.128494,0.062500,5906.316379,2.283610,0.823558,0.063492,0.005546,0.000001
2020-04-22,constant_corr,inverse_variance,0.006290,0.005448,0.000040,0.000030,14.436140,0.261552,5906.316379,2.283610,0.823558,0.063492,0.005546,0.000001
2020-04-22,constant_corr,minimum_variance,0.006059,0.005170,0.000037,0.000027,4.808729,0.202733,5906.316379,2.283610,0.823558,0.063492,0.005546,0.000001
2020-04-22,constant_corr,risk_parity,0.006251,0.005561,0.000039,0.000031,16.000000,0.227552,5906.316379,2.283610,0.823558,0.063492,0.005546,0.000001
2020-04-22,constant_corr,hrp,0.004905,0.003872,0.000024,0.000015,4.228637,0.375991,5906.316379,2.283610,0.823558,0.063492,0.005546,0.000001
2020-04-22,constant_corr,max_diversification,0.006378,0.005756,0.000041,0.000033,7.232482,0.181101,5906.316379,2.283610,0.823558,0.063492,0.005546,0.000001
2020-04-22,rmt_hard,equal_weight,0.016101,0.014293,0.000259,0.000204,12.096621,0.062500,5906.316379,2.283610,0.823558,0.063492,0.005546,0.000001
2020-04-22,rmt_hard,inverse_variance,0.006267,0.005450,0.000039,0.000030,14.297586,0.261578,5906.316379,2.283610,0.823558,0.063492,0.005546,0.000001
2020-04-22,rmt_hard,minimum_variance,0.006020,0.005161,0.000036,0.000027,4.830168,0.202297,5906.316379,2.283610,0.823558,0.063492,0.005546,0.000001
2020-04-22,rmt_hard,risk_parity,0.006178,0.005523,0.000038,0.000031,16.000000,0.230021,5906.316379,2.283610,0.823558,0.063492,0.005546,0.000001
2020-04-22,rmt_hard,hrp,0.004865,0.003842,0.000024,0.000015,4.170097,0.374791,5906.316379,2.283610,0.823558,0.063492,0.005546,0.000001
2020-04-22,rmt_hard,max_diversification,0.006327,0.005760,0.000040,0.000033,6.954789,0.182820,5906.316379,2.283610,0.823558,0.063492,0.005546,0.000001
2020-04-22,rmt_soft,equal_weight,0.016102,0.014293,0.000259,0.000204,12.096611,0.062500,5906.316379,2.283610,0.823558,0.063492,0.005546,0.000001
2020-04-22,rmt_soft,inverse_variance,0.006260,0.005443,0.000039,0.000030,14.309575,0.261876,5906.316379,2.283610,0.823558,0.063492,0.005546,0.000001
2020-04-22,rmt_soft,minimum_variance,0.006020,0.005165,0.000036,0.000027,4.825108,0.202452,5906.316379,2.283610,0.823558,0.063492,0.005546,0.000001
2020-04-22,rmt_soft,risk_parity,0.006178,0.005523,0.000038,0.000031,16.000000,0.229977,5906.316379,2.283610,0.823558,0.063492,0.005546,0.000001
2020-04-22,rmt_soft,hrp,0.004865,0.003841,0.000024,0.000015,4.164199,0.374876,5906.316379,2.283610,0.823558,0.063492,0.005546,0.000001
2020-04-22,rmt_soft,max_diversification,0.006332,0.005752,0.000040,0.000033,7.104860,0.182005,5906.316379,2.283610,0.823558,0.063492,0.005546,0.000001
2020-04-22,rmt_rie,equal_weight,0.015138,0.014293,0.000229,0.000204,12.093201,0.062500,5906.316379,2.283610,0.823558,0.063492,0.005546,0.000001
2020-04-22,rmt_rie,inverse_variance,0.005879,0.005434,0.000035,0.000030,14.357331,0.263875,5906.316379,2.283610,0.823558,0.063492,0.005546,0.000001
2020-04-22,rmt_rie,minimum_variance,0.005693,0.005125,0.000032,0.000026,4.815260,0.202492,5906.316379,2.283610,0.823558,0.063492,0.005546,0.000001
2020-04-22,rmt_rie,risk_parity,0.005838,0.005540,0.000034,0.000031,16.000000,0.228237,5906.316379,2.283610,0.823558,0.063492,0.005546,0.000001
2020-04-22,rmt_rie,hrp,0.004570,0.003838,0.000021,0.000015,4.075479,0.381733,5906.316379,2.283610,0.823558,0.063492,0.005546,0.000001
2020-04-22,rmt_rie,max_diversification,0.005982,0.005792,0.000036,0.000034,7.213064,0.181316,5906.316379,2.283610,0.823558,0.063492,0.005546,0.000001
2020-04-22,factor_model,equal_weight,0.016128,0.014293,0.000260,0.000204,12.044771,0.062500,5906.316379,2.283610,0.823558,0.063492,0.005546,0.000001
2020-04-22,factor_model,inverse_variance,0.006079,0.005448,0.000037,0.000030,12.922224,0.261552,5906.316379,2.283610,0.823558,0.063492,0.005546,0.000001
2020-04-22,factor_model,minimum_variance,0.005235,0.006287,0.000027,0.000040,3.256223,0.248100,5906.316379,2.283610,0.823558,0.063492,0.005546,0.000001
2020-04-22,factor_model,risk_parity,0.005312,0.005078,0.000028,0.000026,16.000000,0.257976,5906.316379,2.283610,0.823558,0.063492,0.005546,0.000001
2020-04-22,factor_model,hrp,0.004374,0.003657,0.000019,0.000013,3.566063,0.398580,5906.316379,2.283610,0.823558,0.063492,0.005546,0.000001
2020-04-22,factor_model,max_diversification,0.005374,0.006232,0.000029,0.000039,3.651925,0.218575,5906.316379,2.283610,0.823558,0.063492,0.005546,0.000001
2020-05-21,sample,equal_weight,0.016522,0.014868,0.000273,0.000221,12.053301,0.062500,5789.506564,2.301191,0.821673,0.063492,0.005861,0.000001
2020-05-21,sample,inverse_variance,0.006300,0.004964,0.000040,0.000025,14.355005,0.268234,5789.506564,2.301191,0.821673,0.063492,0.005861,0.000001
2020-05-21,sample,minimum_variance,0.006141,0.004892,0.000038,0.000024,4.914956,0.199853,5789.506564,2.301191,0.821673,0.063492,0.005861,0.000001
2020-05-21,sample,risk_parity,0.006275,0.004722,0.000039,0.000022,16.000000,0.233464,5789.506564,2.301191,0.821673,0.063492,0.005861,0.000001
2020-05-21,sample,hrp,0.004907,0.003444,0.000024,0.000012,4.087931,0.381060,5789.506564,2.301191,0.821673,0.063492,0.005861,0.000001
2020-05-21,sample,max_diversification,0.006470,0.004738,0.000042,0.000022,7.204324,0.180168,5789.506564,2.301191,0.821673,0.063492,0.005861,0.000001
2020-05-21,ledoit_wolf,equal_weight,0.016045,0.014868,0.000257,0.000221,12.091284,0.062500,5789.506564,2.301191,0.821673,0.063492,0.005861,0.000001
2020-05-21,ledoit_wolf,inverse_variance,0.008566,0.007032,0.000073,0.000049,13.472718,0.152199,5789.506564,2.301191,0.821673,0.063492,0.005861,0.000001
2020-05-21,ledoit_wolf,minimum_variance,0.006369,0.004856,0.000041,0.000024,5.116483,0.197352,5789.506564,2.301191,0.821673,0.063492,0.005861,0.000001
2020-05-21,ledoit_wolf,risk_parity,0.007410,0.005580,0.000055,0.000031,16.000000,0.157814,5789.506564,2.301191,0.821673,0.063492,0.005861,0.000001
2020-05-21,ledoit_wolf,hrp,0.006057,0.004122,0.000037,0.000017,6.273740,0.249776,5789.506564,2.301191,0.821673,0.063492,0.005861,0.000001
2020-05-21,ledoit_wolf,max_diversification,0.006670,0.004760,0.000044,0.000023,7.746135,0.176462,5789.506564,2.301191,0.821673,0.063492,0.005861,0.000001
2020-05-21,constant_corr,equal_weight,0.016468,0.014868,0.000271,0.000221,12.078231,0.062500,5789.506564,2.301191,0.821673,0.063492,0.005861,0.000001
2020-05-21,constant_corr,inverse_variance,0.006316,0.004964,0.000040,0.000025,14.469975,0.268234,5789.506564,2.301191,0.821673,0.063492,0.005861,0.000001
2020-05-21,constant_corr,minimum_variance,0.006172,0.004892,0.000038,0.000024,4.896860,0.200133,5789.506564,2.301191,0.821673,0.063492,0.005861,0.000001
2020-05-21,constant_corr,risk_parity,0.006332,0.004758,0.000040,0.000023,16.000000,0.231487,5789.506564,2.301191,0.821673,0.063492,0.005861,0.000001
2020-05-21,constant_corr,hrp,0.004924,0.003441,0.000024,0.000012,4.141392,0.380698,5789.506564,2.301191,0.821673,0.063492,0.005861,0.000001
2020-05-21,constant_corr,max_diversification,0.006512,0.004739,0.000042,0.000022,7.298604,0.179677,5789.506564,2.301191,0.821673,0.063492,0.005861,0.000001
2020-05-21,rmt_hard,equal_weight,0.016523,0.014868,0.000273,0.000221,12.053316,0.062500,5789.506564,2.301191,0.821673,0.063492,0.005861,0.000001
2020-05-21,rmt_hard,inverse_variance,0.006302,0.004967,0.000040,0.000025,14.364577,0.268130,5789.506564,2.301191,0.821673,0.063492,0.005861,0.000001
2020-05-21,rmt_hard,minimum_variance,0.006142,0.004892,0.000038,0.000024,4.913671,0.199838,5789.506564,2.301191,0.821673,0.063492,0.005861,0.000001
2020-05-21,rmt_hard,risk_parity,0.006275,0.004722,0.000039,0.000022,16.000000,0.233451,5789.506564,2.301191,0.821673,0.063492,0.005861,0.000001
2020-05-21,rmt_hard,hrp,0.004908,0.003445,0.000024,0.000012,4.090567,0.380921,5789.506564,2.301191,0.821673,0.063492,0.005861,0.000001
2020-05-21,rmt_hard,max_diversification,0.006469,0.004729,0.000042,0.000022,7.193309,0.180246,5789.506564,2.301191,0.821673,0.063492,0.005861,0.000001
2020-05-21,rmt_soft,equal_weight,0.016523,0.014868,0.000273,0.000221,12.053289,0.062500,5789.506564,2.301191,0.821673,0.063492,0.005861,0.000001
2020-05-21,rmt_soft,inverse_variance,0.006293,0.004957,0.000040,0.000025,14.378841,0.268544,5789.506564,2.301191,0.821673,0.063492,0.005861,0.000001
2020-05-21,rmt_soft,minimum_variance,0.006143,0.004893,0.000038,0.000024,4.912042,0.199894,5789.506564,2.301191,0.821673,0.063492,0.005861,0.000001
2020-05-21,rmt_soft,risk_parity,0.006275,0.004722,0.000039,0.000022,16.000000,0.233440,5789.506564,2.301191,0.821673,0.063492,0.005861,0.000001
2020-05-21,rmt_soft,hrp,0.004908,0.003445,0.000024,0.000012,4.085390,0.381042,5789.506564,2.301191,0.821673,0.063492,0.005861,0.000001
2020-05-21,rmt_soft,max_diversification,0.006475,0.004737,0.000042,0.000022,7.264721,0.179905,5789.506564,2.301191,0.821673,0.063492,0.005861,0.000001
2020-05-21,rmt_rie,equal_weight,0.015534,0.014868,0.000241,0.000221,12.048937,0.062500,5789.506564,2.301191,0.821673,0.063492,0.005861,0.000001
2020-05-21,rmt_rie,inverse_variance,0.005908,0.004952,0.000035,0.000025,14.435213,0.270683,5789.506564,2.301191,0.821673,0.063492,0.005861,0.000001
2020-05-21,rmt_rie,minimum_variance,0.005812,0.004890,0.000034,0.000024,4.870140,0.200654,5789.506564,2.301191,0.821673,0.063492,0.005861,0.000001
2020-05-21,rmt_rie,risk_parity,0.005930,0.004743,0.000035,0.000022,16.000000,0.231620,5789.506564,2.301191,0.821673,0.063492,0.005861,0.000001
2020-05-21,rmt_rie,hrp,0.004597,0.003418,0.000021,0.000012,4.036364,0.385015,5789.506564,2.301191,0.821673,0.063492,0.005861,0.000001
2020-05-21,rmt_rie,max_diversification,0.006129,0.004724,0.000038,0.000022,7.264099,0.180274,5789.506564,2.301191,0.821673,0.063492,0.005861,0.000001
2020-05-21,factor_model,equal_weight,0.016551,0.014868,0.000274,0.000221,12.000234,0.062500,5789.506564,2.301191,0.821673,0.063492,0.005861,0.000001
2020-05-21,factor_model,inverse_variance,0.006106,0.004964,0.000037,0.000025,13.021660,0.268234,5789.506564,2.301191,0.821673,0.063492,0.005861,0.000001
2020-05-21,factor_model,minimum_variance,0.005350,0.005084,0.000029,0.000026,3.403761,0.240828,5789.506564,2.301191,0.821673,0.063492,0.005861,0.000001
2020-05-21,factor_model,risk_parity,0.005414,0.004216,0.000029,0.000018,16.000000,0.260000,5789.506564,2.301191,0.821673,0.063492,0.005861,0.000001
2020-05-21,factor_model,hrp,0.004392,0.003386,0.000019,0.000011,3.453882,0.404728,5789.506564,2.301191,0.821673,0.063492,0.005861,0.000001
2020-05-21,factor_model,max_diversification,0.005489,0.005207,0.000030,0.000027,3.759142,0.215974,5789.506564,2.301191,0.821673,0.063492,0.005861,0.000001
2020-06-22,sample,equal_weight,0.016971,0.009720,0.000288,0.000094,11.978956,0.062500,5994.592750,2.279282,0.824832,0.063492,0.006223,0.000001
2020-06-22,sample,inverse_variance,0.006248,0.003146,0.000039,0.000010,14.361353,0.276584,5994.592750,2.279282,0.824832,0.063492,0.006223,0.000001
2020-06-22,sample,minimum_variance,0.006214,0.002337,0.000039,0.000005,4.934325,0.199429,5994.592750,2.279282,0.824832,0.063492,0.006223,0.000001
2020-06-22,sample,risk_parity,0.006295,0.002908,0.000040,0.000008,16.000000,0.235062,5994.592750,2.279282,0.824832,0.063492,0.006223,0.000001
2020-06-22,sample,hrp,0.004900,0.001522,0.000024,0.000002,3.925042,0.387192,5994.592750,2.279282,0.824832,0.063492,0.006223,0.000001
2020-06-22,sample,max_diversification,0.006561,0.003026,0.000043,0.000009,7.489898,0.180384,5994.592750,2.279282,0.824832,0.063492,0.006223,0.000001
2020-06-22,ledoit_wolf,equal_weight,0.016525,0.009720,0.000273,0.000094,12.013663,0.062500,5994.592750,2.279282,0.824832,0.063492,0.006223,0.000001
2020-06-22,ledoit_wolf,inverse_variance,0.008496,0.004545,0.000072,0.000021,13.438838,0.160134,5994.592750,2.279282,0.824832,0.063492,0.006223,0.000001
2020-06-22,ledoit_wolf,minimum_variance,0.006433,0.002383,0.000041,0.000006,5.174016,0.195904,5994.592750,2.279282,0.824832,0.063492,0.006223,0.000001
2020-06-22,ledoit_wolf,risk_parity,0.007419,0.003440,0.000055,0.000012,16.000000,0.160902,5994.592750,2.279282,0.824832,0.063492,0.006223,0.000001
2020-06-22,ledoit_wolf,hrp,0.006017,0.002301,0.000036,0.000005,5.952059,0.259932,5994.592750,2.279282,0.824832,0.063492,0.006223,0.000001
2020-06-22,ledoit_wolf,max_diversification,0.006744,0.003012,0.000045,0.000009,8.002900,0.176697,5994.592750,2.279282,0.824832,0.063492,0.006223,0.000001
2020-06-22,constant_corr,equal_weight,0.016920,0.009720,0.000286,0.000094,11.998173,0.062500,5994.592750,2.279282,0.824832,0.063492,0.006223,0.000001
2020-06-22,constant_corr,inverse_variance,0.006258,0.003146,0.000039,0.000010,14.451201,0.276584,5994.592750,2.279282,0.824832,0.063492,0.006223,0.000001
2020-06-22,constant_corr,minimum_variance,0.006235,0.002332,0.000039,0.000005,4.917654,0.199706,5994.592750,2.279282,0.824832,0.063492,0.006223,0.000001
2020-06-22,constant_corr,risk_parity,0.006337,0.002928,0.000040,0.000009,16.000000,0.233595,5994.592750,2.279282,0.824832,0.063492,0.006223,0.000001
2020-06-22,constant_corr,hrp,0.004911,0.001524,0.000024,0.000002,3.965511,0.386954,5994.592750,2.279282,0.824832,0.063492,0.006223,0.000001
2020-06-22,constant_corr,max_diversification,0.006590,0.003018,0.000043,0.000009,7.583998,0.179911,5994.592750,2.279282,0.824832,0.063492,0.006223,0.000001
2020-06-22,rmt_hard,equal_weight,0.016971,0.009720,0.000288,0.000094,11.978899,0.062500,5994.592750,2.279282,0.824832,0.063492,0.006223,0.000001
2020-06-22,rmt_hard,inverse_variance,0.006249,0.003145,0.000039,0.000010,14.374658,0.276536,5994.592750,2.279282,0.824832,0.063492,0.006223,0.000001
2020-06-22,rmt_hard,minimum_variance,0.006214,0.002335,0.000039,0.000005,4.927829,0.199526,5994.592750,2.279282,0.824832,0.063492,0.006223,0.000001
2020-06-22,rmt_hard,risk_parity,0.006296,0.002908,0.000040,0.000008,16.000000,0.235028,5994.592750,2.279282,0.824832,0.063492,0.006223,0.000001
2020-06-22,rmt_hard,hrp,0.004900,0.001522,0.000024,0.000002,3.930107,0.386975,5994.592750,2.279282,0.824832,0.063492,0.006223,0.000001
2020-06-22,rmt_hard,max_diversification,0.006558,0.003033,0.000043,0.000009,7.327500,0.181167,5994.592750,2.279282,0.824832,0.063492,0.006223,0.000001
2020-06-22,rmt_soft,equal_weight,0.016971,0.009720,0.000288,0.000094,11.978912,0.062500,5994.592750,2.279282,0.824832,0.063492,0.006223,0.000001
2020-06-22,rmt_soft,inverse_variance,0.006241,0.003140,0.000039,0.000010,14.386868,0.276908,5994.592750,2.279282,0.824832,0.063492,0.006223,0.000001
2020-06-22,rmt_soft,minimum_variance,0.006215,0.002335,0.000039,0.000005,4.929803,0.199505,5994.592750,2.279282,0.824832,0.063492,0.006223,0.000001
2020-06-22,rmt_soft,risk_parity,0.006296,0.002908,0.000040,0.000008,16.000000,0.235030,5994.592750,2.279282,0.824832,0.063492,0.006223,0.000001
2020-06-22,rmt_soft,hrp,0.004900,0.001522,0.000024,0.000002,3.924263,0.387141,5994.592750,2.279282,0.824832,0.063492,0.006223,0.000001
2020-06-22,rmt_soft,max_diversification,0.006565,0.003019,0.000043,0.000009,7.485773,0.180469,5994.592750,2.279282,0.824832,0.063492,0.006223,0.000001
2020-06-22,rmt_rie,equal_weight,0.015957,0.009720,0.000255,0.000094,11.973703,0.062500,5994.592750,2.279282,0.824832,0.063492,0.006223,0.000001
2020-06-22,rmt_rie,inverse_variance,0.005864,0.003140,0.000034,0.000010,14.398510,0.278332,5994.592750,2.279282,0.824832,0.063492,0.006223,0.000001
2020-06-22,rmt_rie,minimum_variance,0.005871,0.002332,0.000034,0.000005,4.952487,0.198635,5994.592750,2.279282,0.824832,0.063492,0.006223,0.000001
2020-06-22,rmt_rie,risk_parity,0.005945,0.002921,0.000035,0.000009,16.000000,0.233471,5994.592750,2.279282,0.824832,0.063492,0.006223,0.000001
2020-06-22,rmt_rie,hrp,0.004589,0.001509,0.000021,0.000002,3.870147,0.391008,5994.592750,2.279282,0.824832,0.063492,0.006223,0.000001
2020-06-22,rmt_rie,max_diversification,0.006203,0.003053,0.000038,0.000009,7.665195,0.180332,5994.592750,2.279282,0.824832,0.063492,0.006223,0.000001
2020-06-22,factor_model,equal_weight,0.017002,0.009720,0.000289,0.000094,11.928733,0.062500,5994.592750,2.279282,0.824832,0.063492,0.006223,0.000001
2020-06-22,factor_model,inverse_variance,0.006050,0.003146,0.000037,0.000010,13.023397,0.276584,5994.592750,2.279282,0.824832,0.063492,0.006223,0.000001
2020-06-22,factor_model,minimum_variance,0.005432,0.003022,0.000030,0.000009,3.490625,0.237024,5994.592750,2.279282,0.824832,0.063492,0.006223,0.000001
2020-06-22,factor_model,risk_parity,0.005434,0.002533,0.000030,0.000006,16.000000,0.262106,5994.592750,2.279282,0.824832,0.063492,0.006223,0.000001
2020-06-22,factor_model,hrp,0.004399,0.001517,0.000019,0.000002,3.354257,0.411194,5994.592750,2.279282,0.824832,0.063492,0.006223,0.000001
2020-06-22,factor_model,max_diversification,0.005572,0.003309,0.000031,0.000011,3.804732,0.214648,5994.592750,2.279282,0.824832,0.063492,0.006223,0.000001
2020-07-22,sample,equal_weight,0.017157,0.005460,0.000294,0.000030,11.939341,0.062500,5306.234231,2.297557,0.823277,0.063492,0.006377,0.000001
2020-07-22,sample,inverse_variance,0.006065,0.003831,0.000037,0.000015,14.307769,0.283352,5306.234231,2.297557,0.823277,0.063492,0.006377,0.000001
2020-07-22,sample,minimum_variance,0.006079,0.006309,0.000037,0.000040,4.804738,0.202195,5306.234231,2.297557,0.823277,0.063492,0.006377,0.000001
2020-07-22,sample,risk_parity,0.006144,0.003624,0.000038,0.000013,16.000000,0.241418,5306.234231,2.297557,0.823277,0.063492,0.006377,0.000001
2020-07-22,sample,hrp,0.004718,0.004778,0.000022,0.000023,3.827321,0.386903,5306.234231,2.297557,0.823277,0.063492,0.006377,0.000001
2020-07-22,sample,max_diversification,0.006412,0.005431,0.000041,0.000029,7.102875,0.183556,5306.234231,2.297557,0.823277,0.063492,0.006377,0.000001
2020-07-22,ledoit_wolf,equal_weight,0.016725,0.005460,0.000280,0.000030,11.972699,0.062500,5306.234231,2.297557,0.823277,0.063492,0.006377,0.000001
2020-07-22,ledoit_wolf,inverse_variance,0.008329,0.004505,0.000069,0.000020,13.394586,0.165171,5306.234231,2.297557,0.823277,0.063492,0.006377,0.000001
2020-07-22,ledoit_wolf,minimum_variance,0.006315,0.006191,0.000040,0.000038,5.019977,0.199314,5306.234231,2.297557,0.823277,0.063492,0.006377,0.000001
2020-07-22,ledoit_wolf,risk_parity,0.007304,0.004217,0.000053,0.000018,16.000000,0.163799,5306.234231,2.297557,0.823277,0.063492,0.006377,0.000001
2020-07-22,ledoit_wolf,hrp,0.005884,0.005574,0.000035,0.000031,5.654251,0.265466,5306.234231,2.297557,0.823277,0.063492,0.006377,0.000001
2020-07-22,ledoit_wolf,max_diversification,0.006625,0.005419,0.000044,0.000029,7.779294,0.179153,5306.234231,2.297557,0.823277,0.063492,0.006377,0.000001
2020-07-22,constant_corr,equal_weight,0.017105,0.005460,0.000293,0.000030,11.957554,0.062500,5306.234231,2.297557,0.823277,0.063492,0.006377,0.000001
2020-07-22,constant_corr,inverse_variance,0.006076,0.003831,0.000037,0.000015,14.397506,0.283352,5306.234231,2.297557,0.823277,0.063492,0.006377,0.000001
2020-07-22,constant_corr,minimum_variance,0.006100,0.006323,0.000037,0.000040,4.789204,0.202470,5306.234231,2.297557,0.823277,0.063492,0.006377,0.000001
2020-07-22,constant_corr,risk_parity,0.006186,0.003633,0.000038,0.000013,16.000000,0.239944,5306.234231,2.297557,0.823277,0.063492,0.006377,0.000001
2020-07-22,constant_corr,hrp,0.004729,0.004767,0.000022,0.000023,3.864940,0.386782,5306.234231,2.297557,0.823277,0.063492,0.006377,0.000001
2020-07-22,constant_corr,max_diversification,0.006443,0.005442,0.000042,0.000030,7.183142,0.183140,5306.234231,2.297557,0.823277,0.063492,0.006377,0.000001
2020-07-22,rmt_hard,equal_weight,0.017157,0.005460,0.000294,0.000030,11.939266,0.062500,5306.234231,2.297557,0.823277,0.063492,0.006377,0.000001
2020-07-22,rmt_hard,inverse_variance,0.006067,0.003834,0.000037,0.000015,14.320325,0.283195,5306.234231,2.297557,0.823277,0.063492,0.006377,0.000001
2020-07-22,rmt_hard,minimum_variance,0.006079,0.006304,0.000037,0.000040,4.798831,0.202271,5306.234231,2.297557,0.823277,0.063492,0.006377,0.000001
2020-07-22,rmt_hard,risk_parity,0.006145,0.003624,0.000038,0.000013,16.000000,0.241299,5306.234231,2.297557,0.823277,0.063492,0.006377,0.000001
2020-07-22,rmt_hard,hrp,0.004777,0.004996,0.000023,0.000025,3.746680,0.390426,5306.234231,2.297557,0.823277,0.063492,0.006377,0.000001
2020-07-22,rmt_hard,max_diversification,0.006408,0.005415,0.000041,0.000029,7.020958,0.183988,5306.234231,2.297557,0.823277,0.063492,0.006377,0.000001
2020-07-22,rmt_soft,equal_weight,0.017157,0.005460,0.000294,0.000030,11.939291,0.062500,5306.234231,2.297557,0.823277,0.063492,0.006377,0.000001
2020-07-22,rmt_soft,inverse_variance,0.006058,0.003833,0.000037,0.000015,14.333170,0.283642,5306.234231,2.297557,0.823277,0.063492,0.006377,0.000001
2020-07-22,rmt_soft,minimum_variance,0.006080,0.006307,0.000037,0.000040,4.800938,0.202255,5306.234231,2.297557,0.823277,0.063492,0.006377,0.000001
2020-07-22,rmt_soft,risk_parity,0.006145,0.003624,0.000038,0.000013,16.000000,0.241351,5306.234231,2.297557,0.823277,0.063492,0.006377,0.000001
2020-07-22,rmt_soft,hrp,0.004777,0.004992,0.000023,0.000025,3.739352,0.390687,5306.234231,2.297557,0.823277,0.063492,0.006377,0.000001
2020-07-22,rmt_soft,max_diversification,0.006412,0.005426,0.000041,0.000029,7.081176,0.183689,5306.234231,2.297557,0.823277,0.063492,0.006377,0.000001
2020-07-22,rmt_rie,equal_weight,0.016131,0.005460,0.000260,0.000030,11.933421,0.062500,5306.234231,2.297557,0.823277,0.063492,0.006377,0.000001
2020-07-22,rmt_rie,inverse_variance,0.005682,0.003790,0.000032,0.000014,14.396527,0.285930,5306.234231,2.297557,0.823277,0.063492,0.006377,0.000001
2020-07-22,rmt_rie,minimum_variance,0.005746,0.006319,0.000033,0.000040,4.786051,0.202336,5306.234231,2.297557,0.823277,0.063492,0.006377,0.000001
2020-07-22,rmt_rie,risk_parity,0.005803,0.003661,0.000034,0.000013,16.000000,0.239584,5306.234231,2.297557,0.823277,0.063492,0.006377,0.000001
2020-07-22,rmt_rie,hrp,0.004485,0.004903,0.000020,0.000024,3.679358,0.396701,5306.234231,2.297557,0.823277,0.063492,0.006377,0.000001
2020-07-22,rmt_rie,max_diversification,0.006069,0.005528,0.000037,0.000031,7.411275,0.182698,5306.234231,2.297557,0.823277,0.063492,0.006377,0.000001
2020-07-22,factor_model,equal_weight,0.017178,0.005460,0.000295,0.000030,11.868961,0.062500,5306.234231,2.297557,0.823277,0.063492,0.006377,0.000001
2020-07-22,factor_model,inverse_variance,0.005756,0.003831,0.000033,0.000015,12.135995,0.283352,5306.234231,2.297557,0.823277,0.063492,0.006377,0.000001
2020-07-22,factor_model,minimum_variance,0.005009,0.007168,0.000025,0.000051,3.168100,0.243125,5306.234231,2.297557,0.823277,0.063492,0.006377,0.000001
2020-07-22,factor_model,risk_parity,0.004929,0.003465,0.000024,0.000012,16.000000,0.275656,5306.234231,2.297557,0.823277,0.063492,0.006377,0.000001
2020-07-22,factor_model,hrp,0.004043,0.004393,0.000016,0.000019,2.869987,0.428884,5306.234231,2.297557,0.823277,0.063492,0.006377,0.000001
2020-07-22,factor_model,max_diversification,0.005124,0.007081,0.000026,0.000050,3.594000,0.219470,5306.234231,2.297557,0.823277,0.063492,0.006377,0.000001
2020-08-20,sample,equal_weight,0.017029,0.009485,0.000290,0.000090,11.988797,0.062500,5189.354257,2.367525,0.815365,0.063492,0.006259,0.000001
2020-08-20,sample,inverse_variance,0.006010,0.004067,0.000036,0.000017,14.443880,0.296842,5189.354257,2.367525,0.815365,0.063492,0.006259,0.000001
2020-08-20,sample,minimum_variance,0.006197,0.004313,0.000038,0.000019,4.930938,0.199886,5189.354257,2.367525,0.815365,0.063492,0.006259,0.000001
2020-08-20,sample,risk_parity,0.006138,0.004171,0.000038,0.000017,16.000000,0.246303,5189.354257,2.367525,0.815365,0.063492,0.006259,0.000001
2020-08-20,sample,hrp,0.004680,0.002781,0.000022,0.000008,3.657902,0.417770,5189.354257,2.367525,0.815365,0.063492,0.006259,0.000001
2020-08-20,sample,max_diversification,0.006515,0.004079,0.000042,0.000017,6.671521,0.184839,5189.354257,2.367525,0.815365,0.063492,0.006259,0.000001
2020-08-20,ledoit_wolf,equal_weight,0.016584,0.009485,0.000275,0.000090,12.023575,0.062500,5189.354257,2.367525,0.815365,0.063492,0.006259,0.000001
2020-08-20,ledoit_wolf,inverse_variance,0.008433,0.005455,0.000071,0.000030,13.399168,0.165412,5189.354257,2.367525,0.815365,0.063492,0.006259,0.000001
2020-08-20,ledoit_wolf,minimum_variance,0.006424,0.004380,0.000041,0.000019,5.186858,0.196647,5189.354257,2.367525,0.815365,0.063492,0.006259,0.000001
2020-08-20,ledoit_wolf,risk_parity,0.007365,0.004933,0.000054,0.000024,16.000000,0.163858,5189.354257,2.367525,0.815365,0.063492,0.006259,0.000001
2020-08-20,ledoit_wolf,hrp,0.005909,0.003522,0.000035,0.000012,5.883013,0.270426,5189.354257,2.367525,0.815365,0.063492,0.006259,0.000001
2020-08-20,ledoit_wolf,max_diversification,0.006717,0.004262,0.000045,0.000018,7.608336,0.178925,5189.354257,2.367525,0.815365,0.063492,0.006259,0.000001
2020-08-20,constant_corr,equal_weight,0.016977,0.009485,0.000288,0.000090,12.007823,0.062500,5189.354257,2.367525,0.815365,0.063492,0.006259,0.000001
2020-08-20,constant_corr,inverse_variance,0.006021,0.004067,0.000036,0.000017,14.535345,0.296842,5189.354257,2.367525,0.815365,0.063492,0.006259,0.000001
2020-08-20,constant_corr,minimum_variance,0.006219,0.004308,0.000039,0.000019,4.919302,0.200083,5189.354257,2.367525,0.815365,0.063492,0.006259,0.000001
2020-08-20,constant_corr,risk_parity,0.006181,0.004186,0.000038,0.000018,16.000000,0.244716,5189.354257,2.367525,0.815365,0.063492,0.006259,0.000001
2020-08-20,constant_corr,hrp,0.004691,0.002784,0.000022,0.000008,3.695883,0.417508,5189.354257,2.367525,0.815365,0.063492,0.006259,0.000001
2020-08-20,constant_corr,max_diversification,0.006543,0.004085,0.000043,0.000017,6.718284,0.184537,5189.354257,2.367525,0.815365,0.063492,0.006259,0.000001
2020-08-20,rmt_hard,equal_weight,0.017029,0.009485,0.000290,0.000090,11.988740,0.062500,5189.354257,2.367525,0.815365,0.063492,0.006259,0.000001
2020-08-20,rmt_hard,inverse_variance,0.006014,0.004064,0.000036,0.000017,14.455083,0.296579,5189.354257,2.367525,0.815365,0.063492,0.006259,0.000001
2020-08-20,rmt_hard,minimum_variance,0.006197,0.004309,0.000038,0.000019,4.924603,0.199971,5189.354257,2.367525,0.815365,0.063492,0.006259,0.000001
2020-08-20,rmt_hard,risk_parity,0.006139,0.004172,0.000038,0.000017,16.000000,0.246168,5189.354257,2.367525,0.815365,0.063492,0.006259,0.000001
2020-08-20,rmt_hard,hrp,0.004680,0.002784,0.000022,0.000008,3.664489,0.417445,5189.354257,2.367525,0.815365,0.063492,0.006259,0.000001
2020-08-20,rmt_hard,max_diversification,0.006512,0.004074,0.000042,0.000017,6.586092,0.185351,5189.354257,2.367525,0.815365,0.063492,0.006259,0.000001
2020-08-20,rmt_soft,equal_weight,0.017029,0.009485,0.000290,0.000090,11.988750,0.062500,5189.354257,2.367525,0.815365,0.063492,0.006259,0.000001
2020-08-20,rmt_soft,inverse_variance,0.006003,0.004059,0.000036,0.000016,14.471904,0.297133,5189.354257,2.367525,0.815365,0.063492,0.006259,0.000001
2020-08-20,rmt_soft,minimum_variance,0.006197,0.004310,0.000038,0.000019,4.926776,0.199954,5189.354257,2.367525,0.815365,0.063492,0.006259,0.000001
2020-08-20,rmt_soft,risk_parity,0.006139,0.004171,0.000038,0.000017,16.000000,0.246225,5189.354257,2.367525,0.815365,0.063492,0.006259,0.000001
2020-08-20,rmt_soft,hrp,0.004680,0.002783,0.000022,0.000008,3.657583,0.417689,5189.354257,2.367525,0.815365,0.063492,0.006259,0.000001
2020-08-20,rmt_soft,max_diversification,0.006515,0.004078,0.000042,0.000017,6.638628,0.185039,5189.354257,2.367525,0.815365,0.063492,0.006259,0.000001
2020-08-20,rmt_rie,equal_weight,0.016010,0.009485,0.000256,0.000090,11.981737,0.062500,5189.354257,2.367525,0.815365,0.063492,0.006259,0.000001
2020-08-20,rmt_rie,inverse_variance,0.005637,0.004058,0.000032,0.000016,14.509082,0.299914,5189.354257,2.367525,0.815365,0.063492,0.006259,0.000001
2020-08-20,rmt_rie,minimum_variance,0.005854,0.004256,0.000034,0.000018,4.923817,0.199786,5189.354257,2.367525,0.815365,0.063492,0.006259,0.000001
2020-08-20,rmt_rie,risk_parity,0.005804,0.004181,0.000034,0.000017,16.000000,0.243703,5189.354257,2.367525,0.815365,0.063492,0.006259,0.000001
2020-08-20,rmt_rie,hrp,0.004377,0.002760,0.000019,0.000008,3.580097,0.423354,5189.354257,2.367525,0.815365,0.063492,0.006259,0.000001
2020-08-20,rmt_rie,max_diversification,0.006166,0.004132,0.000038,0.000017,7.141981,0.182974,5189.354257,2.367525,0.815365,0.063492,0.006259,0.000001
2020-08-20,factor_model,equal_weight,0.017053,0.009485,0.000291,0.000090,11.917225,0.062500,5189.354257,2.367525,0.815365,0.063492,0.006259,0.000001
2020-08-20,factor_model,inverse_variance,0.005702,0.004067,0.000033,0.000017,12.177687,0.296842,5189.354257,2.367525,0.815365,0.063492,0.006259,0.000001
2020-08-20,factor_model,minimum_variance,0.005173,0.005705,0.000027,0.000033,3.124221,0.240927,5189.354257,2.367525,0.815365,0.063492,0.006259,0.000001
2020-08-20,factor_model,risk_parity,0.004885,0.003902,0.000024,0.000015,16.000000,0.282156,5189.354257,2.367525,0.815365,0.063492,0.006259,0.000001
2020-08-20,factor_model,hrp,0.003946,0.002607,0.000016,0.000007,2.669071,0.458858,5189.354257,2.367525,0.815365,0.063492,0.006259,0.000001
2020-08-20,factor_model,max_diversification,0.005300,0.006264,0.000028,0.000039,3.544383,0.217338,5189.354257,2.367525,0.815365,0.063492,0.006259,0.000001
2020-09-21,sample,equal_weight,0.017165,0.010115,0.000295,0.000102,12.038955,0.062500,4983.944961,2.383631,0.813739,0.063492,0.006329,0.000001
2020-09-21,sample,inverse_variance,0.005838,0.003798,0.000034,0.000014,14.607241,0.310323,4983.944961,2.383631,0.813739,0.063492,0.006329,0.000001
2020-09-21,sample,minimum_variance,0.006148,0.003923,0.000038,0.000015,4.700138,0.205413,4983.944961,2.383631,0.813739,0.063492,0.006329,0.000001
2020-09-21,sample,risk_parity,0.006043,0.003758,0.000037,0.000014,16.000000,0.255394,4983.944961,2.383631,0.813739,0.063492,0.006329,0.000001
2020-09-21,sample,hrp,0.004479,0.002562,0.000020,0.000007,3.522930,0.428814,4983.944961,2.383631,0.813739,0.063492,0.006329,0.000001
2020-09-21,sample,max_diversification,0.006475,0.004286,0.000042,0.000018,6.644813,0.186646,4983.944961,2.383631,0.813739,0.063492,0.006329,0.000001
2020-09-21,ledoit_wolf,equal_weight,0.016727,0.010115,0.000280,0.000102,12.072457,0.062500,4983.944961,2.383631,0.813739,0.063492,0.006329,0.000001
2020-09-21,ledoit_wolf,inverse_variance,0.008343,0.005409,0.000070,0.000029,13.496009,0.170848,4983.944961,2.383631,0.813739,0.063492,0.006329,0.000001
2020-09-21,ledoit_wolf,minimum_variance,0.006388,0.003984,0.000041,0.000016,5.007294,0.200920,4983.944961,2.383631,0.813739,0.063492,0.006329,0.000001
2020-09-21,ledoit_wolf,risk_parity,0.007338,0.004556,0.000054,0.000021,16.000000,0.166920,4983.944961,2.383631,0.813739,0.063492,0.006329,0.000001
2020-09-21,ledoit_wolf,hrp,0.005806,0.003528,0.000034,0.000012,5.718993,0.278068,4983.944961,2.383631,0.813739,0.063492,0.006329,0.000001
2020-09-21,ledoit_wolf,max_diversification,0.006688,0.004323,0.000045,0.000019,7.230735,0.182625,4983.944961,2.383631,0.813739,0.063492,0.006329,0.000001
2020-09-21,constant_corr,equal_weight,0.017115,0.010115,0.000293,0.000102,12.054766,0.062500,4983.944961,2.383631,0.813739,0.063492,0.006329,0.000001
2020-09-21,constant_corr,inverse_variance,0.005847,0.003798,0.000034,0.000014,14.676798,0.310323,4983.944961,2.383631,0.813739,0.063492,0.006329,0.000001
2020-09-21,constant_corr,minimum_variance,0.006165,0.003923,0.000038,0.000015,4.692199,0.205591,4983.944961,2.383631,0.813739,0.063492,0.006329,0.000001
2020-09-21,constant_corr,risk_parity,0.006079,0.003776,0.000037,0.000014,16.000000,0.253923,4983.944961,2.383631,0.813739,0.063492,0.006329,0.000001
2020-09-21,constant_corr,hrp,0.004489,0.002563,0.000020,0.000007,3.553004,0.428686,4983.944961,2.383631,0.813739,0.063492,0.006329,0.000001
2020-09-21,constant_corr,max_diversification,0.006497,0.004288,0.000042,0.000018,6.680219,0.186418,4983.944961,2.383631,0.813739,0.063492,0.006329,0.000001
2020-09-21,rmt_hard,equal_weight,0.017165,0.010115,0.000295,0.000102,12.038925,0.062500,4983.944961,2.383631,0.813739,0.063492,0.006329,0.000001
2020-09-21,rmt_hard,inverse_variance,0.005841,0.003798,0.000034,0.000014,14.620334,0.310149,4983.944961,2.383631,0.813739,0.063492,0.006329,0.000001
2020-09-21,rmt_hard,minimum_variance,0.006147,0.003921,0.000038,0.000015,4.695441,0.205469,4983.944961,2.383631,0.813739,0.063492,0.006329,0.000001
2020-09-21,rmt_hard,risk_parity,0.006044,0.003759,0.000037,0.000014,16.000000,0.255304,4983.944961,2.383631,0.813739,0.063492,0.006329,0.000001
2020-09-21,rmt_hard,hrp,0.004540,0.002657,0.000021,0.000007,3.495979,0.431473,4983.944961,2.383631,0.813739,0.063492,0.006329,0.000001
2020-09-21,rmt_hard,max_diversification,0.006470,0.004284,0.000042,0.000018,6.549549,0.187181,4983.944961,2.383631,0.813739,0.063492,0.006329,0.000001
2020-09-21,rmt_soft,equal_weight,0.017165,0.010115,0.000295,0.000102,12.038917,0.062500,4983.944961,2.383631,0.813739,0.063492,0.006329,0.000001
2020-09-21,rmt_soft,inverse_variance,0.005831,0.003793,0.000034,0.000014,14.634315,0.310658,4983.944961,2.383631,0.813739,0.063492,0.006329,0.000001
2020-09-21,rmt_soft,minimum_variance,0.006148,0.003922,0.000038,0.000015,4.696876,0.205468,4983.944961,2.383631,0.813739,0.063492,0.006329,0.000001
2020-09-21,rmt_soft,risk_parity,0.006044,0.003759,0.000037,0.000014,16.000000,0.255318,4983.944961,2.383631,0.813739,0.063492,0.006329,0.000001
2020-09-21,rmt_soft,hrp,0.004541,0.002655,0.000021,0.000007,3.489777,0.431663,4983.944961,2.383631,0.813739,0.063492,0.006329,0.000001
2020-09-21,rmt_soft,max_diversification,0.006474,0.004286,0.000042,0.000018,6.611413,0.186845,4983.944961,2.383631,0.813739,0.063492,0.006329,0.000001
2020-09-21,rmt_rie,equal_weight,0.016138,0.010115,0.000260,0.000102,12.031908,0.062500,4983.944961,2.383631,0.813739,0.063492,0.006329,0.000001
2020-09-21,rmt_rie,inverse_variance,0.005465,0.003767,0.000030,0.000014,14.679822,0.313617,4983.944961,2.383631,0.813739,0.063492,0.006329,0.000001
2020-09-21,rmt_rie,minimum_variance,0.005804,0.003937,0.000034,0.000015,4.712524,0.204892,4983.944961,2.383631,0.813739,0.063492,0.006329,0.000001
2020-09-21,rmt_rie,risk_parity,0.005705,0.003781,0.000033,0.000014,16.000000,0.253214,4983.944961,2.383631,0.813739,0.063492,0.006329,0.000001
2020-09-21,rmt_rie,hrp,0.004255,0.002596,0.000018,0.000007,3.438347,0.437266,4983.944961,2.383631,0.813739,0.063492,0.006329,0.000001
2020-09-21,rmt_rie,max_diversification,0.006118,0.004330,0.000037,0.000019,6.958989,0.185473,4983.944961,2.383631,0.813739,0.063492,0.006329,0.000001
2020-09-21,factor_model,equal_weight,0.017175,0.010115,0.000295,0.000102,11.942476,0.062500,4983.944961,2.383631,0.813739,0.063492,0.006329,0.000001
2020-09-21,factor_model,inverse_variance,0.005370,0.003798,0.000029,0.000014,10.916194,0.310323,4983.944961,2.383631,0.813739,0.063492,0.006329,0.000001
2020-09-21,factor_model,minimum_variance,0.004944,0.004517,0.000024,0.000020,3.771022,0.214211,4983.944961,2.383631,0.813739,0.063492,0.006329,0.000001
2020-09-21,factor_model,risk_parity,0.004222,0.003128,0.000018,0.000010,16.000000,0.302202,4983.944961,2.383631,0.813739,0.063492,0.006329,0.000001
2020-09-21,factor_model,hrp,0.003423,0.002178,0.000012,0.000005,1.886657,0.498401,4983.944961,2.383631,0.813739,0.063492,0.006329,0.000001
2020-09-21,factor_model,max_diversification,0.005132,0.004755,0.000026,0.000023,4.084112,0.212128,4983.944961,2.383631,0.813739,0.063492,0.006329,0.000001
2020-10-20,sample,equal_weight,0.017313,0.011438,0.000300,0.000131,12.069868,0.062500,4833.029479,2.397387,0.812124,0.063492,0.006419,0.000001
2020-10-20,sample,inverse_variance,0.005711,0.004562,0.000033,0.000021,14.663275,0.322882,4833.029479,2.397387,0.812124,0.063492,0.006419,0.000001
2020-10-20,sample,minimum_variance,0.006125,0.006567,0.000038,0.000043,4.495389,0.210426,4833.029479,2.397387,0.812124,0.063492,0.006419,0.000001
2020-10-20,sample,risk_parity,0.005971,0.004735,0.000036,0.000022,16.000000,0.262698,4833.029479,2.397387,0.812124,0.063492,0.006419,0.000001
2020-10-20,sample,hrp,0.004425,0.004186,0.000020,0.000018,3.145935,0.462058,4833.029479,2.397387,0.812124,0.063492,0.006419,0.000001
2020-10-20,sample,max_diversification,0.006459,0.005542,0.000042,0.000031,6.471530,0.188369,4833.029479,2.397387,0.812124,0.063492,0.006419,0.000001
2020-10-20,ledoit_wolf,equal_weight,0.016883,0.011438,0.000285,0.000131,12.102213,0.062500,4833.029479,2.397387,0.812124,0.063492,0.006419,0.000001
2020-10-20,ledoit_wolf,inverse_variance,0.008292,0.005964,0.000069,0.000036,13.515546,0.176045,4833.029479,2.397387,0.812124,0.063492,0.006419,0.000001
2020-10-20,ledoit_wolf,minimum_variance,0.006375,0.006596,0.000041,0.000044,4.863198,0.204552,4833.029479,2.397387,0.812124,0.063492,0.006419,0.000001
2020-10-20,ledoit_wolf,risk_parity,0.007319,0.005569,0.000054,0.000031,16.000000,0.169886,4833.029479,2.397387,0.812124,0.063492,0.006419,0.000001
2020-10-20,ledoit_wolf,hrp,0.005729,0.004890,0.000033,0.000024,5.582603,0.286927,4833.029479,2.397387,0.812124,0.063492,0.006419,0.000001
2020-10-20,ledoit_wolf,max_diversification,0.006684,0.005600,0.000045,0.000031,7.061296,0.184378,4833.029479,2.397387,0.812124,0.063492,0.006419,0.000001
2020-10-20,constant_corr,equal_weight,0.017266,0.011438,0.000298,0.000131,12.082898,0.062500,4833.029479,2.397387,0.812124,0.063492,0.006419,0.000001
2020-10-20,constant_corr,inverse_variance,0.005717,0.004562,0.000033,0.000021,14.718956,0.322882,4833.029479,2.397387,0.812124,0.063492,0.006419,0.000001
2020-10-20,constant_corr,minimum_variance,0.006137,0.006569,0.000038,0.000043,4.493060,0.210520,4833.029479,2.397387,0.812124,0.063492,0.006419,0.000001
2020-10-20,constant_corr,risk_parity,0.006000,0.004745,0.000036,0.000023,16.000000,0.261419,4833.029479,2.397387,0.812124,0.063492,0.006419,0.000001
2020-10-20,constant_corr,hrp,0.004430,0.004183,0.000020,0.000018,3.170647,0.461783,4833.029479,2.397387,0.812124,0.063492,0.006419,0.000001
2020-10-20,constant_corr,max_diversification,0.006476,0.005545,0.000042,0.000031,6.503807,0.188164,4833.029479,2.397387,0.812124,0.063492,0.006419,0.000001
2020-10-20,rmt_hard,equal_weight,0.017313,0.011438,0.000300,0.000131,12.069856,0.062500,4833.029479,2.397387,0.812124,0.063492,0.006419,0.000001
2020-10-20,rmt_hard,inverse_variance,0.005716,0.004560,0.000033,0.000021,14.672444,0.322573,4833.029479,2.397387,0.812124,0.063492,0.006419,0.000001
2020-10-20,rmt_hard,minimum_variance,0.006123,0.006564,0.000037,0.000043,4.487416,0.210585,4833.029479,2.397387,0.812124,0.063492,0.006419,0.000001
2020-10-20,rmt_hard,risk_parity,0.005972,0.004736,0.000036,0.000022,16.000000,0.262570,4833.029479,2.397387,0.812124,0.063492,0.006419,0.000001
2020-10-20,rmt_hard,hrp,0.004428,0.004243,0.000020,0.000018,3.338207,0.448708,4833.029479,2.397387,0.812124,0.063492,0.006419,0.000001
2020-10-20,rmt_hard,max_diversification,0.006454,0.005537,0.000042,0.000031,6.398170,0.188798,4833.029479,2.397387,0.812124,0.063492,0.006419,0.000001
2020-10-20,rmt_soft,equal_weight,0.017313,0.011438,0.000300,0.000131,12.069838,0.062500,4833.029479,2.397387,0.812124,0.063492,0.006419,0.000001
2020-10-20,rmt_soft,inverse_variance,0.005705,0.004557,0.000033,0.000021,14.687555,0.323165,4833.029479,2.397387,0.812124,0.063492,0.006419,0.000001
2020-10-20,rmt_soft,minimum_variance,0.006125,0.006566,0.000038,0.000043,4.491938,0.210494,4833.029479,2.397387,0.812124,0.063492,0.006419,0.000001
2020-10-20,rmt_soft,risk_parity,0.005972,0.004735,0.000036,0.000022,16.000000,0.262601,4833.029479,2.397387,0.812124,0.063492,0.006419,0.000001
2020-10-20,rmt_soft,hrp,0.004428,0.004245,0.000020,0.000018,3.332380,0.448905,4833.029479,2.397387,0.812124,0.063492,0.006419,0.000001
2020-10-20,rmt_soft,max_diversification,0.006459,0.005541,0.000042,0.000031,6.447435,0.188519,4833.029479,2.397387,0.812124,0.063492,0.006419,0.000001
2020-10-20,rmt_rie,equal_weight,0.016277,0.011438,0.000265,0.000131,12.062859,0.062500,4833.029479,2.397387,0.812124,0.063492,0.006419,0.000001
2020-10-20,rmt_rie,inverse_variance,0.005337,0.004537,0.000028,0.000021,14.754407,0.326662,4833.029479,2.397387,0.812124,0.063492,0.006419,0.000001
2020-10-20,rmt_rie,minimum_variance,0.005784,0.006576,0.000033,0.000043,4.536540,0.209079,4833.029479,2.397387,0.812124,0.063492,0.006419,0.000001
2020-10-20,rmt_rie,risk_parity,0.005635,0.004747,0.000032,0.000023,16.000000,0.260555,4833.029479,2.397387,0.812124,0.063492,0.006419,0.000001
2020-10-20,rmt_rie,hrp,0.004150,0.004191,0.000017,0.000018,3.269336,0.454571,4833.029479,2.397387,0.812124,0.063492,0.006419,0.000001
2020-10-20,rmt_rie,max_diversification,0.006110,0.005574,0.000037,0.000031,6.867515,0.186559,4833.029479,2.397387,0.812124,0.063492,0.006419,0.000001
2020-10-20,factor_model,equal_weight,0.017324,0.011438,0.000300,0.000131,11.975178,0.062500,4833.029479,2.397387,0.812124,0.063492,0.006419,0.000001
2020-10-20,factor_model,inverse_variance,0.005221,0.004562,0.000027,0.000021,10.671539,0.322882,4833.029479,2.397387,0.812124,0.063492,0.006419,0.000001
2020-10-20,factor_model,minimum_variance,0.004983,0.006901,0.000025,0.000048,3.924530,0.209798,4833.029479,2.397387,0.812124,0.063492,0.006419,0.000001
2020-10-20,factor_model,risk_parity,0.004044,0.004461,0.000016,0.000020,16.000000,0.312257,4833.029479,2.397387,0.812124,0.063492,0.006419,0.000001
2020-10-20,factor_model,hrp,0.003261,0.004159,0.000011,0.000017,1.631363,0.519649,4833.029479,2.397387,0.812124,0.063492,0.006419,0.000001
2020-10-20,factor_model,max_diversification,0.005152,0.006203,0.000027,0.000038,4.399229,0.206656,4833.029479,2.397387,0.812124,0.063492,0.006419,0.000001
2020-11-18,sample,equal_weight,0.017611,0.006579,0.000310,0.000043,12.045666,0.062500,5074.567350,2.450391,0.804098,0.063492,0.006661,0.000001
2020-11-18,sample,inverse_variance,0.005654,0.002297,0.000032,0.000005,14.731335,0.333857,5074.567350,2.450391,0.804098,0.063492,0.006661,0.000001
2020-11-18,sample,minimum_variance,0.006241,0.003578,0.000039,0.000013,4.417579,0.211861,5074.567350,2.450391,0.804098,0.063492,0.006661,0.000001
2020-11-18,sample,risk_parity,0.005965,0.002475,0.000036,0.000006,16.000000,0.269818,5074.567350,2.450391,0.804098,0.063492,0.006661,0.000001
2020-11-18,sample,hrp,0.004399,0.002475,0.000019,0.000006,3.038247,0.473086,5074.567350,2.450391,0.804098,0.063492,0.006661,0.000001
2020-11-18,sample,max_diversification,0.006587,0.003360,0.000043,0.000011,6.097734,0.192808,5074.567350,2.450391,0.804098,0.063492,0.006661,0.000001
2020-11-18,ledoit_wolf,equal_weight,0.017198,0.006579,0.000296,0.000043,12.076424,0.062500,5074.567350,2.450391,0.804098,0.063492,0.006661,0.000001
2020-11-18,ledoit_wolf,inverse_variance,0.008257,0.003045,0.000068,0.000009,13.539782,0.183309,5074.567350,2.450391,0.804098,0.063492,0.006661,0.000001
2020-11-18,ledoit_wolf,minimum_variance,0.006488,0.003532,0.000042,0.000012,4.725989,0.207600,5074.567350,2.450391,0.804098,0.063492,0.006661,0.000001
2020-11-18,ledoit_wolf,risk_parity,0.007357,0.002905,0.000054,0.000008,16.000000,0.172948,5074.567350,2.450391,0.804098,0.063492,0.006661,0.000001
2020-11-18,ledoit_wolf,hrp,0.005707,0.002738,0.000033,0.000007,5.401848,0.296866,5074.567350,2.450391,0.804098,0.063492,0.006661,0.000001
2020-11-18,ledoit_wolf,max_diversification,0.006825,0.003361,0.000047,0.000011,6.984898,0.186047,5074.567350,2.450391,0.804098,0.063492,0.006661,0.000001
2020-11-18,constant_corr,equal_weight,0.017565,0.006579,0.000309,0.000043,12.056060,0.062500,5074.567350,2.450391,0.804098,0.063492,0.006661,0.000001
2020-11-18,constant_corr,inverse_variance,0.005657,0.002297,0.000032,0.000005,14.771892,0.333857,5074.567350,2.450391,0.804098,0.063492,0.006661,0.000001
2020-11-18,constant_corr,minimum_variance,0.006250,0.003583,0.000039,0.000013,4.411994,0.212070,5074.567350,2.450391,0.804098,0.063492,0.006661,0.000001
2020-11-18,constant_corr,risk_parity,0.005987,0.002478,0.000036,0.000006,16.000000,0.268707,5074.567350,2.450391,0.804098,0.063492,0.006661,0.000001
2020-11-18,constant_corr,hrp,0.004401,0.002472,0.000019,0.000006,3.057626,0.472879,5074.567350,2.450391,0.804098,0.063492,0.006661,0.000001
2020-11-18,constant_corr,max_diversification,0.006599,0.003360,0.000044,0.000011,6.132586,0.192566,5074.567350,2.450391,0.804098,0.063492,0.006661,0.000001
2020-11-18,rmt_hard,equal_weight,0.017611,0.006579,0.000310,0.000043,12.045700,0.062500,5074.567350,2.450391,0.804098,0.063492,0.006661,0.000001
2020-11-18,rmt_hard,inverse_variance,0.005662,0.002300,0.000032,0.000005,14.737303,0.333315,5074.567350,2.450391,0.804098,0.063492,0.006661,0.000001
2020-11-18,rmt_hard,minimum_variance,0.006239,0.003573,0.000039,0.000013,4.418307,0.211783,5074.567350,2.450391,0.804098,0.063492,0.006661,0.000001
2020-11-18,rmt_hard,risk_parity,0.005966,0.002475,0.000036,0.000006,16.000000,0.269591,5074.567350,2.450391,0.804098,0.063492,0.006661,0.000001
2020-11-18,rmt_hard,hrp,0.004403,0.002485,0.000019,0.000006,3.229022,0.459596,5074.567350,2.450391,0.804098,0.063492,0.006661,0.000001
2020-11-18,rmt_hard,max_diversification,0.006580,0.003355,0.000043,0.000011,5.999363,0.193416,5074.567350,2.450391,0.804098,0.063492,0.006661,0.000001
2020-11-18,rmt_soft,equal_weight,0.017611,0.006579,0.000310,0.000043,12.045649,0.062500,5074.567350,2.450391,0.804098,0.063492,0.006661,0.000001
2020-11-18,rmt_soft,inverse_variance,0.005650,0.002297,0.000032,0.000005,14.754051,0.334050,5074.567350,2.450391,0.804098,0.063492,0.006661,0.000001
2020-11-18,rmt_soft,minimum_variance,0.006242,0.003577,0.000039,0.000013,4.417770,0.211832,5074.567350,2.450391,0.804098,0.063492,0.006661,0.000001
2020-11-18,rmt_soft,risk_parity,0.005966,0.002475,0.000036,0.000006,16.000000,0.269661,5074.567350,2.450391,0.804098,0.063492,0.006661,0.000001
2020-11-18,rmt_soft,hrp,0.004404,0.002485,0.000019,0.000006,3.223316,0.459849,5074.567350,2.450391,0.804098,0.063492,0.006661,0.000001
2020-11-18,rmt_soft,max_diversification,0.006586,0.003359,0.000043,0.000011,6.069611,0.192989,5074.567350,2.450391,0.804098,0.063492,0.006661,0.000001
2020-11-18,rmt_rie,equal_weight,0.016557,0.006579,0.000274,0.000043,12.037890,0.062500,5074.567350,2.450391,0.804098,0.063492,0.006661,0.000001
2020-11-18,rmt_rie,inverse_variance,0.005291,0.002280,0.000028,0.000005,14.813626,0.337357,5074.567350,2.450391,0.804098,0.063492,0.006661,0.000001
2020-11-18,rmt_rie,minimum_variance,0.005896,0.003612,0.000035,0.000013,4.455206,0.210659,5074.567350,2.450391,0.804098,0.063492,0.006661,0.000001
2020-11-18,rmt_rie,risk_parity,0.005636,0.002486,0.000032,0.000006,16.000000,0.266869,5074.567350,2.450391,0.804098,0.063492,0.006661,0.000001
2020-11-18,rmt_rie,hrp,0.004129,0.002447,0.000017,0.000006,3.163776,0.464855,5074.567350,2.450391,0.804098,0.063492,0.006661,0.000001
2020-11-18,rmt_rie,max_diversification,0.006254,0.003415,0.000039,0.000012,6.843650,0.188065,5074.567350,2.450391,0.804098,0.063492,0.006661,0.000001
2020-11-18,factor_model,equal_weight,0.017628,0.006579,0.000311,0.000043,11.964526,0.062500,5074.567350,2.450391,0.804098,0.063492,0.006661,0.000001
2020-11-18,factor_model,inverse_variance,0.005190,0.002297,0.000027,0.000005,10.905825,0.333857,5074.567350,2.450391,0.804098,0.063492,0.006661,0.000001
2020-11-18,factor_model,minimum_variance,0.005152,0.003608,0.000027,0.000013,3.308685,0.223862,5074.567350,2.450391,0.804098,0.063492,0.006661,0.000001
2020-11-18,factor_model,risk_parity,0.004099,0.002419,0.000017,0.000006,16.000000,0.317709,5074.567350,2.450391,0.804098,0.063492,0.006661,0.000001
2020-11-18,factor_model,hrp,0.003276,0.002368,0.000011,0.000006,1.583876,0.529742,5074.567350,2.450391,0.804098,0.063492,0.006661,0.000001
2020-11-18,factor_model,max_diversification,0.005423,0.003716,0.000029,0.000014,4.360016,0.206628,5074.567350,2.450391,0.804098,0.063492,0.006661,0.000001
2020-12-18,sample,equal_weight,0.017684,0.005844,0.000313,0.000034,12.027867,0.062500,5202.489397,2.472117,0.800567,0.063492,0.006727,0.000001
2020-12-18,sample,inverse_variance,0.005485,0.002267,0.000030,0.000005,14.753241,0.347305,5202.489397,2.472117,0.800567,0.063492,0.006727,0.000001
2020-12-18,sample,minimum_variance,0.006232,0.003609,0.000039,0.000013,4.345211,0.212654,5202.489397,2.472117,0.800567,0.063492,0.006727,0.000001
2020-12-18,sample,risk_parity,0.005817,0.002384,0.000034,0.000006,16.000000,0.279774,5202.489397,2.472117,0.800567,0.063492,0.006727,0.000001
2020-12-18,sample,hrp,0.004279,0.002676,0.000018,0.000007,2.849834,0.491370,5202.489397,2.472117,0.800567,0.063492,0.006727,0.000001
2020-12-18,sample,max_diversification,0.006580,0.003251,0.000043,0.000011,6.094336,0.192768,5202.489397,2.472117,0.800567,0.063492,0.006727,0.000001
2020-12-18,ledoit_wolf,equal_weight,0.017278,0.005844,0.000299,0.000034,12.058267,0.062500,5202.489397,2.472117,0.800567,0.063492,0.006727,0.000001
2020-12-18,ledoit_wolf,inverse_variance,0.008178,0.002897,0.000067,0.000008,13.476059,0.188158,5202.489397,2.472117,0.800567,0.063492,0.006727,0.000001
2020-12-18,ledoit_wolf,minimum_variance,0.006481,0.003559,0.000042,0.000013,4.709714,0.207446,5202.489397,2.472117,0.800567,0.063492,0.006727,0.000001
2020-12-18,ledoit_wolf,risk_parity,0.007282,0.002798,0.000053,0.000008,16.000000,0.175547,5202.489397,2.472117,0.800567,0.063492,0.006727,0.000001
2020-12-18,ledoit_wolf,hrp,0.005639,0.002958,0.000032,0.000009,5.278516,0.305262,5202.489397,2.472117,0.800567,0.063492,0.006727,0.000001
2020-12-18,ledoit_wolf,max_diversification,0.006823,0.003258,0.000047,0.000011,6.999249,0.185968,5202.489397,2.472117,0.800567,0.063492,0.006727,0.000001
2020-12-18,constant_corr,equal_weight,0.017637,0.005844,0.000311,0.000034,12.038427,0.062500,5202.489397,2.472117,0.800567,0.063492,0.006727,0.000001
2020-12-18,constant_corr,inverse_variance,0.005489,0.002267,0.000030,0.000005,14.795530,0.347305,5202.489397,2.472117,0.800567,0.063492,0.006727,0.000001
2020-12-18,constant_corr,minimum_variance,0.006241,0.003615,0.000039,0.000013,4.342236,0.212828,5202.489397,2.472117,0.800567,0.063492,0.006727,0.000001
2020-12-18,constant_corr,risk_parity,0.005840,0.002387,0.000034,0.000006,16.000000,0.278547,5202.489397,2.472117,0.800567,0.063492,0.006727,0.000001
2020-12-18,constant_corr,hrp,0.004282,0.002673,0.000018,0.000007,2.868900,0.491152,5202.489397,2.472117,0.800567,0.063492,0.006727,0.000001
2020-12-18,constant_corr,max_diversification,0.006593,0.003254,0.000043,0.000011,6.136371,0.192473,5202.489397,2.472117,0.800567,0.063492,0.006727,0.000001
2020-12-18,rmt_hard,equal_weight,0.017684,0.005844,0.000313,0.000034,12.027925,0.062500,5202.489397,2.472117,0.800567,0.063492,0.006727,0.000001
2020-12-18,rmt_hard,inverse_variance,0.005495,0.002268,0.000030,0.000005,14.754695,0.346591,5202.489397,2.472117,0.800567,0.063492,0.006727,0.000001
2020-12-18,rmt_hard,minimum_variance,0.006230,0.003607,0.000039,0.000013,4.335275,0.212868,5202.489397,2.472117,0.800567,0.063492,0.006727,0.000001
2020-12-18,rmt_hard,risk_parity,0.005819,0.002385,0.000034,0.000006,16.000000,0.279493,5202.489397,2.472117,0.800567,0.063492,0.006727,0.000001
2020-12-18,rmt_hard,hrp,0.004277,0.002736,0.000018,0.000007,3.028438,0.477950,5202.489397,2.472117,0.800567,0.063492,0.006727,0.000001
2020-12-18,rmt_hard,max_diversification,0.006573,0.003240,0.000043,0.000010,6.028048,0.193162,5202.489397,2.472117,0.800567,0.063492,0.006727,0.000001
2020-12-18,rmt_soft,equal_weight,0.017684,0.005844,0.000313,0.000034,12.027857,0.062500,5202.489397,2.472117,0.800567,0.063492,0.006727,0.000001
2020-12-18,rmt_soft,inverse_variance,0.005481,0.002266,0.000030,0.000005,14.776032,0.347458,5202.489397,2.472117,0.800567,0.063492,0.006727,0.000001
2020-12-18,rmt_soft,minimum_variance,0.006233,0.003609,0.000039,0.000013,4.343092,0.212691,5202.489397,2.472117,0.800567,0.063492,0.006727,0.000001
2020-12-18,rmt_soft,risk_parity,0.005818,0.002384,0.000034,0.000006,16.000000,0.279583,5202.489397,2.472117,0.800567,0.063492,0.006727,0.000001
2020-12-18,rmt_soft,hrp,0.004208,0.002559,0.000018,0.000007,3.000463,0.476331,5202.489397,2.472117,0.800567,0.063492,0.006727,0.000001
2020-12-18,rmt_soft,max_diversification,0.006579,0.003249,0.000043,0.000011,6.078980,0.192859,5202.489397,2.472117,0.800567,0.063492,0.006727,0.000001
2020-12-18,rmt_rie,equal_weight,0.016626,0.005844,0.000276,0.000034,12.018739,0.062500,5202.489397,2.472117,0.800567,0.063492,0.006727,0.000001
2020-12-18,rmt_rie,inverse_variance,0.005127,0.002249,0.000026,0.000005,14.849216,0.351258,5202.489397,2.472117,0.800567,0.063492,0.006727,0.000001
2020-12-18,rmt_rie,minimum_variance,0.005890,0.003634,0.000035,0.000013,4.429290,0.210218,5202.489397,2.472117,0.800567,0.063492,0.006727,0.000001
2020-12-18,rmt_rie,risk_parity,0.005499,0.002397,0.000030,0.000006,16.000000,0.276539,5202.489397,2.472117,0.800567,0.063492,0.006727,0.000001
2020-12-18,rmt_rie,hrp,0.004013,0.002658,0.000016,0.000007,2.757375,0.496596,5202.489397,2.472117,0.800567,0.063492,0.006727,0.000001
2020-12-18,rmt_rie,max_diversification,0.006242,0.003377,0.000039,0.000011,6.770098,0.188277,5202.489397,2.472117,0.800567,0.063492,0.006727,0.000001
2020-12-18,factor_model,equal_weight,0.017704,0.005844,0.000313,0.000034,11.952039,0.062500,5202.489397,2.472117,0.800567,0.063492,0.006727,0.000001
2020-12-18,factor_model,inverse_variance,0.005033,0.002267,0.000025,0.000005,10.880458,0.347305,5202.489397,2.472117,0.800567,0.063492,0.006727,0.000001
2020-12-18,factor_model,minimum_variance,0.005182,0.003896,0.000027,0.000015,3.216010,0.224429,5202.489397,2.472117,0.800567,0.063492,0.006727,0.000001
2020-12-18,factor_model,risk_parity,0.004025,0.002386,0.000016,0.000006,16.000000,0.324999,5202.489397,2.472117,0.800567,0.063492,0.006727,0.000001
2020-12-18,factor_model,hrp,0.003236,0.002549,0.000010,0.000006,1.446994,0.550987,5202.489397,2.472117,0.800567,0.063492,0.006727,0.000001
2020-12-18,factor_model,max_diversification,0.005460,0.003866,0.000030,0.000015,4.231063,0.206737,5202.489397,2.472117,0.800567,0.063492,0.006727,0.000001
2021-01-21,sample,equal_weight,0.017742,0.007519,0.000315,0.000057,12.019224,0.062500,4740.751420,2.524215,0.794629,0.063492,0.006778,0.000001
2021-01-21,sample,inverse_variance,0.005441,0.003224,0.000030,0.000010,14.790632,0.352878,4740.751420,2.524215,0.794629,0.063492,0.006778,0.000001
2021-01-21,sample,minimum_variance,0.006262,0.004051,0.000039,0.000016,4.394724,0.210715,4740.751420,2.524215,0.794629,0.063492,0.006778,0.000001
2021-01-21,sample,risk_parity,0.005797,0.003467,0.000034,0.000012,16.000000,0.281966,4740.751420,2.524215,0.794629,0.063492,0.006778,0.000001
2021-01-21,sample,hrp,0.004269,0.002877,0.000018,0.000008,2.801218,0.497198,4740.751420,2.524215,0.794629,0.063492,0.006778,0.000001
2021-01-21,sample,max_diversification,0.006612,0.003950,0.000044,0.000016,6.048212,0.192440,4740.751420,2.524215,0.794629,0.063492,0.006778,0.000001
2021-01-21,ledoit_wolf,equal_weight,0.017340,0.007519,0.000301,0.000057,12.049483,0.062500,4740.751420,2.524215,0.794629,0.063492,0.006778,0.000001
2021-01-21,ledoit_wolf,inverse_variance,0.008159,0.004153,0.000067,0.000017,13.463552,0.190771,4740.751420,2.524215,0.794629,0.063492,0.006778,0.000001
2021-01-21,ledoit_wolf,minimum_variance,0.006509,0.004038,0.000042,0.000016,4.699279,0.207369,4740.751420,2.524215,0.794629,0.063492,0.006778,0.000001
2021-01-21,ledoit_wolf,risk_parity,0.007281,0.004097,0.000053,0.000017,16.000000,0.176285,4740.751420,2.524215,0.794629,0.063492,0.006778,0.000001
2021-01-21,ledoit_wolf,hrp,0.005637,0.003276,0.000032,0.000011,5.222770,0.308855,4740.751420,2.524215,0.794629,0.063492,0.006778,0.000001
2021-01-21,ledoit_wolf,max_diversification,0.006854,0.004018,0.000047,0.000016,6.958199,0.185833,4740.751420,2.524215,0.794629,0.063492,0.006778,0.000001
2021-01-21,constant_corr,equal_weight,0.017694,0.007519,0.000313,0.000057,12.030761,0.062500,4740.751420,2.524215,0.794629,0.063492,0.006778,0.000001
2021-01-21,constant_corr,inverse_variance,0.005447,0.003224,0.000030,0.000010,14.834269,0.352878,4740.751420,2.524215,0.794629,0.063492,0.006778,0.000001
2021-01-21,constant_corr,minimum_variance,0.006274,0.004054,0.000039,0.000016,4.390863,0.210924,4740.751420,2.524215,0.794629,0.063492,0.006778,0.000001
2021-01-21,constant_corr,risk_parity,0.005825,0.003473,0.000034,0.000012,16.000000,0.280616,4740.751420,2.524215,0.794629,0.063492,0.006778,0.000001
2021-01-21,constant_corr,hrp,0.004274,0.002876,0.000018,0.000008,2.821513,0.496974,4740.751420,2.524215,0.794629,0.063492,0.006778,0.000001
2021-01-21,constant_corr,max_diversification,0.006631,0.003955,0.000044,0.000016,6.119457,0.191935,4740.751420,2.524215,0.794629,0.063492,0.006778,0.000001
2021-01-21,rmt_hard,equal_weight,0.017742,0.007519,0.000315,0.000057,12.019291,0.062500,4740.751420,2.524215,0.794629,0.063492,0.006778,0.000001
2021-01-21,rmt_hard,inverse_variance,0.005456,0.003228,0.000030,0.000010,14.785647,0.351864,4740.751420,2.524215,0.794629,0.063492,0.006778,0.000001
2021-01-21,rmt_hard,minimum_variance,0.006260,0.004046,0.000039,0.000016,4.388560,0.210815,4740.751420,2.524215,0.794629,0.063492,0.006778,0.000001
2021-01-21,rmt_hard,risk_parity,0.005801,0.003468,0.000034,0.000012,16.000000,0.281547,4740.751420,2.524215,0.794629,0.063492,0.006778,0.000001
2021-01-21,rmt_hard,hrp,0.004268,0.002896,0.000018,0.000008,2.972360,0.484121,4740.751420,2.524215,0.794629,0.063492,0.006778,0.000001
2021-01-21,rmt_hard,max_diversification,0.006598,0.003932,0.000044,0.000015,5.886356,0.193592,4740.751420,2.524215,0.794629,0.063492,0.006778,0.000001
2021-01-21,rmt_soft,equal_weight,0.017742,0.007519,0.000315,0.000057,12.019220,0.062500,4740.751420,2.524215,0.794629,0.063492,0.006778,0.000001
2021-01-21,rmt_soft,inverse_variance,0.005440,0.003223,0.000030,0.000010,14.809488,0.352839,4740.751420,2.524215,0.794629,0.063492,0.006778,0.000001
2021-01-21,rmt_soft,minimum_variance,0.006263,0.004050,0.000039,0.000016,4.393201,0.210729,4740.751420,2.524215,0.794629,0.063492,0.006778,0.000001
2021-01-21,rmt_soft,risk_parity,0.005800,0.003468,0.000034,0.000012,16.000000,0.281684,4740.751420,2.524215,0.794629,0.063492,0.006778,0.000001
2021-01-21,rmt_soft,hrp,0.004268,0.002896,0.000018,0.000008,2.967111,0.484423,4740.751420,2.524215,0.794629,0.063492,0.006778,0.000001
2021-01-21,rmt_soft,max_diversification,0.006608,0.003943,0.000044,0.000016,5.982999,0.192924,4740.751420,2.524215,0.794629,0.063492,0.006778,0.000001
2021-01-21,rmt_rie,equal_weight,0.016681,0.007519,0.000278,0.000057,12.010025,0.062500,4740.751420,2.524215,0.794629,0.063492,0.006778,0.000001
2021-01-21,rmt_rie,inverse_variance,0.005081,0.003211,0.000026,0.000010,14.885032,0.357057,4740.751420,2.524215,0.794629,0.063492,0.006778,0.000001
2021-01-21,rmt_rie,minimum_variance,0.005911,0.004039,0.000035,0.000016,4.427782,0.209587,4740.751420,2.524215,0.794629,0.063492,0.006778,0.000001
2021-01-21,rmt_rie,risk_parity,0.005478,0.003475,0.000030,0.000012,16.000000,0.278920,4740.751420,2.524215,0.794629,0.063492,0.006778,0.000001
2021-01-21,rmt_rie,hrp,0.004002,0.002814,0.000016,0.000008,2.582751,0.510002,4740.751420,2.524215,0.794629,0.063492,0.006778,0.000001
2021-01-21,rmt_rie,max_diversification,0.006260,0.004023,0.000039,0.000016,6.708505,0.187703,4740.751420,2.524215,0.794629,0.063492,0.006778,0.000001
2021-01-21,factor_model,equal_weight,0.017767,0.007519,0.000316,0.000057,11.949171,0.062500,4740.751420,2.524215,0.794629,0.063492,0.006778,0.000001
2021-01-21,factor_model,inverse_variance,0.005009,0.003224,0.000025,0.000010,11.033948,0.352878,4740.751420,2.524215,0.794629,0.063492,0.006778,0.000001
2021-01-21,factor_model,minimum_variance,0.005279,0.004092,0.000028,0.000017,3.218298,0.224253,4740.751420,2.524215,0.794629,0.063492,0.006778,0.000001
2021-01-21,factor_model,risk_parity,0.004055,0.003280,0.000016,0.000011,16.000000,0.327423,4740.751420,2.524215,0.794629,0.063492,0.006778,0.000001
2021-01-21,factor_model,hrp,0.003273,0.002776,0.000011,0.000008,1.459300,0.555493,4740.751420,2.524215,0.794629,0.063492,0.006778,0.000001
2021-01-21,factor_model,max_diversification,0.005568,0.004222,0.000031,0.000018,4.078607,0.207454,4740.751420,2.524215,0.794629,0.063492,0.006778,0.000001
2021-02-22,sample,equal_weight,0.017806,0.009315,0.000317,0.000087,12.057976,0.062500,4883.943972,2.542779,0.792083,0.063492,0.006805,0.000001
2021-02-22,sample,inverse_variance,0.005434,0.005499,0.000030,0.000030,14.915197,0.359589,4883.943972,2.542779,0.792083,0.063492,0.006805,0.000001
2021-02-22,sample,minimum_variance,0.006332,0.005543,0.000040,0.000031,4.302189,0.213018,4883.943972,2.542779,0.792083,0.063492,0.006805,0.000001
2021-02-22,sample,risk_parity,0.005869,0.005767,0.000034,0.000033,16.000000,0.282307,4883.943972,2.542779,0.792083,0.063492,0.006805,0.000001
2021-02-22,sample,hrp,0.004255,0.005028,0.000018,0.000025,2.785754,0.504384,4883.943972,2.542779,0.792083,0.063492,0.006805,0.000001
2021-02-22,sample,max_diversification,0.006698,0.005423,0.000045,0.000029,5.916592,0.194194,4883.943972,2.542779,0.792083,0.063492,0.006805,0.000001
2021-02-22,ledoit_wolf,equal_weight,0.017405,0.009315,0.000303,0.000087,12.087806,0.062500,4883.943972,2.542779,0.792083,0.063492,0.006805,0.000001
2021-02-22,ledoit_wolf,inverse_variance,0.008187,0.006303,0.000067,0.000040,13.591036,0.193219,4883.943972,2.542779,0.792083,0.063492,0.006805,0.000001
2021-02-22,ledoit_wolf,minimum_variance,0.006577,0.005544,0.000043,0.000031,4.641800,0.208615,4883.943972,2.542779,0.792083,0.063492,0.006805,0.000001
2021-02-22,ledoit_wolf,risk_parity,0.007366,0.006357,0.000054,0.000040,16.000000,0.176465,4883.943972,2.542779,0.792083,0.063492,0.006805,0.000001
2021-02-22,ledoit_wolf,hrp,0.005657,0.005300,0.000032,0.000028,5.240154,0.312237,4883.943972,2.542779,0.792083,0.063492,0.006805,0.000001
2021-02-22,ledoit_wolf,max_diversification,0.006935,0.005484,0.000048,0.000030,6.839389,0.187224,4883.943972,2.542779,0.792083,0.063492,0.006805,0.000001
2021-02-22,constant_corr,equal_weight,0.017759,0.009315,0.000315,0.000087,12.068009,0.062500,4883.943972,2.542779,0.792083,0.063492,0.006805,0.000001
2021-02-22,constant_corr,inverse_variance,0.005438,0.005499,0.000030,0.000030,14.942232,0.359589,4883.943972,2.542779,0.792083,0.063492,0.006805,0.000001
2021-02-22,constant_corr,minimum_variance,0.006340,0.005546,0.000040,0.000031,4.302105,0.213125,4883.943972,2.542779,0.792083,0.063492,0.006805,0.000001
2021-02-22,constant_corr,risk_parity,0.005892,0.005772,0.000035,0.000033,16.000000,0.281125,4883.943972,2.542779,0.792083,0.063492,0.006805,0.000001
2021-02-22,constant_corr,hrp,0.004257,0.005028,0.000018,0.000025,2.803278,0.504191,4883.943972,2.542779,0.792083,0.063492,0.006805,0.000001
2021-02-22,constant_corr,max_diversification,0.006713,0.005427,0.000045,0.000029,5.981929,0.193714,4883.943972,2.542779,0.792083,0.063492,0.006805,0.000001
2021-02-22,rmt_hard,equal_weight,0.017806,0.009315,0.000317,0.000087,12.058045,0.062500,4883.943972,2.542779,0.792083,0.063492,0.006805,0.000001
2021-02-22,rmt_hard,inverse_variance,0.005449,0.005499,0.000030,0.000030,14.913556,0.358531,4883.943972,2.542779,0.792083,0.063492,0.006805,0.000001
2021-02-22,rmt_hard,minimum_variance,0.006329,0.005535,0.000040,0.000031,4.286387,0.213378,4883.943972,2.542779,0.792083,0.063492,0.006805,0.000001
2021-02-22,rmt_hard,risk_parity,0.005873,0.005769,0.000034,0.000033,16.000000,0.281863,4883.943972,2.542779,0.792083,0.063492,0.006805,0.000001
2021-02-22,rmt_hard,hrp,0.004254,0.004961,0.000018,0.000025,2.944034,0.492403,4883.943972,2.542779,0.792083,0.063492,0.006805,0.000001
2021-02-22,rmt_hard,max_diversification,0.006669,0.005406,0.000044,0.000029,5.608009,0.196568,4883.943972,2.542779,0.792083,0.063492,0.006805,0.000001
2021-02-22,rmt_soft,equal_weight,0.017806,0.009315,0.000317,0.000087,12.057976,0.062500,4883.943972,2.542779,0.792083,0.063492,0.006805,0.000001
2021-02-22,rmt_soft,inverse_variance,0.005434,0.005496,0.000030,0.000030,14.931023,0.359509,4883.943972,2.542779,0.792083,0.063492,0.006805,0.000001
2021-02-22,rmt_soft,minimum_variance,0.006332,0.005541,0.000040,0.000031,4.299006,0.213077,4883.943972,2.542779,0.792083,0.063492,0.006805,0.000001
2021-02-22,rmt_soft,risk_parity,0.005872,0.005768,0.000034,0.000033,16.000000,0.282001,4883.943972,2.542779,0.792083,0.063492,0.006805,0.000001
2021-02-22,rmt_soft,hrp,0.004254,0.004962,0.000018,0.000025,2.939433,0.492676,4883.943972,2.542779,0.792083,0.063492,0.006805,0.000001
2021-02-22,rmt_soft,max_diversification,0.006692,0.005418,0.000045,0.000029,5.842948,0.194739,4883.943972,2.542779,0.792083,0.063492,0.006805,0.000001
2021-02-22,rmt_rie,equal_weight,0.016740,0.009315,0.000280,0.000087,12.048157,0.062500,4883.943972,2.542779,0.792083,0.063492,0.006805,0.000001
2021-02-22,rmt_rie,inverse_variance,0.005061,0.005491,0.000026,0.000030,14.995769,0.364905,4883.943972,2.542779,0.792083,0.063492,0.006805,0.000001
2021-02-22,rmt_rie,minimum_variance,0.005989,0.005562,0.000036,0.000031,4.366008,0.210974,4883.943972,2.542779,0.792083,0.063492,0.006805,0.000001
2021-02-22,rmt_rie,risk_parity,0.005542,0.005778,0.000031,0.000033,16.000000,0.279486,4883.943972,2.542779,0.792083,0.063492,0.006805,0.000001
2021-02-22,rmt_rie,hrp,0.003987,0.005024,0.000016,0.000025,2.678549,0.510686,4883.943972,2.542779,0.792083,0.063492,0.006805,0.000001
2021-02-22,rmt_rie,max_diversification,0.006356,0.005542,0.000040,0.000031,6.640839,0.188765,4883.943972,2.542779,0.792083,0.063492,0.006805,0.000001
2021-02-22,factor_model,equal_weight,0.017835,0.009315,0.000318,0.000087,11.994379,0.062500,4883.943972,2.542779,0.792083,0.063492,0.006805,0.000001
2021-02-22,factor_model,inverse_variance,0.005030,0.005499,0.000025,0.000030,11.624262,0.359589,4883.943972,2.542779,0.792083,0.063492,0.006805,0.000001
2021-02-22,factor_model,minimum_variance,0.005407,0.005618,0.000029,0.000032,3.303764,0.222235,4883.943972,2.542779,0.792083,0.063492,0.006805,0.000001
2021-02-22,factor_model,risk_parity,0.004197,0.005634,0.000018,0.000032,16.000000,0.327805,4883.943972,2.542779,0.792083,0.063492,0.006805,0.000001
2021-02-22,factor_model,hrp,0.003308,0.004876,0.000011,0.000024,1.584883,0.552494,4883.943972,2.542779,0.792083,0.063492,0.006805,0.000001
2021-02-22,factor_model,max_diversification,0.005714,0.005603,0.000033,0.000031,3.936778,0.209260,4883.943972,2.542779,0.792083,0.063492,0.006805,0.000001
2021-03-23,sample,equal_weight,0.013002,0.005402,0.000169,0.000029,12.131035,0.062500,3903.440857,3.244429,0.715635,0.063492,0.003643,0.000001
2021-03-23,sample,inverse_variance,0.003831,0.002873,0.000015,0.000008,11.902486,0.429655,3903.440857,3.244429,0.715635,0.063492,0.003643,0.000001
2021-03-23,sample,minimum_variance,0.005100,0.003777,0.000026,0.000014,3.882726,0.218480,3903.440857,3.244429,0.715635,0.063492,0.003643,0.000001
2021-03-23,sample,risk_parity,0.005026,0.003444,0.000025,0.000012,16.000000,0.232604,3903.440857,3.244429,0.715635,0.063492,0.003643,0.000001
2021-03-23,sample,hrp,0.003141,0.003193,0.000010,0.000010,2.872517,0.562584,3903.440857,3.244429,0.715635,0.063492,0.003643,0.000001
2021-03-23,sample,max_diversification,0.005573,0.004304,0.000031,0.000019,4.827949,0.196958,3903.440857,3.244429,0.715635,0.063492,0.003643,0.000001
2021-03-23,ledoit_wolf,equal_weight,0.012713,0.005402,0.000162,0.000029,12.163708,0.062500,3903.440857,3.244429,0.715635,0.063492,0.003643,0.000001
2021-03-23,ledoit_wolf,inverse_variance,0.006080,0.003332,0.000037,0.000011,14.047963,0.207028,3903.440857,3.244429,0.715635,0.063492,0.003643,0.000001
2021-03-23,ledoit_wolf,minimum_variance,0.005270,0.003801,0.000028,0.000014,4.592634,0.206473,3903.440857,3.244429,0.715635,0.063492,0.003643,0.000001
2021-03-23,ledoit_wolf,risk_parity,0.005951,0.003780,0.000035,0.000014,16.000000,0.165861,3903.440857,3.244429,0.715635,0.063492,0.003643,0.000001
2021-03-23,ledoit_wolf,hrp,0.004483,0.003242,0.000020,0.000011,5.629420,0.319935,3903.440857,3.244429,0.715635,0.063492,0.003643,0.000001
2021-03-23,ledoit_wolf,max_diversification,0.005663,0.004189,0.000032,0.000018,5.618005,0.190418,3903.440857,3.244429,0.715635,0.063492,0.003643,0.000001
2021-03-23,constant_corr,equal_weight,0.012967,0.005402,0.000168,0.000029,12.141234,0.062500,3903.440857,3.244429,0.715635,0.063492,0.003643,0.000001
2021-03-23,constant_corr,inverse_variance,0.003832,0.002873,0.000015,0.000008,11.858906,0.429655,3903.440857,3.244429,0.715635,0.063492,0.003643,0.000001
2021-03-23,constant_corr,minimum_variance,0.005105,0.003778,0.000026,0.000014,3.887745,0.218573,3903.440857,3.244429,0.715635,0.063492,0.003643,0.000001
2021-03-23,constant_corr,risk_parity,0.005037,0.003442,0.000025,0.000012,16.000000,0.232225,3903.440857,3.244429,0.715635,0.063492,0.003643,0.000001
2021-03-23,constant_corr,hrp,0.003142,0.003191,0.000010,0.000010,2.886099,0.562429,3903.440857,3.244429,0.715635,0.063492,0.003643,0.000001
2021-03-23,constant_corr,max_diversification,0.005581,0.004300,0.000031,0.000018,4.860054,0.196711,3903.440857,3.244429,0.715635,0.063492,0.003643,0.000001
2021-03-23,rmt_hard,equal_weight,0.013002,0.005402,0.000169,0.000029,12.131016,0.062500,3903.440857,3.244429,0.715635,0.063492,0.003643,0.000001
2021-03-23,rmt_hard,inverse_variance,0.003837,0.002873,0.000015,0.000008,11.951010,0.428760,3903.440857,3.244429,0.715635,0.063492,0.003643,0.000001
2021-03-23,rmt_hard,minimum_variance,0.005099,0.003775,0.000026,0.000014,3.865716,0.219014,3903.440857,3.244429,0.715635,0.063492,0.003643,0.000001
2021-03-23,rmt_hard,risk_parity,0.005025,0.003443,0.000025,0.000012,16.000000,0.232718,3903.440857,3.244429,0.715635,0.063492,0.003643,0.000001
2021-03-23,rmt_hard,hrp,0.003164,0.003192,0.000010,0.000010,2.981879,0.557067,3903.440857,3.244429,0.715635,0.063492,0.003643,0.000001
2021-03-23,rmt_hard,max_diversification,0.005576,0.004313,0.000031,0.000019,4.766541,0.197929,3903.440857,3.244429,0.715635,0.063492,0.003643,0.000001
2021-03-23,rmt_soft,equal_weight,0.013002,0.005402,0.000169,0.000029,12.130870,0.062500,3903.440857,3.244429,0.715635,0.063492,0.003643,0.000001
2021-03-23,rmt_soft,inverse_variance,0.003825,0.002873,0.000015,0.000008,11.846864,0.430227,3903.440857,3.244429,0.715635,0.063492,0.003643,0.000001
2021-03-23,rmt_soft,minimum_variance,0.005101,0.003777,0.000026,0.000014,3.877517,0.218659,3903.440857,3.244429,0.715635,0.063492,0.003643,0.000001
2021-03-23,rmt_soft,risk_parity,0.005025,0.003443,0.000025,0.000012,16.000000,0.232761,3903.440857,3.244429,0.715635,0.063492,0.003643,0.000001
2021-03-23,rmt_soft,hrp,0.003110,0.003047,0.000010,0.000009,2.943855,0.549652,3903.440857,3.244429,0.715635,0.063492,0.003643,0.000001
2021-03-23,rmt_soft,max_diversification,0.005575,0.004306,0.000031,0.000019,4.816346,0.197184,3903.440857,3.244429,0.715635,0.063492,0.003643,0.000001
2021-03-23,rmt_rie,equal_weight,0.012223,0.005402,0.000149,0.000029,12.114969,0.062500,3903.440857,3.244429,0.715635,0.063492,0.003643,0.000001
2021-03-23,rmt_rie,inverse_variance,0.003576,0.002875,0.000013,0.000008,11.517359,0.433798,3903.440857,3.244429,0.715635,0.063492,0.003643,0.000001
2021-03-23,rmt_rie,minimum_variance,0.004851,0.003780,0.000024,0.000014,4.049638,0.213101,3903.440857,3.244429,0.715635,0.063492,0.003643,0.000001
2021-03-23,rmt_rie,risk_parity,0.004733,0.003435,0.000022,0.000012,16.000000,0.232908,3903.440857,3.244429,0.715635,0.063492,0.003643,0.000001
2021-03-23,rmt_rie,hrp,0.002931,0.003058,0.000009,0.000009,2.887492,0.553380,3903.440857,3.244429,0.715635,0.063492,0.003643,0.000001
2021-03-23,rmt_rie,max_diversification,0.005290,0.004171,0.000028,0.000017,5.489630,0.188816,3903.440857,3.244429,0.715635,0.063492,0.003643,0.000001
2021-03-23,factor_model,equal_weight,0.013068,0.005402,0.000171,0.000029,12.119852,0.062500,3903.440857,3.244429,0.715635,0.063492,0.003643,0.000001
2021-03-23,factor_model,inverse_variance,0.003641,0.002873,0.000013,0.000008,12.427113,0.429655,3903.440857,3.244429,0.715635,0.063492,0.003643,0.000001
2021-03-23,factor_model,minimum_variance,0.004670,0.004028,0.000022,0.000016,3.073144,0.230514,3903.440857,3.244429,0.715635,0.063492,0.003643,0.000001
2021-03-23,factor_model,risk_parity,0.003889,0.003385,0.000015,0.000011,16.000000,0.295436,3903.440857,3.244429,0.715635,0.063492,0.003643,0.000001
2021-03-23,factor_model,hrp,0.002676,0.003103,0.000007,0.000010,2.119169,0.593308,3903.440857,3.244429,0.715635,0.063492,0.003643,0.000001
2021-03-23,factor_model,max_diversification,0.005100,0.004479,0.000026,0.000020,3.537641,0.205776,3903.440857,3.244429,0.715635,0.063492,0.003643,0.000001
2021-04-22,sample,equal_weight,0.009511,0.007530,0.000090,0.000057,11.795539,0.062500,2910.977315,4.144719,0.630514,0.063492,0.002046,0.000001
2021-04-22,sample,inverse_variance,0.003695,0.003943,0.000014,0.000016,12.538675,0.338977,2910.977315,4.144719,0.630514,0.063492,0.002046,0.000001
2021-04-22,sample,minimum_variance,0.004173,0.004305,0.000017,0.000019,5.114375,0.196661,2910.977315,4.144719,0.630514,0.063492,0.002046,0.000001
2021-04-22,sample,risk_parity,0.004629,0.004726,0.000021,0.000022,16.000000,0.175167,2910.977315,4.144719,0.630514,0.063492,0.002046,0.000001
2021-04-22,sample,hrp,0.003079,0.003283,0.000009,0.000011,4.425790,0.447550,2910.977315,4.144719,0.630514,0.063492,0.002046,0.000001
2021-04-22,sample,max_diversification,0.004531,0.004447,0.000021,0.000020,5.445884,0.189551,2910.977315,4.144719,0.630514,0.063492,0.002046,0.000001
2021-04-22,ledoit_wolf,equal_weight,0.009361,0.007530,0.000088,0.000057,11.824013,0.062500,2910.977315,4.144719,0.630514,0.063492,0.002046,0.000001
2021-04-22,ledoit_wolf,inverse_variance,0.004727,0.004661,0.000022,0.000022,13.846099,0.210646,2910.977315,4.144719,0.630514,0.063492,0.002046,0.000001
2021-04-22,ledoit_wolf,minimum_variance,0.004247,0.004298,0.000018,0.000018,5.577521,0.190054,2910.977315,4.144719,0.630514,0.063492,0.002046,0.000001
2021-04-22,ledoit_wolf,risk_parity,0.004982,0.005005,0.000025,0.000025,16.000000,0.144422,2910.977315,4.144719,0.630514,0.063492,0.002046,0.000001
2021-04-22,ledoit_wolf,hrp,0.003618,0.003487,0.000013,0.000012,4.179356,0.371563,2910.977315,4.144719,0.630514,0.063492,0.002046,0.000001
2021-04-22,ledoit_wolf,max_diversification,0.004585,0.004458,0.000021,0.000020,5.942874,0.185619,2910.977315,4.144719,0.630514,0.063492,0.002046,0.000001
2021-04-22,constant_corr,equal_weight,0.009492,0.007530,0.000090,0.000057,11.795539,0.062500,2910.977315,4.144719,0.630514,0.063492,0.002046,0.000001
2021-04-22,constant_corr,inverse_variance,0.003688,0.003943,0.000014,0.000016,12.538675,0.338977,2910.977315,4.144719,0.630514,0.063492,0.002046,0.000001
2021-04-22,constant_corr,minimum_variance,0.004165,0.004305,0.000017,0.000019,5.114493,0.196659,2910.977315,4.144719,0.630514,0.063492,0.002046,0.000001
2021-04-22,constant_corr,risk_parity,0.004620,0.004726,0.000021,0.000022,16.000000,0.175167,2910.977315,4.144719,0.630514,0.063492,0.002046,0.000001
2021-04-22,constant_corr,hrp,0.003072,0.003283,0.000009,0.000011,4.425790,0.447550,2910.977315,4.144719,0.630514,0.063492,0.002046,0.000001
2021-04-22,constant_corr,max_diversification,0.004522,0.004447,0.000020,0.000020,5.445884,0.189551,2910.977315,4.144719,0.630514,0.063492,0.002046,0.000001
2021-04-22,rmt_hard,equal_weight,0.009512,0.007530,0.000090,0.000057,11.797231,0.062500,2910.977315,4.144719,0.630514,0.063492,0.002046,0.000001
2021-04-22,rmt_hard,inverse_variance,0.003733,0.003968,0.000014,0.000016,12.694972,0.332928,2910.977315,4.144719,0.630514,0.063492,0.002046,0.000001
2021-04-22,rmt_hard,minimum_variance,0.004164,0.004321,0.000017,0.000019,4.790684,0.203022,2910.977315,4.144719,0.630514,0.063492,0.002046,0.000001
2021-04-22,rmt_hard,risk_parity,0.004620,0.004717,0.000021,0.000022,16.000000,0.176386,2910.977315,4.144719,0.630514,0.063492,0.002046,0.000001
2021-04-22,rmt_hard,hrp,0.003087,0.003252,0.000010,0.000011,4.392454,0.453335,2910.977315,4.144719,0.630514,0.063492,0.002046,0.000001
2021-04-22,rmt_hard,max_diversification,0.004508,0.004443,0.000020,0.000020,5.279330,0.190793,2910.977315,4.144719,0.630514,0.063492,0.002046,0.000001
2021-04-22,rmt_soft,equal_weight,0.009512,0.007530,0.000090,0.000057,11.796269,0.062500,2910.977315,4.144719,0.630514,0.063492,0.002046,0.000001
2021-04-22,rmt_soft,inverse_variance,0.003701,0.003944,0.000014,0.000016,12.552158,0.337709,2910.977315,4.144719,0.630514,0.063492,0.002046,0.000001
2021-04-22,rmt_soft,minimum_variance,0.004178,0.004305,0.000017,0.000019,5.092119,0.196930,2910.977315,4.144719,0.630514,0.063492,0.002046,0.000001
2021-04-22,rmt_soft,risk_parity,0.004623,0.004720,0.000021,0.000022,16.000000,0.176040,2910.977315,4.144719,0.630514,0.063492,0.002046,0.000001
2021-04-22,rmt_soft,hrp,0.003084,0.003287,0.000010,0.000011,4.419832,0.446698,2910.977315,4.144719,0.630514,0.063492,0.002046,0.000001
2021-04-22,rmt_soft,max_diversification,0.004532,0.004447,0.000021,0.000020,5.415385,0.189760,2910.977315,4.144719,0.630514,0.063492,0.002046,0.000001
2021-04-22,rmt_rie,equal_weight,0.008936,0.007530,0.000080,0.000057,11.779553,0.062500,2910.977315,4.144719,0.630514,0.063492,0.002046,0.000001
2021-04-22,rmt_rie,inverse_variance,0.003443,0.003923,0.000012,0.000015,12.196410,0.347391,2910.977315,4.144719,0.630514,0.063492,0.002046,0.000001
2021-04-22,rmt_rie,minimum_variance,0.003958,0.004320,0.000016,0.000019,5.425019,0.190791,2910.977315,4.144719,0.630514,0.063492,0.002046,0.000001
2021-04-22,rmt_rie,risk_parity,0.004341,0.004721,0.000019,0.000022,16.000000,0.175830,2910.977315,4.144719,0.630514,0.063492,0.002046,0.000001
2021-04-22,rmt_rie,hrp,0.002851,0.003248,0.000008,0.000011,4.080978,0.463228,2910.977315,4.144719,0.630514,0.063492,0.002046,0.000001
2021-04-22,rmt_rie,max_diversification,0.004308,0.004456,0.000019,0.000020,5.802318,0.184228,2910.977315,4.144719,0.630514,0.063492,0.002046,0.000001
2021-04-22,factor_model,equal_weight,0.009583,0.007530,0.000092,0.000057,11.762124,0.062500,2910.977315,4.144719,0.630514,0.063492,0.002046,0.000001
2021-04-22,factor_model,inverse_variance,0.003537,0.003943,0.000013,0.000016,12.766167,0.338977,2910.977315,4.144719,0.630514,0.063492,0.002046,0.000001
2021-04-22,factor_model,minimum_variance,0.003749,0.004388,0.000014,0.000019,4.472509,0.201206,2910.977315,4.144719,0.630514,0.063492,0.002046,0.000001
2021-04-22,factor_model,risk_parity,0.003675,0.004261,0.000014,0.000018,16.000000,0.233124,2910.977315,4.144719,0.630514,0.063492,0.002046,0.000001
2021-04-22,factor_model,hrp,0.002615,0.003047,0.000007,0.000009,2.951493,0.517430,2910.977315,4.144719,0.630514,0.063492,0.002046,0.000001
2021-04-22,factor_model,max_diversification,0.004025,0.004497,0.000016,0.000020,4.480940,0.192540,2910.977315,4.144719,0.630514,0.063492,0.002046,0.000001
2021-05-21,sample,equal_weight,0.008857,0.004987,0.000078,0.000025,12.108696,0.062500,2617.116451,4.439666,0.596844,0.063492,0.001732,0.000001
2021-05-21,sample,inverse_variance,0.003700,0.002715,0.000014,0.000007,12.196348,0.327066,2617.116451,4.439666,0.596844,0.063492,0.001732,0.000001
2021-05-21,sample,minimum_variance,0.004073,0.003174,0.000017,0.000010,5.595198,0.188726,2617.116451,4.439666,0.596844,0.063492,0.001732,0.000001
2021-05-21,sample,risk_parity,0.004624,0.002935,0.000021,0.000009,16.000000,0.162766,2617.116451,4.439666,0.596844,0.063492,0.001732,0.000001
2021-05-21,sample,hrp,0.003056,0.002868,0.000009,0.000008,4.629845,0.435035,2617.116451,4.439666,0.596844,0.063492,0.001732,0.000001
2021-05-21,sample,max_diversification,0.004361,0.003517,0.000019,0.000012,5.013656,0.195617,2617.116451,4.439666,0.596844,0.063492,0.001732,0.000001
2021-05-21,ledoit_wolf,equal_weight,0.008695,0.004987,0.000076,0.000025,12.141902,0.062500,2617.116451,4.439666,0.596844,0.063492,0.001732,0.000001
2021-05-21,ledoit_wolf,inverse_variance,0.004732,0.002929,0.000022,0.000009,13.835174,0.193979,2617.116451,4.439666,0.596844,0.063492,0.001732,0.000001
2021-05-21,ledoit_wolf,minimum_variance,0.004144,0.003163,0.000017,0.000010,5.978703,0.184573,2617.116451,4.439666,0.596844,0.063492,0.001732,0.000001
2021-05-21,ledoit_wolf,risk_parity,0.004941,0.003028,0.000024,0.000009,16.000000,0.135475,2617.116451,4.439666,0.596844,0.063492,0.001732,0.000001
2021-05-21,ledoit_wolf,hrp,0.003846,0.002952,0.000015,0.000009,7.292455,0.282239,2617.116451,4.439666,0.596844,0.063492,0.001732,0.000001
2021-05-21,ledoit_wolf,max_diversification,0.004426,0.003460,0.000020,0.000012,5.606098,0.190293,2617.116451,4.439666,0.596844,0.063492,0.001732,0.000001
2021-05-21,constant_corr,equal_weight,0.008838,0.004987,0.000078,0.000025,12.113542,0.062500,2617.116451,4.439666,0.596844,0.063492,0.001732,0.000001
2021-05-21,constant_corr,inverse_variance,0.003695,0.002715,0.000014,0.000007,12.187218,0.327066,2617.116451,4.439666,0.596844,0.063492,0.001732,0.000001
2021-05-21,constant_corr,minimum_variance,0.004070,0.003173,0.000017,0.000010,5.593053,0.188761,2617.116451,4.439666,0.596844,0.063492,0.001732,0.000001
2021-05-21,constant_corr,risk_parity,0.004620,0.002936,0.000021,0.000009,16.000000,0.162674,2617.116451,4.439666,0.596844,0.063492,0.001732,0.000001
2021-05-21,constant_corr,hrp,0.003052,0.002868,0.000009,0.000008,4.635500,0.434994,2617.116451,4.439666,0.596844,0.063492,0.001732,0.000001
2021-05-21,constant_corr,max_diversification,0.004360,0.003515,0.000019,0.000012,5.036189,0.195374,2617.116451,4.439666,0.596844,0.063492,0.001732,0.000001
2021-05-21,rmt_hard,equal_weight,0.008857,0.004987,0.000078,0.000025,12.112130,0.062500,2617.116451,4.439666,0.596844,0.063492,0.001732,0.000001
2021-05-21,rmt_hard,inverse_variance,0.003731,0.002719,0.000014,0.000007,12.352396,0.321732,2617.116451,4.439666,0.596844,0.063492,0.001732,0.000001
2021-05-21,rmt_hard,minimum_variance,0.004075,0.003174,0.000017,0.000010,5.257778,0.193885,2617.116451,4.439666,0.596844,0.063492,0.001732,0.000001
2021-05-21,rmt_hard,risk_parity,0.004616,0.002933,0.000021,0.000009,16.000000,0.163942,2617.116451,4.439666,0.596844,0.063492,0.001732,0.000001
2021-05-21,rmt_hard,hrp,0.003110,0.002911,0.000010,0.000008,4.755080,0.439134,2617.116451,4.439666,0.596844,0.063492,0.001732,0.000001
2021-05-21,rmt_hard,max_diversification,0.004345,0.003506,0.000019,0.000012,5.002941,0.195542,2617.116451,4.439666,0.596844,0.063492,0.001732,0.000001
2021-05-21,rmt_soft,equal_weight,0.008858,0.004987,0.000078,0.000025,12.109469,0.062500,2617.116451,4.439666,0.596844,0.063492,0.001732,0.000001
2021-05-21,rmt_soft,inverse_variance,0.003703,0.002715,0.000014,0.000007,12.209001,0.326106,2617.116451,4.439666,0.596844,0.063492,0.001732,0.000001
2021-05-21,rmt_soft,minimum_variance,0.004080,0.003175,0.000017,0.000010,5.573230,0.188907,2617.116451,4.439666,0.596844,0.063492,0.001732,0.000001
2021-05-21,rmt_soft,risk_parity,0.004619,0.002934,0.000021,0.000009,16.000000,0.163566,2617.116451,4.439666,0.596844,0.063492,0.001732,0.000001
2021-05-21,rmt_soft,hrp,0.003107,0.002886,0.000010,0.000008,4.832261,0.429926,2617.116451,4.439666,0.596844,0.063492,0.001732,0.000001
2021-05-21,rmt_soft,max_diversification,0.004363,0.003513,0.000019,0.000012,5.015768,0.195511,2617.116451,4.439666,0.596844,0.063492,0.001732,0.000001
2021-05-21,rmt_rie,equal_weight,0.008324,0.004987,0.000069,0.000025,12.096939,0.062500,2617.116451,4.439666,0.596844,0.063492,0.001732,0.000001
2021-05-21,rmt_rie,inverse_variance,0.003488,0.002698,0.000012,0.000007,11.993248,0.330193,2617.116451,4.439666,0.596844,0.063492,0.001732,0.000001
2021-05-21,rmt_rie,minimum_variance,0.003891,0.003115,0.000015,0.000010,5.915473,0.183956,2617.116451,4.439666,0.596844,0.063492,0.001732,0.000001
2021-05-21,rmt_rie,risk_parity,0.004371,0.002935,0.000019,0.000009,16.000000,0.162358,2617.116451,4.439666,0.596844,0.063492,0.001732,0.000001
2021-05-21,rmt_rie,hrp,0.002880,0.002857,0.000008,0.000008,4.454463,0.444838,2617.116451,4.439666,0.596844,0.063492,0.001732,0.000001
2021-05-21,rmt_rie,max_diversification,0.004193,0.003405,0.000018,0.000012,5.495650,0.188054,2617.116451,4.439666,0.596844,0.063492,0.001732,0.000001
2021-05-21,factor_model,equal_weight,0.008934,0.004987,0.000080,0.000025,12.068348,0.062500,2617.116451,4.439666,0.596844,0.063492,0.001732,0.000001
2021-05-21,factor_model,inverse_variance,0.003557,0.002715,0.000013,0.000007,12.651655,0.327066,2617.116451,4.439666,0.596844,0.063492,0.001732,0.000001
2021-05-21,factor_model,minimum_variance,0.003697,0.003404,0.000014,0.000012,4.781635,0.195727,2617.116451,4.439666,0.596844,0.063492,0.001732,0.000001
2021-05-21,factor_model,risk_parity,0.003794,0.002836,0.000014,0.000008,16.000000,0.213729,2617.116451,4.439666,0.596844,0.063492,0.001732,0.000001
2021-05-21,factor_model,hrp,0.002489,0.003029,0.000006,0.000009,2.105967,0.565103,2617.116451,4.439666,0.596844,0.063492,0.001732,0.000001
2021-05-21,factor_model,max_diversification,0.003959,0.003622,0.000016,0.000013,4.117016,0.198324,2617.116451,4.439666,0.596844,0.063492,0.001732,0.000001
2021-06-22,sample,equal_weight,0.007925,0.005681,0.000063,0.000032,12.450066,0.062500,1949.838794,4.989150,0.544062,0.063492,0.001353,0.000001
2021-06-22,sample,inverse_variance,0.003743,0.002358,0.000014,0.000006,12.407579,0.293242,1949.838794,4.989150,0.544062,0.063492,0.001353,0.000001
2021-06-22,sample,minimum_variance,0.003944,0.003043,0.000016,0.000009,5.910316,0.184441,1949.838794,4.989150,0.544062,0.063492,0.001353,0.000001
2021-06-22,sample,risk_parity,0.004600,0.002744,0.000021,0.000008,16.000000,0.145415,1949.838794,4.989150,0.544062,0.063492,0.001353,0.000001
2021-06-22,sample,hrp,0.003162,0.002705,0.000010,0.000007,5.642158,0.393963,1949.838794,4.989150,0.544062,0.063492,0.001353,0.000001
2021-06-22,sample,max_diversification,0.004256,0.002959,0.000018,0.000009,5.942769,0.184815,1949.838794,4.989150,0.544062,0.063492,0.001353,0.000001
2021-06-22,ledoit_wolf,equal_weight,0.007809,0.005681,0.000061,0.000032,12.476227,0.062500,1949.838794,4.989150,0.544062,0.063492,0.001353,0.000001
2021-06-22,ledoit_wolf,inverse_variance,0.004428,0.002590,0.000020,0.000007,13.735828,0.197977,1949.838794,4.989150,0.544062,0.063492,0.001353,0.000001
2021-06-22,ledoit_wolf,minimum_variance,0.003985,0.003044,0.000016,0.000009,6.118286,0.182147,1949.838794,4.989150,0.544062,0.063492,0.001353,0.000001
2021-06-22,ledoit_wolf,risk_parity,0.004785,0.002851,0.000023,0.000008,16.000000,0.127941,1949.838794,4.989150,0.544062,0.063492,0.001353,0.000001
2021-06-22,ledoit_wolf,hrp,0.003687,0.002641,0.000014,0.000007,7.605274,0.284606,1949.838794,4.989150,0.544062,0.063492,0.001353,0.000001
2021-06-22,ledoit_wolf,max_diversification,0.004287,0.002928,0.000018,0.000009,6.291631,0.182082,1949.838794,4.989150,0.544062,0.063492,0.001353,0.000001
2021-06-22,constant_corr,equal_weight,0.007909,0.005681,0.000063,0.000032,12.450066,0.062500,1949.838794,4.989150,0.544062,0.063492,0.001353,0.000001
2021-06-22,constant_corr,inverse_variance,0.003736,0.002358,0.000014,0.000006,12.407580,0.293242,1949.838794,4.989150,0.544062,0.063492,0.001353,0.000001
2021-06-22,constant_corr,minimum_variance,0.003936,0.003043,0.000015,0.000009,5.910322,0.184441,1949.838794,4.989150,0.544062,0.063492,0.001353,0.000001
2021-06-22,constant_corr,risk_parity,0.004591,0.002744,0.000021,0.000008,16.000000,0.145415,1949.838794,4.989150,0.544062,0.063492,0.001353,0.000001
2021-06-22,constant_corr,hrp,0.003156,0.002705,0.000010,0.000007,5.642158,0.393963,1949.838794,4.989150,0.544062,0.063492,0.001353,0.000001
2021-06-22,constant_corr,max_diversification,0.004248,0.002959,0.000018,0.000009,5.942769,0.184815,1949.838794,4.989150,0.544062,0.063492,0.001353,0.000001
2021-06-22,rmt_hard,equal_weight,0.007925,0.005681,0.000063,0.000032,12.454076,0.062500,1949.838794,4.989150,0.544062,0.063492,0.001353,0.000001
2021-06-22,rmt_hard,inverse_variance,0.003778,0.002365,0.000014,0.000006,12.599780,0.286947,1949.838794,4.989150,0.544062,0.063492,0.001353,0.000001
2021-06-22,rmt_hard,minimum_variance,0.003949,0.003043,0.000016,0.000009,5.923146,0.183880,1949.838794,4.989150,0.544062,0.063492,0.001353,0.000001
2021-06-22,rmt_hard,risk_parity,0.004591,0.002739,0.000021,0.000008,16.000000,0.146556,1949.838794,4.989150,0.544062,0.063492,0.001353,0.000001
2021-06-22,rmt_hard,hrp,0.003181,0.002644,0.000010,0.000007,5.536872,0.401055,1949.838794,4.989150,0.544062,0.063492,0.001353,0.000001
2021-06-22,rmt_hard,max_diversification,0.004216,0.002978,0.000018,0.000009,5.848806,0.185786,1949.838794,4.989150,0.544062,0.063492,0.001353,0.000001
2021-06-22,rmt_soft,equal_weight,0.007927,0.005681,0.000063,0.000032,12.451064,0.062500,1949.838794,4.989150,0.544062,0.063492,0.001353,0.000001
2021-06-22,rmt_soft,inverse_variance,0.003749,0.002358,0.000014,0.000006,12.452620,0.291794,1949.838794,4.989150,0.544062,0.063492,0.001353,0.000001
2021-06-22,rmt_soft,minimum_variance,0.003951,0.003044,0.000016,0.000009,5.884133,0.184565,1949.838794,4.989150,0.544062,0.063492,0.001353,0.000001
2021-06-22,rmt_soft,risk_parity,0.004595,0.002741,0.000021,0.000008,16.000000,0.146162,1949.838794,4.989150,0.544062,0.063492,0.001353,0.000001
2021-06-22,rmt_soft,hrp,0.003173,0.002650,0.000010,0.000007,5.481844,0.402607,1949.838794,4.989150,0.544062,0.063492,0.001353,0.000001
2021-06-22,rmt_soft,max_diversification,0.004258,0.002965,0.000018,0.000009,5.904635,0.185155,1949.838794,4.989150,0.544062,0.063492,0.001353,0.000001
2021-06-22,rmt_rie,equal_weight,0.007444,0.005681,0.000055,0.000032,12.444283,0.062500,1949.838794,4.989150,0.544062,0.063492,0.001353,0.000001
2021-06-22,rmt_rie,inverse_variance,0.003534,0.002358,0.000012,0.000006,12.195783,0.295047,1949.838794,4.989150,0.544062,0.063492,0.001353,0.000001
2021-06-22,rmt_rie,minimum_variance,0.003764,0.003039,0.000014,0.000009,6.065194,0.181948,1949.838794,4.989150,0.544062,0.063492,0.001353,0.000001
2021-06-22,rmt_rie,risk_parity,0.004359,0.002753,0.000019,0.000008,16.000000,0.144070,1949.838794,4.989150,0.544062,0.063492,0.001353,0.000001
2021-06-22,rmt_rie,hrp,0.002975,0.002705,0.000009,0.000007,5.415029,0.399714,1949.838794,4.989150,0.544062,0.063492,0.001353,0.000001
2021-06-22,rmt_rie,max_diversification,0.004076,0.002908,0.000017,0.000008,6.227544,0.181189,1949.838794,4.989150,0.544062,0.063492,0.001353,0.000001
2021-06-22,factor_model,equal_weight,0.008011,0.005681,0.000064,0.000032,12.405035,0.062500,1949.838794,4.989150,0.544062,0.063492,0.001353,0.000001
2021-06-22,factor_model,inverse_variance,0.003619,0.002358,0.000013,0.000006,12.853822,0.293242,1949.838794,4.989150,0.544062,0.063492,0.001353,0.000001
2021-06-22,factor_model,minimum_variance,0.003641,0.003222,0.000013,0.000010,5.068303,0.191061,1949.838794,4.989150,0.544062,0.063492,0.001353,0.000001
2021-06-22,factor_model,risk_parity,0.003832,0.002580,0.000015,0.000007,16.000000,0.193238,1949.838794,4.989150,0.544062,0.063492,0.001353,0.000001
2021-06-22,factor_model,hrp,0.002492,0.002954,0.000006,0.000009,2.357451,0.538949,1949.838794,4.989150,0.544062,0.063492,0.001353,0.000001
2021-06-22,factor_model,max_diversification,0.003895,0.002957,0.000015,0.000009,4.384692,0.191576,1949.838794,4.989150,0.544062,0.063492,0.001353,0.000001
2021-07-22,sample,equal_weight,0.007603,0.004118,0.000058,0.000017,12.493772,0.062500,2035.650827,5.080613,0.533190,0.063492,0.001248,0.000001
2021-07-22,sample,inverse_variance,0.003912,0.002462,0.000015,0.000006,12.986431,0.255155,2035.650827,5.080613,0.533190,0.063492,0.001248,0.000001
2021-07-22,sample,minimum_variance,0.003893,0.003061,0.000015,0.000009,5.246981,0.195331,2035.650827,5.080613,0.533190,0.063492,0.001248,0.000001
2021-07-22,sample,risk_parity,0.004594,0.002727,0.000021,0.000007,16.000000,0.138931,2035.650827,5.080613,0.533190,0.063492,0.001248,0.000001
2021-07-22,sample,hrp,0.003354,0.002681,0.000011,0.000007,6.824740,0.345178,2035.650827,5.080613,0.533190,0.063492,0.001248,0.000001
2021-07-22,sample,max_diversification,0.004243,0.003168,0.000018,0.000010,6.047018,0.182715,2035.650827,5.080613,0.533190,0.063492,0.001248,0.000001
2021-07-22,ledoit_wolf,equal_weight,0.007484,0.004118,0.000056,0.000017,12.522444,0.062500,2035.650827,5.080613,0.533190,0.063492,0.001248,0.000001
2021-07-22,ledoit_wolf,inverse_variance,0.004506,0.002635,0.000020,0.000007,13.850326,0.176526,2035.650827,5.080613,0.533190,0.063492,0.001248,0.000001
2021-07-22,ledoit_wolf,minimum_variance,0.003939,0.003067,0.000016,0.000009,5.576079,0.190028,2035.650827,5.080613,0.533190,0.063492,0.001248,0.000001
2021-07-22,ledoit_wolf,risk_parity,0.004759,0.002800,0.000023,0.000008,16.000000,0.122383,2035.650827,5.080613,0.533190,0.063492,0.001248,0.000001
2021-07-22,ledoit_wolf,hrp,0.003820,0.002766,0.000015,0.000008,8.608661,0.252557,2035.650827,5.080613,0.533190,0.063492,0.001248,0.000001
2021-07-22,ledoit_wolf,max_diversification,0.004271,0.003155,0.000018,0.000010,6.352445,0.180236,2035.650827,5.080613,0.533190,0.063492,0.001248,0.000001
2021-07-22,constant_corr,equal_weight,0.007588,0.004118,0.000058,0.000017,12.493772,0.062500,2035.650827,5.080613,0.533190,0.063492,0.001248,0.000001
2021-07-22,constant_corr,inverse_variance,0.003904,0.002462,0.000015,0.000006,12.986431,0.255155,2035.650827,5.080613,0.533190,0.063492,0.001248,0.000001
2021-07-22,constant_corr,minimum_variance,0.003885,0.003061,0.000015,0.000009,5.247050,0.195330,2035.650827,5.080613,0.533190,0.063492,0.001248,0.000001
2021-07-22,constant_corr,risk_parity,0.004584,0.002727,0.000021,0.000007,16.000000,0.138931,2035.650827,5.080613,0.533190,0.063492,0.001248,0.000001
2021-07-22,constant_corr,hrp,0.003347,0.002681,0.000011,0.000007,6.824741,0.345178,2035.650827,5.080613,0.533190,0.063492,0.001248,0.000001
2021-07-22,constant_corr,max_diversification,0.004234,0.003168,0.000018,0.000010,6.047018,0.182715,2035.650827,5.080613,0.533190,0.063492,0.001248,0.000001
2021-07-22,rmt_hard,equal_weight,0.007604,0.004118,0.000058,0.000017,12.496054,0.062500,2035.650827,5.080613,0.533190,0.063492,0.001248,0.000001
2021-07-22,rmt_hard,inverse_variance,0.003954,0.002478,0.000016,0.000006,13.132519,0.248339,2035.650827,5.080613,0.533190,0.063492,0.001248,0.000001
2021-07-22,rmt_hard,minimum_variance,0.003904,0.003068,0.000015,0.000009,5.125126,0.197274,2035.650827,5.080613,0.533190,0.063492,0.001248,0.000001
2021-07-22,rmt_hard,risk_parity,0.004586,0.002723,0.000021,0.000007,16.000000,0.139905,2035.650827,5.080613,0.533190,0.063492,0.001248,0.000001
2021-07-22,rmt_hard,hrp,0.003359,0.002654,0.000011,0.000007,6.558850,0.353223,2035.650827,5.080613,0.533190,0.063492,0.001248,0.000001
2021-07-22,rmt_hard,max_diversification,0.004220,0.003163,0.000018,0.000010,5.975891,0.183435,2035.650827,5.080613,0.533190,0.063492,0.001248,0.000001
2021-07-22,rmt_soft,equal_weight,0.007605,0.004118,0.000058,0.000017,12.494829,0.062500,2035.650827,5.080613,0.533190,0.063492,0.001248,0.000001
2021-07-22,rmt_soft,inverse_variance,0.003923,0.002467,0.000015,0.000006,13.048057,0.253050,2035.650827,5.080613,0.533190,0.063492,0.001248,0.000001
2021-07-22,rmt_soft,minimum_variance,0.003904,0.003068,0.000015,0.000009,5.227761,0.195344,2035.650827,5.080613,0.533190,0.063492,0.001248,0.000001
2021-07-22,rmt_soft,risk_parity,0.004589,0.002724,0.000021,0.000007,16.000000,0.139609,2035.650827,5.080613,0.533190,0.063492,0.001248,0.000001
2021-07-22,rmt_soft,hrp,0.003350,0.002658,0.000011,0.000007,6.485946,0.354947,2035.650827,5.080613,0.533190,0.063492,0.001248,0.000001
2021-07-22,rmt_soft,max_diversification,0.004251,0.003167,0.000018,0.000010,6.034802,0.182722,2035.650827,5.080613,0.533190,0.063492,0.001248,0.000001
2021-07-22,rmt_rie,equal_weight,0.007143,0.004118,0.000051,0.000017,12.488259,0.062500,2035.650827,5.080613,0.533190,0.063492,0.001248,0.000001
2021-07-22,rmt_rie,inverse_variance,0.003699,0.002450,0.000014,0.000006,12.803402,0.255903,2035.650827,5.080613,0.533190,0.063492,0.001248,0.000001
2021-07-22,rmt_rie,minimum_variance,0.003725,0.003098,0.000014,0.000010,5.449964,0.190943,2035.650827,5.080613,0.533190,0.063492,0.001248,0.000001
2021-07-22,rmt_rie,risk_parity,0.004361,0.002733,0.000019,0.000007,16.000000,0.137044,2035.650827,5.080613,0.533190,0.063492,0.001248,0.000001
2021-07-22,rmt_rie,hrp,0.003163,0.002651,0.000010,0.000007,6.618397,0.348737,2035.650827,5.080613,0.533190,0.063492,0.001248,0.000001
2021-07-22,rmt_rie,max_diversification,0.004082,0.003151,0.000017,0.000010,6.315902,0.179533,2035.650827,5.080613,0.533190,0.063492,0.001248,0.000001
2021-07-22,factor_model,equal_weight,0.007687,0.004118,0.000059,0.000017,12.439645,0.062500,2035.650827,5.080613,0.533190,0.063492,0.001248,0.000001
2021-07-22,factor_model,inverse_variance,0.003810,0.002462,0.000015,0.000006,13.191881,0.255155,2035.650827,5.080613,0.533190,0.063492,0.001248,0.000001
2021-07-22,factor_model,minimum_variance,0.003595,0.003572,0.000013,0.000013,5.043815,0.192458,2035.650827,5.080613,0.533190,0.063492,0.001248,0.000001
2021-07-22,factor_model,risk_parity,0.003893,0.002656,0.000015,0.000007,16.000000,0.181731,2035.650827,5.080613,0.533190,0.063492,0.001248,0.000001
2021-07-22,factor_model,hrp,0.002621,0.002761,0.000007,0.000008,2.682934,0.498316,2035.650827,5.080613,0.533190,0.063492,0.001248,0.000001
2021-07-22,factor_model,max_diversification,0.003842,0.003726,0.000015,0.000014,4.454739,0.188909,2035.650827,5.080613,0.533190,0.063492,0.001248,0.000001
2021-08-20,sample,equal_weight,0.007536,0.006124,0.000057,0.000037,12.359120,0.062500,2063.817188,4.966171,0.543336,0.063492,0.001242,0.000001
2021-08-20,sample,inverse_variance,0.003952,0.003302,0.000016,0.000011,13.260651,0.240092,2063.817188,4.966171,0.543336,0.063492,0.001242,0.000001
2021-08-20,sample,minimum_variance,0.003830,0.003880,0.000015,0.000015,5.359614,0.193487,2063.817188,4.966171,0.543336,0.063492,0.001242,0.000001
2021-08-20,sample,risk_parity,0.004551,0.003962,0.000021,0.000016,16.000000,0.135224,2063.817188,4.966171,0.543336,0.063492,0.001242,0.000001
2021-08-20,sample,hrp,0.003386,0.003169,0.000011,0.000010,7.121595,0.321816,2063.817188,4.966171,0.543336,0.063492,0.001242,0.000001
2021-08-20,sample,max_diversification,0.004149,0.004453,0.000017,0.000020,6.215386,0.182698,2063.817188,4.966171,0.543336,0.063492,0.001242,0.000001
2021-08-20,ledoit_wolf,equal_weight,0.007419,0.006124,0.000055,0.000037,12.388254,0.062500,2063.817188,4.966171,0.543336,0.063492,0.001242,0.000001
2021-08-20,ledoit_wolf,inverse_variance,0.004495,0.003658,0.000020,0.000013,13.964336,0.169452,2063.817188,4.966171,0.543336,0.063492,0.001242,0.000001
2021-08-20,ledoit_wolf,minimum_variance,0.003875,0.003879,0.000015,0.000015,5.626607,0.188891,2063.817188,4.966171,0.543336,0.063492,0.001242,0.000001
2021-08-20,ledoit_wolf,risk_parity,0.004698,0.004089,0.000022,0.000017,16.000000,0.120420,2063.817188,4.966171,0.543336,0.063492,0.001242,0.000001
2021-08-20,ledoit_wolf,hrp,0.003815,0.003393,0.000015,0.000012,8.859850,0.238475,2063.817188,4.966171,0.543336,0.063492,0.001242,0.000001
2021-08-20,ledoit_wolf,max_diversification,0.004170,0.004427,0.000017,0.000020,6.503545,0.179553,2063.817188,4.966171,0.543336,0.063492,0.001242,0.000001
2021-08-20,constant_corr,equal_weight,0.007521,0.006124,0.000057,0.000037,12.359120,0.062500,2063.817188,4.966171,0.543336,0.063492,0.001242,0.000001
2021-08-20,constant_corr,inverse_variance,0.003944,0.003302,0.000016,0.000011,13.260652,0.240092,2063.817188,4.966171,0.543336,0.063492,0.001242,0.000001
2021-08-20,constant_corr,minimum_variance,0.003822,0.003880,0.000015,0.000015,5.359631,0.193487,2063.817188,4.966171,0.543336,0.063492,0.001242,0.000001
2021-08-20,constant_corr,risk_parity,0.004542,0.003962,0.000021,0.000016,16.000000,0.135224,2063.817188,4.966171,0.543336,0.063492,0.001242,0.000001
2021-08-20,constant_corr,hrp,0.003380,0.003169,0.000011,0.000010,7.121596,0.321816,2063.817188,4.966171,0.543336,0.063492,0.001242,0.000001
2021-08-20,constant_corr,max_diversification,0.004141,0.004453,0.000017,0.000020,6.215386,0.182698,2063.817188,4.966171,0.543336,0.063492,0.001242,0.000001
2021-08-20,rmt_hard,equal_weight,0.007538,0.006124,0.000057,0.000037,12.361645,0.062500,2063.817188,4.966171,0.543336,0.063492,0.001242,0.000001
2021-08-20,rmt_hard,inverse_variance,0.003981,0.003319,0.000016,0.000011,13.391558,0.236024,2063.817188,4.966171,0.543336,0.063492,0.001242,0.000001
2021-08-20,rmt_hard,minimum_variance,0.003832,0.003886,0.000015,0.000015,5.303193,0.194146,2063.817188,4.966171,0.543336,0.063492,0.001242,0.000001
2021-08-20,rmt_hard,risk_parity,0.004546,0.003957,0.000021,0.000016,16.000000,0.135953,2063.817188,4.966171,0.543336,0.063492,0.001242,0.000001
2021-08-20,rmt_hard,hrp,0.003396,0.003101,0.000012,0.000010,6.965595,0.328728,2063.817188,4.966171,0.543336,0.063492,0.001242,0.000001
2021-08-20,rmt_hard,max_diversification,0.004138,0.004444,0.000017,0.000020,6.096503,0.184088,2063.817188,4.966171,0.543336,0.063492,0.001242,0.000001
2021-08-20,rmt_soft,equal_weight,0.007538,0.006124,0.000057,0.000037,12.360208,0.062500,2063.817188,4.966171,0.543336,0.063492,0.001242,0.000001
2021-08-20,rmt_soft,inverse_variance,0.003963,0.003309,0.000016,0.000011,13.336481,0.238255,2063.817188,4.966171,0.543336,0.063492,0.001242,0.000001
2021-08-20,rmt_soft,minimum_variance,0.003835,0.003883,0.000015,0.000015,5.331247,0.193704,2063.817188,4.966171,0.543336,0.063492,0.001242,0.000001
2021-08-20,rmt_soft,risk_parity,0.004548,0.003958,0.000021,0.000016,16.000000,0.135754,2063.817188,4.966171,0.543336,0.063492,0.001242,0.000001
2021-08-20,rmt_soft,hrp,0.003395,0.003100,0.000012,0.000010,6.951181,0.329224,2063.817188,4.966171,0.543336,0.063492,0.001242,0.000001
2021-08-20,rmt_soft,max_diversification,0.004150,0.004451,0.000017,0.000020,6.172117,0.183165,2063.817188,4.966171,0.543336,0.063492,0.001242,0.000001
2021-08-20,rmt_rie,equal_weight,0.007079,0.006124,0.000050,0.000037,12.348162,0.062500,2063.817188,4.966171,0.543336,0.063492,0.001242,0.000001
2021-08-20,rmt_rie,inverse_variance,0.003736,0.003302,0.000014,0.000011,13.092245,0.241337,2063.817188,4.966171,0.543336,0.063492,0.001242,0.000001
2021-08-20,rmt_rie,minimum_variance,0.003674,0.003848,0.000013,0.000015,5.560550,0.188946,2063.817188,4.966171,0.543336,0.063492,0.001242,0.000001
2021-08-20,rmt_rie,risk_parity,0.004322,0.003973,0.000019,0.000016,16.000000,0.133219,2063.817188,4.966171,0.543336,0.063492,0.001242,0.000001
2021-08-20,rmt_rie,hrp,0.003193,0.003144,0.000010,0.000010,6.904624,0.327274,2063.817188,4.966171,0.543336,0.063492,0.001242,0.000001
2021-08-20,rmt_rie,max_diversification,0.003981,0.004420,0.000016,0.000020,6.337005,0.181277,2063.817188,4.966171,0.543336,0.063492,0.001242,0.000001
2021-08-20,factor_model,equal_weight,0.007614,0.006124,0.000058,0.000037,12.296774,0.062500,2063.817188,4.966171,0.543336,0.063492,0.001242,0.000001
2021-08-20,factor_model,inverse_variance,0.003843,0.003302,0.000015,0.000011,13.404252,0.240092,2063.817188,4.966171,0.543336,0.063492,0.001242,0.000001
2021-08-20,factor_model,minimum_variance,0.003477,0.004270,0.000012,0.000018,5.278204,0.188903,2063.817188,4.966171,0.543336,0.063492,0.001242,0.000001
2021-08-20,factor_model,risk_parity,0.003845,0.003714,0.000015,0.000014,16.000000,0.177247,2063.817188,4.966171,0.543336,0.063492,0.001242,0.000001
2021-08-20,factor_model,hrp,0.002643,0.003096,0.000007,0.000010,2.850363,0.471862,2063.817188,4.966171,0.543336,0.063492,0.001242,0.000001
2021-08-20,factor_model,max_diversification,0.003675,0.004702,0.000014,0.000022,4.586107,0.188112,2063.817188,4.966171,0.543336,0.063492,0.001242,0.000001
2021-09-21,sample,equal_weight,0.007256,0.006430,0.000053,0.000041,12.153437,0.062500,1962.457992,4.993801,0.546511,0.063492,0.001190,0.000001
2021-09-21,sample,inverse_variance,0.003969,0.004154,0.000016,0.000017,13.349589,0.221031,1962.457992,4.993801,0.546511,0.063492,0.001190,0.000001
2021-09-21,sample,minimum_variance,0.003812,0.004408,0.000015,0.000019,5.221477,0.196239,1962.457992,4.993801,0.546511,0.063492,0.001190,0.000001
2021-09-21,sample,risk_parity,0.004515,0.004672,0.000020,0.000022,16.000000,0.127247,1962.457992,4.993801,0.546511,0.063492,0.001190,0.000001
2021-09-21,sample,hrp,0.003445,0.003813,0.000012,0.000015,7.686602,0.297093,1962.457992,4.993801,0.546511,0.063492,0.001190,0.000001
2021-09-21,sample,max_diversification,0.004176,0.004483,0.000017,0.000020,6.518216,0.177796,1962.457992,4.993801,0.546511,0.063492,0.001190,0.000001
2021-09-21,ledoit_wolf,equal_weight,0.007141,0.006430,0.000051,0.000041,12.185516,0.062500,1962.457992,4.993801,0.546511,0.063492,0.001190,0.000001
2021-09-21,ledoit_wolf,inverse_variance,0.004449,0.004544,0.000020,0.000021,13.933244,0.158588,1962.457992,4.993801,0.546511,0.063492,0.001190,0.000001
2021-09-21,ledoit_wolf,minimum_variance,0.003855,0.004417,0.000015,0.000020,5.512356,0.190539,1962.457992,4.993801,0.546511,0.063492,0.001190,0.000001
2021-09-21,ledoit_wolf,risk_parity,0.004633,0.004799,0.000021,0.000023,16.000000,0.114876,1962.457992,4.993801,0.546511,0.063492,0.001190,0.000001
2021-09-21,ledoit_wolf,hrp,0.003833,0.004063,0.000015,0.000017,9.335154,0.221659,1962.457992,4.993801,0.546511,0.063492,0.001190,0.000001
2021-09-21,ledoit_wolf,max_diversification,0.004172,0.004460,0.000017,0.000020,6.821147,0.173768,1962.457992,4.993801,0.546511,0.063492,0.001190,0.000001
2021-09-21,constant_corr,equal_weight,0.007242,0.006430,0.000052,0.000041,12.153437,0.062500,1962.457992,4.993801,0.546511,0.063492,0.001190,0.000001
2021-09-21,constant_corr,inverse_variance,0.003961,0.004154,0.000016,0.000017,13.349589,0.221031,1962.457992,4.993801,0.546511,0.063492,0.001190,0.000001
2021-09-21,constant_corr,minimum_variance,0.003804,0.004408,0.000014,0.000019,5.221525,0.196238,1962.457992,4.993801,0.546511,0.063492,0.001190,0.000001
2021-09-21,constant_corr,risk_parity,0.004506,0.004672,0.000020,0.000022,16.000000,0.127247,1962.457992,4.993801,0.546511,0.063492,0.001190,0.000001
2021-09-21,constant_corr,hrp,0.003438,0.003813,0.000012,0.000015,7.686602,0.297093,1962.457992,4.993801,0.546511,0.063492,0.001190,0.000001
2021-09-21,constant_corr,max_diversification,0.004167,0.004483,0.000017,0.000020,6.518216,0.177796,1962.457992,4.993801,0.546511,0.063492,0.001190,0.000001
2021-09-21,rmt_hard,equal_weight,0.007257,0.006430,0.000053,0.000041,12.157839,0.062500,1962.457992,4.993801,0.546511,0.063492,0.001190,0.000001
2021-09-21,rmt_hard,inverse_variance,0.004002,0.004173,0.000016,0.000017,13.502170,0.216675,1962.457992,4.993801,0.546511,0.063492,0.001190,0.000001
2021-09-21,rmt_hard,minimum_variance,0.003816,0.004407,0.000015,0.000019,5.188316,0.196505,1962.457992,4.993801,0.546511,0.063492,0.001190,0.000001
2021-09-21,rmt_hard,risk_parity,0.004511,0.004665,0.000020,0.000022,16.000000,0.127925,1962.457992,4.993801,0.546511,0.063492,0.001190,0.000001
2021-09-21,rmt_hard,hrp,0.003457,0.003812,0.000012,0.000015,7.593555,0.301290,1962.457992,4.993801,0.546511,0.063492,0.001190,0.000001
2021-09-21,rmt_hard,max_diversification,0.004172,0.004480,0.000017,0.000020,6.432133,0.178728,1962.457992,4.993801,0.546511,0.063492,0.001190,0.000001
2021-09-21,rmt_soft,equal_weight,0.007257,0.006430,0.000053,0.000041,12.155306,0.062500,1962.457992,4.993801,0.546511,0.063492,0.001190,0.000001
2021-09-21,rmt_soft,inverse_variance,0.003983,0.004160,0.000016,0.000017,13.447634,0.218807,1962.457992,4.993801,0.546511,0.063492,0.001190,0.000001
2021-09-21,rmt_soft,minimum_variance,0.003817,0.004408,0.000015,0.000019,5.198815,0.196380,1962.457992,4.993801,0.546511,0.063492,0.001190,0.000001
2021-09-21,rmt_soft,risk_parity,0.004512,0.004667,0.000020,0.000022,16.000000,0.127758,1962.457992,4.993801,0.546511,0.063492,0.001190,0.000001
2021-09-21,rmt_soft,hrp,0.003456,0.003811,0.000012,0.000015,7.579979,0.301795,1962.457992,4.993801,0.546511,0.063492,0.001190,0.000001
2021-09-21,rmt_soft,max_diversification,0.004179,0.004482,0.000017,0.000020,6.480802,0.178133,1962.457992,4.993801,0.546511,0.063492,0.001190,0.000001
2021-09-21,rmt_rie,equal_weight,0.006819,0.006430,0.000046,0.000041,12.137604,0.062500,1962.457992,4.993801,0.546511,0.063492,0.001190,0.000001
2021-09-21,rmt_rie,inverse_variance,0.003756,0.004180,0.000014,0.000017,13.218037,0.221334,1962.457992,4.993801,0.546511,0.063492,0.001190,0.000001
2021-09-21,rmt_rie,minimum_variance,0.003664,0.004426,0.000013,0.000020,5.384910,0.191486,1962.457992,4.993801,0.546511,0.063492,0.001190,0.000001
2021-09-21,rmt_rie,risk_parity,0.004298,0.004689,0.000018,0.000022,16.000000,0.124919,1962.457992,4.993801,0.546511,0.063492,0.001190,0.000001
2021-09-21,rmt_rie,hrp,0.003253,0.003817,0.000011,0.000015,7.528669,0.299414,1962.457992,4.993801,0.546511,0.063492,0.001190,0.000001
2021-09-21,rmt_rie,max_diversification,0.003997,0.004465,0.000016,0.000020,6.756841,0.174080,1962.457992,4.993801,0.546511,0.063492,0.001190,0.000001
2021-09-21,factor_model,equal_weight,0.007332,0.006430,0.000054,0.000041,12.092924,0.062500,1962.457992,4.993801,0.546511,0.063492,0.001190,0.000001
2021-09-21,factor_model,inverse_variance,0.003867,0.004154,0.000015,0.000017,13.384964,0.221031,1962.457992,4.993801,0.546511,0.063492,0.001190,0.000001
2021-09-21,factor_model,minimum_variance,0.003423,0.004515,0.000012,0.000020,5.225671,0.190291,1962.457992,4.993801,0.546511,0.063492,0.001190,0.000001
2021-09-21,factor_model,risk_parity,0.003824,0.004409,0.000015,0.000019,16.000000,0.167423,1962.457992,4.993801,0.546511,0.063492,0.001190,0.000001
2021-09-21,factor_model,hrp,0.002674,0.003561,0.000007,0.000013,3.042682,0.451867,1962.457992,4.993801,0.546511,0.063492,0.001190,0.000001
2021-09-21,factor_model,max_diversification,0.003637,0.004678,0.000013,0.000022,4.699252,0.185543,1962.457992,4.993801,0.546511,0.063492,0.001190,0.000001
2021-10-20,sample,equal_weight,0.006915,0.003632,0.000048,0.000013,12.164191,0.062500,1950.438636,5.193360,0.528411,0.063492,0.001095,0.000001
2021-10-20,sample,inverse_variance,0.004048,0.002593,0.000016,0.000007,13.322764,0.200539,1950.438636,5.193360,0.528411,0.063492,0.001095,0.000001
2021-10-20,sample,minimum_variance,0.003820,0.003283,0.000015,0.000011,5.094972,0.196194,1950.438636,5.193360,0.528411,0.063492,0.001095,0.000001
2021-10-20,sample,risk_parity,0.004553,0.002862,0.000021,0.000008,16.000000,0.116786,1950.438636,5.193360,0.528411,0.063492,0.001095,0.000001
2021-10-20,sample,hrp,0.003603,0.002711,0.000013,0.000007,8.395394,0.264663,1950.438636,5.193360,0.528411,0.063492,0.001095,0.000001
2021-10-20,sample,max_diversification,0.004177,0.003558,0.000017,0.000013,6.353268,0.178091,1950.438636,5.193360,0.528411,0.063492,0.001095,0.000001
2021-10-20,ledoit_wolf,equal_weight,0.006798,0.003632,0.000046,0.000013,12.200623,0.062500,1950.438636,5.193360,0.528411,0.063492,0.001095,0.000001
2021-10-20,ledoit_wolf,inverse_variance,0.004465,0.002592,0.000020,0.000007,13.887218,0.145915,1950.438636,5.193360,0.528411,0.063492,0.001095,0.000001
2021-10-20,ledoit_wolf,minimum_variance,0.003862,0.003257,0.000015,0.000011,5.193838,0.193711,1950.438636,5.193360,0.528411,0.063492,0.001095,0.000001
2021-10-20,ledoit_wolf,risk_parity,0.004642,0.002874,0.000022,0.000008,16.000000,0.106294,1950.438636,5.193360,0.528411,0.063492,0.001095,0.000001
2021-10-20,ledoit_wolf,hrp,0.003948,0.002638,0.000016,0.000007,9.866815,0.198222,1950.438636,5.193360,0.528411,0.063492,0.001095,0.000001
2021-10-20,ledoit_wolf,max_diversification,0.004173,0.003552,0.000017,0.000013,6.567927,0.174055,1950.438636,5.193360,0.528411,0.063492,0.001095,0.000001
2021-10-20,constant_corr,equal_weight,0.006902,0.003632,0.000048,0.000013,12.164191,0.062500,1950.438636,5.193360,0.528411,0.063492,0.001095,0.000001
2021-10-20,constant_corr,inverse_variance,0.004040,0.002593,0.000016,0.000007,13.322764,0.200539,1950.438636,5.193360,0.528411,0.063492,0.001095,0.000001
2021-10-20,constant_corr,minimum_variance,0.003813,0.003283,0.000015,0.000011,5.095000,0.196193,1950.438636,5.193360,0.528411,0.063492,0.001095,0.000001
2021-10-20,constant_corr,risk_parity,0.004544,0.002862,0.000021,0.000008,16.000000,0.116786,1950.438636,5.193360,0.528411,0.063492,0.001095,0.000001
2021-10-20,constant_corr,hrp,0.003596,0.002711,0.000013,0.000007,8.395395,0.264663,1950.438636,5.193360,0.528411,0.063492,0.001095,0.000001
2021-10-20,constant_corr,max_diversification,0.004169,0.003558,0.000017,0.000013,6.353268,0.178091,1950.438636,5.193360,0.528411,0.063492,0.001095,0.000001
2021-10-20,rmt_hard,equal_weight,0.006917,0.003632,0.000048,0.000013,12.169388,0.062500,1950.438636,5.193360,0.528411,0.063492,0.001095,0.000001
2021-10-20,rmt_hard,inverse_variance,0.004079,0.002588,0.000017,0.000007,13.474496,0.196416,1950.438636,5.193360,0.528411,0.063492,0.001095,0.000001
2021-10-20,rmt_hard,minimum_variance,0.003831,0.003283,0.000015,0.000011,5.074139,0.196031,1950.438636,5.193360,0.528411,0.063492,0.001095,0.000001
2021-10-20,rmt_hard,risk_parity,0.004550,0.002860,0.000021,0.000008,16.000000,0.117295,1950.438636,5.193360,0.528411,0.063492,0.001095,0.000001
2021-10-20,rmt_hard,hrp,0.003607,0.002707,0.000013,0.000007,8.394439,0.263397,1950.438636,5.193360,0.528411,0.063492,0.001095,0.000001
2021-10-20,rmt_hard,max_diversification,0.004177,0.003555,0.000017,0.000013,6.274805,0.179020,1950.438636,5.193360,0.528411,0.063492,0.001095,0.000001
2021-10-20,rmt_soft,equal_weight,0.006917,0.003632,0.000048,0.000013,12.166347,0.062500,1950.438636,5.193360,0.528411,0.063492,0.001095,0.000001
2021-10-20,rmt_soft,inverse_variance,0.004061,0.002589,0.000016,0.000007,13.423608,0.198401,1950.438636,5.193360,0.528411,0.063492,0.001095,0.000001
2021-10-20,rmt_soft,minimum_variance,0.003830,0.003283,0.000015,0.000011,5.074624,0.196153,1950.438636,5.193360,0.528411,0.063492,0.001095,0.000001
2021-10-20,rmt_soft,risk_parity,0.004551,0.002860,0.000021,0.000008,16.000000,0.117180,1950.438636,5.193360,0.528411,0.063492,0.001095,0.000001
2021-10-20,rmt_soft,hrp,0.003606,0.002707,0.000013,0.000007,8.382303,0.263829,1950.438636,5.193360,0.528411,0.063492,0.001095,0.000001
2021-10-20,rmt_soft,max_diversification,0.004183,0.003560,0.000017,0.000013,6.316047,0.178383,1950.438636,5.193360,0.528411,0.063492,0.001095,0.000001
2021-10-20,rmt_rie,equal_weight,0.006497,0.003632,0.000042,0.000013,12.152665,0.062500,1950.438636,5.193360,0.528411,0.063492,0.001095,0.000001
2021-10-20,rmt_rie,inverse_variance,0.003811,0.002600,0.000015,0.000007,13.192780,0.202088,1950.438636,5.193360,0.528411,0.063492,0.001095,0.000001
2021-10-20,rmt_rie,minimum_variance,0.003667,0.003236,0.000013,0.000010,5.137277,0.193377,1950.438636,5.193360,0.528411,0.063492,0.001095,0.000001
2021-10-20,rmt_rie,risk_parity,0.004316,0.002849,0.000019,0.000008,16.000000,0.115289,1950.438636,5.193360,0.528411,0.063492,0.001095,0.000001
2021-10-20,rmt_rie,hrp,0.003376,0.002708,0.000011,0.000007,8.242692,0.267131,1950.438636,5.193360,0.528411,0.063492,0.001095,0.000001
2021-10-20,rmt_rie,max_diversification,0.003991,0.003505,0.000016,0.000012,6.594254,0.172992,1950.438636,5.193360,0.528411,0.063492,0.001095,0.000001
2021-10-20,factor_model,equal_weight,0.006991,0.003632,0.000049,0.000013,12.082110,0.062500,1950.438636,5.193360,0.528411,0.063492,0.001095,0.000001
2021-10-20,factor_model,inverse_variance,0.003963,0.002593,0.000016,0.000007,13.364175,0.200539,1950.438636,5.193360,0.528411,0.063492,0.001095,0.000001
2021-10-20,factor_model,minimum_variance,0.003399,0.003752,0.000012,0.000014,5.086598,0.191550,1950.438636,5.193360,0.528411,0.063492,0.001095,0.000001
2021-10-20,factor_model,risk_parity,0.003932,0.002988,0.000015,0.000009,16.000000,0.151538,1950.438636,5.193360,0.528411,0.063492,0.001095,0.000001
2021-10-20,factor_model,hrp,0.002798,0.003282,0.000008,0.000011,3.502431,0.415020,1950.438636,5.193360,0.528411,0.063492,0.001095,0.000001
2021-10-20,factor_model,max_diversification,0.003615,0.004158,0.000013,0.000017,4.589754,0.188273,1950.438636,5.193360,0.528411,0.063492,0.001095,0.000001
2021-11-18,sample,equal_weight,0.006177,0.008590,0.000038,0.000074,12.367029,0.062500,1638.195681,5.748888,0.496024,0.063492,0.000855,0.000001
2021-11-18,sample,inverse_variance,0.003931,0.004310,0.000015,0.000019,13.502101,0.172173,1638.195681,5.748888,0.496024,0.063492,0.000855,0.000001
2021-11-18,sample,minimum_variance,0.003622,0.003584,0.000013,0.000013,5.535874,0.183755,1638.195681,5.748888,0.496024,0.063492,0.000855,0.000001
2021-11-18,sample,risk_parity,0.004344,0.004762,0.000019,0.000023,16.000000,0.103583,1638.195681,5.748888,0.496024,0.063492,0.000855,0.000001
2021-11-18,sample,hrp,0.003534,0.003482,0.000012,0.000012,9.362487,0.226464,1638.195681,5.748888,0.496024,0.063492,0.000855,0.000001
2021-11-18,sample,max_diversification,0.004012,0.003494,0.000016,0.000012,6.685285,0.163436,1638.195681,5.748888,0.496024,0.063492,0.000855,0.000001
2021-11-18,ledoit_wolf,equal_weight,0.006097,0.008590,0.000037,0.000074,12.393551,0.062500,1638.195681,5.748888,0.496024,0.063492,0.000855,0.000001
2021-11-18,ledoit_wolf,inverse_variance,0.004150,0.004812,0.000017,0.000023,13.818867,0.141291,1638.195681,5.748888,0.496024,0.063492,0.000855,0.000001
2021-11-18,ledoit_wolf,minimum_variance,0.003639,0.003582,0.000013,0.000013,5.627365,0.182252,1638.195681,5.748888,0.496024,0.063492,0.000855,0.000001
2021-11-18,ledoit_wolf,risk_parity,0.004372,0.004886,0.000019,0.000024,16.000000,0.098570,1638.195681,5.748888,0.496024,0.063492,0.000855,0.000001
2021-11-18,ledoit_wolf,hrp,0.003725,0.003838,0.000014,0.000015,10.275549,0.188018,1638.195681,5.748888,0.496024,0.063492,0.000855,0.000001
2021-11-18,ledoit_wolf,max_diversification,0.004005,0.003500,0.000016,0.000012,6.730319,0.162679,1638.195681,5.748888,0.496024,0.063492,0.000855,0.000001
2021-11-18,constant_corr,equal_weight,0.006163,0.008590,0.000038,0.000074,12.380851,0.062500,1638.195681,5.748888,0.496024,0.063492,0.000855,0.000001
2021-11-18,constant_corr,inverse_variance,0.003925,0.004310,0.000015,0.000019,13.501058,0.172173,1638.195681,5.748888,0.496024,0.063492,0.000855,0.000001
2021-11-18,constant_corr,minimum_variance,0.003623,0.003591,0.000013,0.000013,5.538542,0.183662,1638.195681,5.748888,0.496024,0.063492,0.000855,0.000001
2021-11-18,constant_corr,risk_parity,0.004342,0.004772,0.000019,0.000023,16.000000,0.103460,1638.195681,5.748888,0.496024,0.063492,0.000855,0.000001
2021-11-18,constant_corr,hrp,0.003531,0.003483,0.000012,0.000012,9.373451,0.226353,1638.195681,5.748888,0.496024,0.063492,0.000855,0.000001
2021-11-18,constant_corr,max_diversification,0.004018,0.003499,0.000016,0.000012,6.692647,0.163087,1638.195681,5.748888,0.496024,0.063492,0.000855,0.000001
2021-11-18,rmt_hard,equal_weight,0.006176,0.008590,0.000038,0.000074,12.381855,0.062500,1638.195681,5.748888,0.496024,0.063492,0.000855,0.000001
2021-11-18,rmt_hard,inverse_variance,0.003975,0.004430,0.000016,0.000020,13.617107,0.165391,1638.195681,5.748888,0.496024,0.063492,0.000855,0.000001
2021-11-18,rmt_hard,minimum_variance,0.003641,0.003636,0.000013,0.000013,5.522638,0.183771,1638.195681,5.748888,0.496024,0.063492,0.000855,0.000001
2021-11-18,rmt_hard,risk_parity,0.004339,0.004756,0.000019,0.000023,16.000000,0.104284,1638.195681,5.748888,0.496024,0.063492,0.000855,0.000001
2021-11-18,rmt_hard,hrp,0.003539,0.003503,0.000013,0.000012,9.222854,0.226026,1638.195681,5.748888,0.496024,0.063492,0.000855,0.000001
2021-11-18,rmt_hard,max_diversification,0.003988,0.003458,0.000016,0.000012,6.510724,0.165595,1638.195681,5.748888,0.496024,0.063492,0.000855,0.000001
2021-11-18,rmt_soft,equal_weight,0.006178,0.008590,0.000038,0.000074,12.371483,0.062500,1638.195681,5.748888,0.496024,0.063492,0.000855,0.000001
2021-11-18,rmt_soft,inverse_variance,0.003950,0.004358,0.000016,0.000019,13.630798,0.168898,1638.195681,5.748888,0.496024,0.063492,0.000855,0.000001
2021-11-18,rmt_soft,minimum_variance,0.003637,0.003606,0.000013,0.000013,5.551957,0.183134,1638.195681,5.748888,0.496024,0.063492,0.000855,0.000001
2021-11-18,rmt_soft,risk_parity,0.004341,0.004758,0.000019,0.000023,16.000000,0.104118,1638.195681,5.748888,0.496024,0.063492,0.000855,0.000001
2021-11-18,rmt_soft,hrp,0.003534,0.003492,0.000012,0.000012,9.170605,0.227211,1638.195681,5.748888,0.496024,0.063492,0.000855,0.000001
2021-11-18,rmt_soft,max_diversification,0.003996,0.003440,0.000016,0.000012,6.533803,0.166850,1638.195681,5.748888,0.496024,0.063492,0.000855,0.000001
2021-11-18,rmt_rie,equal_weight,0.005801,0.008590,0.000034,0.000074,12.364089,0.062500,1638.195681,5.748888,0.496024,0.063492,0.000855,0.000001
2021-11-18,rmt_rie,inverse_variance,0.003682,0.004274,0.000014,0.000018,13.334564,0.175025,1638.195681,5.748888,0.496024,0.063492,0.000855,0.000001
2021-11-18,rmt_rie,minimum_variance,0.003469,0.003611,0.000012,0.000013,5.683443,0.180157,1638.195681,5.748888,0.496024,0.063492,0.000855,0.000001
2021-11-18,rmt_rie,risk_parity,0.004104,0.004804,0.000017,0.000023,16.000000,0.102918,1638.195681,5.748888,0.496024,0.063492,0.000855,0.000001
2021-11-18,rmt_rie,hrp,0.003315,0.003462,0.000011,0.000012,9.049230,0.230780,1638.195681,5.748888,0.496024,0.063492,0.000855,0.000001
2021-11-18,rmt_rie,max_diversification,0.003905,0.003578,0.000015,0.000013,7.157079,0.152306,1638.195681,5.748888,0.496024,0.063492,0.000855,0.000001
2021-11-18,factor_model,equal_weight,0.006247,0.008590,0.000039,0.000074,12.199086,0.062500,1638.195681,5.748888,0.496024,0.063492,0.000855,0.000001
2021-11-18,factor_model,inverse_variance,0.003853,0.004310,0.000015,0.000019,13.369850,0.172173,1638.195681,5.748888,0.496024,0.063492,0.000855,0.000001
2021-11-18,factor_model,minimum_variance,0.003142,0.003820,0.000010,0.000015,4.898270,0.192309,1638.195681,5.748888,0.496024,0.063492,0.000855,0.000001
2021-11-18,factor_model,risk_parity,0.003745,0.003900,0.000014,0.000015,16.000000,0.135156,1638.195681,5.748888,0.496024,0.063492,0.000855,0.000001
2021-11-18,factor_model,hrp,0.002740,0.002852,0.000008,0.000008,4.039924,0.373638,1638.195681,5.748888,0.496024,0.063492,0.000855,0.000001
2021-11-18,factor_model,max_diversification,0.003360,0.003652,0.000011,0.000013,4.792950,0.184956,1638.195681,5.748888,0.496024,0.063492,0.000855,0.000001
2021-12-20,sample,equal_weight,0.006380,0.007177,0.000041,0.000052,12.310998,0.062500,1606.143523,5.653047,0.506221,0.063492,0.000901,0.000001
2021-12-20,sample,inverse_variance,0.004049,0.004800,0.000016,0.000023,13.936475,0.163464,1606.143523,5.653047,0.506221,0.063492,0.000901,0.000001
2021-12-20,sample,minimum_variance,0.003666,0.004909,0.000013,0.000024,5.673779,0.180539,1606.143523,5.653047,0.506221,0.063492,0.000901,0.000001
2021-12-20,sample,risk_parity,0.004312,0.005198,0.000019,0.000027,16.000000,0.110203,1606.143523,5.653047,0.506221,0.063492,0.000901,0.000001
2021-12-20,sample,hrp,0.003601,0.004367,0.000013,0.000019,9.472344,0.219353,1606.143523,5.653047,0.506221,0.063492,0.000901,0.000001
2021-12-20,sample,max_diversification,0.003930,0.004979,0.000015,0.000025,6.499609,0.170421,1606.143523,5.653047,0.506221,0.063492,0.000901,0.000001
2021-12-20,ledoit_wolf,equal_weight,0.006299,0.007177,0.000040,0.000052,12.336294,0.062500,1606.143523,5.653047,0.506221,0.063492,0.000901,0.000001
2021-12-20,ledoit_wolf,inverse_variance,0.004257,0.005020,0.000018,0.000025,14.025533,0.137146,1606.143523,5.653047,0.506221,0.063492,0.000901,0.000001
2021-12-20,ledoit_wolf,minimum_variance,0.003681,0.004891,0.000014,0.000024,5.735701,0.179688,1606.143523,5.653047,0.506221,0.063492,0.000901,0.000001
2021-12-20,ledoit_wolf,risk_parity,0.004352,0.005272,0.000019,0.000028,16.000000,0.104111,1606.143523,5.653047,0.506221,0.063492,0.000901,0.000001
2021-12-20,ledoit_wolf,hrp,0.003778,0.004528,0.000014,0.000021,10.231080,0.186152,1606.143523,5.653047,0.506221,0.063492,0.000901,0.000001
2021-12-20,ledoit_wolf,max_diversification,0.003942,0.004974,0.000016,0.000025,6.556513,0.168670,1606.143523,5.653047,0.506221,0.063492,0.000901,0.000001
2021-12-20,constant_corr,equal_weight,0.006365,0.007177,0.000041,0.000052,12.329952,0.062500,1606.143523,5.653047,0.506221,0.063492,0.000901,0.000001
2021-12-20,constant_corr,inverse_variance,0.004044,0.004800,0.000016,0.000023,13.941505,0.163464,1606.143523,5.653047,0.506221,0.063492,0.000901,0.000001
2021-12-20,constant_corr,minimum_variance,0.003670,0.004900,0.000013,0.000024,5.684721,0.180261,1606.143523,5.653047,0.506221,0.063492,0.000901,0.000001
2021-12-20,constant_corr,risk_parity,0.004313,0.005201,0.000019,0.000027,16.000000,0.109999,1606.143523,5.653047,0.506221,0.063492,0.000901,0.000001
2021-12-20,constant_corr,hrp,0.003599,0.004367,0.000013,0.000019,9.488912,0.219202,1606.143523,5.653047,0.506221,0.063492,0.000901,0.000001
2021-12-20,constant_corr,max_diversification,0.003938,0.004978,0.000016,0.000025,6.499887,0.170265,1606.143523,5.653047,0.506221,0.063492,0.000901,0.000001
2021-12-20,rmt_hard,equal_weight,0.006379,0.007177,0.000041,0.000052,12.324471,0.062500,1606.143523,5.653047,0.506221,0.063492,0.000901,0.000001
2021-12-20,rmt_hard,inverse_variance,0.004108,0.004834,0.000017,0.000023,14.023859,0.156181,1606.143523,5.653047,0.506221,0.063492,0.000901,0.000001
2021-12-20,rmt_hard,minimum_variance,0.003693,0.004839,0.000014,0.000023,5.792989,0.177501,1606.143523,5.653047,0.506221,0.063492,0.000901,0.000001
2021-12-20,rmt_hard,risk_parity,0.004304,0.005186,0.000019,0.000027,16.000000,0.111151,1606.143523,5.653047,0.506221,0.063492,0.000901,0.000001
2021-12-20,rmt_hard,hrp,0.003588,0.004355,0.000013,0.000019,9.162733,0.215570,1606.143523,5.653047,0.506221,0.063492,0.000901,0.000001
2021-12-20,rmt_hard,max_diversification,0.003926,0.004941,0.000015,0.000024,6.343518,0.170986,1606.143523,5.653047,0.506221,0.063492,0.000901,0.000001
2021-12-20,rmt_soft,equal_weight,0.006381,0.007177,0.000041,0.000052,12.315411,0.062500,1606.143523,5.653047,0.506221,0.063492,0.000901,0.000001
2021-12-20,rmt_soft,inverse_variance,0.004072,0.004807,0.000017,0.000023,14.028847,0.160066,1606.143523,5.653047,0.506221,0.063492,0.000901,0.000001
2021-12-20,rmt_soft,minimum_variance,0.003687,0.004865,0.000014,0.000024,5.747206,0.178598,1606.143523,5.653047,0.506221,0.063492,0.000901,0.000001
2021-12-20,rmt_soft,risk_parity,0.004307,0.005189,0.000019,0.000027,16.000000,0.110910,1606.143523,5.653047,0.506221,0.063492,0.000901,0.000001
2021-12-20,rmt_soft,hrp,0.003607,0.004349,0.000013,0.000019,9.310096,0.219853,1606.143523,5.653047,0.506221,0.063492,0.000901,0.000001
2021-12-20,rmt_soft,max_diversification,0.003946,0.004960,0.000016,0.000025,6.435003,0.170292,1606.143523,5.653047,0.506221,0.063492,0.000901,0.000001
2021-12-20,rmt_rie,equal_weight,0.005993,0.007177,0.000036,0.000052,12.324817,0.062500,1606.143523,5.653047,0.506221,0.063492,0.000901,0.000001
2021-12-20,rmt_rie,inverse_variance,0.003791,0.004787,0.000014,0.000023,13.839999,0.166571,1606.143523,5.653047,0.506221,0.063492,0.000901,0.000001
2021-12-20,rmt_rie,minimum_variance,0.003529,0.004851,0.000012,0.000024,5.888459,0.175680,1606.143523,5.653047,0.506221,0.063492,0.000901,0.000001
2021-12-20,rmt_rie,risk_parity,0.004084,0.005219,0.000017,0.000027,16.000000,0.109274,1606.143523,5.653047,0.506221,0.063492,0.000901,0.000001
2021-12-20,rmt_rie,hrp,0.003253,0.004169,0.000011,0.000017,7.681475,0.259860,1606.143523,5.653047,0.506221,0.063492,0.000901,0.000001
2021-12-20,rmt_rie,max_diversification,0.003834,0.005014,0.000015,0.000025,6.968021,0.159497,1606.143523,5.653047,0.506221,0.063492,0.000901,0.000001
2021-12-20,factor_model,equal_weight,0.006438,0.007177,0.000041,0.000052,12.095472,0.062500,1606.143523,5.653047,0.506221,0.063492,0.000901,0.000001
2021-12-20,factor_model,inverse_variance,0.003950,0.004800,0.000016,0.000023,13.329258,0.163464,1606.143523,5.653047,0.506221,0.063492,0.000901,0.000001
2021-12-20,factor_model,minimum_variance,0.003090,0.004573,0.000010,0.000021,4.828796,0.192614,1606.143523,5.653047,0.506221,0.063492,0.000901,0.000001
2021-12-20,factor_model,risk_parity,0.003568,0.004801,0.000013,0.000023,16.000000,0.148941,1606.143523,5.653047,0.506221,0.063492,0.000901,0.000001
2021-12-20,factor_model,hrp,0.003001,0.004135,0.000009,0.000017,6.786440,0.284856,1606.143523,5.653047,0.506221,0.063492,0.000901,0.000001
2021-12-20,factor_model,max_diversification,0.003262,0.004542,0.000011,0.000021,4.682944,0.183514,1606.143523,5.653047,0.506221,0.063492,0.000901,0.000001
2022-01-20,sample,equal_weight,0.006490,0.009226,0.000042,0.000085,12.443464,0.062500,1869.590635,5.504501,0.518422,0.063492,0.000916,0.000000
2022-01-20,sample,inverse_variance,0.004248,0.006300,0.000018,0.000040,14.110971,0.152903,1869.590635,5.504501,0.518422,0.063492,0.000916,0.000000
2022-01-20,sample,minimum_variance,0.003861,0.004667,0.000015,0.000022,5.982201,0.173989,1869.590635,5.504501,0.518422,0.063492,0.000916,0.000000
2022-01-20,sample,risk_parity,0.004522,0.006365,0.000020,0.000041,16.000000,0.105252,1869.590635,5.504501,0.518422,0.063492,0.000916,0.000000
2022-01-20,sample,hrp,0.003778,0.005270,0.000014,0.000028,9.780930,0.198953,1869.590635,5.504501,0.518422,0.063492,0.000916,0.000000
2022-01-20,sample,max_diversification,0.004227,0.005456,0.000018,0.000030,6.406581,0.161655,1869.590635,5.504501,0.518422,0.063492,0.000916,0.000000
2022-01-20,ledoit_wolf,equal_weight,0.006412,0.009226,0.000041,0.000085,12.465618,0.062500,1869.590635,5.504501,0.518422,0.063492,0.000916,0.000000
2022-01-20,ledoit_wolf,inverse_variance,0.004417,0.006575,0.000020,0.000043,14.218859,0.131612,1869.590635,5.504501,0.518422,0.063492,0.000916,0.000000
2022-01-20,ledoit_wolf,minimum_variance,0.003866,0.004690,0.000015,0.000022,6.117988,0.171628,1869.590635,5.504501,0.518422,0.063492,0.000916,0.000000
2022-01-20,ledoit_wolf,risk_parity,0.004545,0.006441,0.000021,0.000041,16.000000,0.100577,1869.590635,5.504501,0.518422,0.063492,0.000916,0.000000
2022-01-20,ledoit_wolf,hrp,0.003919,0.005426,0.000015,0.000029,10.274909,0.174441,1869.590635,5.504501,0.518422,0.063492,0.000916,0.000000
2022-01-20,ledoit_wolf,max_diversification,0.004214,0.005462,0.000018,0.000030,6.437877,0.161175,1869.590635,5.504501,0.518422,0.063492,0.000916,0.000000
2022-01-20,constant_corr,equal_weight,0.006477,0.009226,0.000042,0.000085,12.450851,0.062500,1869.590635,5.504501,0.518422,0.063492,0.000916,0.000000
2022-01-20,constant_corr,inverse_variance,0.004240,0.006300,0.000018,0.000040,14.112245,0.152903,1869.590635,5.504501,0.518422,0.063492,0.000916,0.000000
2022-01-20,constant_corr,minimum_variance,0.003857,0.004668,0.000015,0.000022,5.982430,0.173977,1869.590635,5.504501,0.518422,0.063492,0.000916,0.000000
2022-01-20,constant_corr,risk_parity,0.004517,0.006369,0.000020,0.000041,16.000000,0.105171,1869.590635,5.504501,0.518422,0.063492,0.000916,0.000000
2022-01-20,constant_corr,hrp,0.003772,0.005271,0.000014,0.000028,9.788646,0.198900,1869.590635,5.504501,0.518422,0.063492,0.000916,0.000000
2022-01-20,constant_corr,max_diversification,0.004225,0.005456,0.000018,0.000030,6.410619,0.161524,1869.590635,5.504501,0.518422,0.063492,0.000916,0.000000
2022-01-20,rmt_hard,equal_weight,0.006489,0.009226,0.000042,0.000085,12.449540,0.062500,1869.590635,5.504501,0.518422,0.063492,0.000916,0.000000
2022-01-20,rmt_hard,inverse_variance,0.004286,0.006345,0.000018,0.000040,14.178729,0.147983,1869.590635,5.504501,0.518422,0.063492,0.000916,0.000000
2022-01-20,rmt_hard,minimum_variance,0.003866,0.004684,0.000015,0.000022,5.972057,0.174044,1869.590635,5.504501,0.518422,0.063492,0.000916,0.000000
2022-01-20,rmt_hard,risk_parity,0.004517,0.006357,0.000020,0.000040,16.000000,0.105671,1869.590635,5.504501,0.518422,0.063492,0.000916,0.000000
2022-01-20,rmt_hard,hrp,0.003813,0.005650,0.000015,0.000032,9.964540,0.201698,1869.590635,5.504501,0.518422,0.063492,0.000916,0.000000
2022-01-20,rmt_hard,max_diversification,0.004203,0.005534,0.000018,0.000031,6.013830,0.166817,1869.590635,5.504501,0.518422,0.063492,0.000916,0.000000
2022-01-20,rmt_soft,equal_weight,0.006491,0.009226,0.000042,0.000085,12.445486,0.062500,1869.590635,5.504501,0.518422,0.063492,0.000916,0.000000
2022-01-20,rmt_soft,inverse_variance,0.004263,0.006311,0.000018,0.000040,14.185237,0.150434,1869.590635,5.504501,0.518422,0.063492,0.000916,0.000000
2022-01-20,rmt_soft,minimum_variance,0.003867,0.004678,0.000015,0.000022,5.990575,0.173694,1869.590635,5.504501,0.518422,0.063492,0.000916,0.000000
2022-01-20,rmt_soft,risk_parity,0.004519,0.006361,0.000020,0.000040,16.000000,0.105587,1869.590635,5.504501,0.518422,0.063492,0.000916,0.000000
2022-01-20,rmt_soft,hrp,0.003784,0.005370,0.000014,0.000029,9.710696,0.197495,1869.590635,5.504501,0.518422,0.063492,0.000916,0.000000
2022-01-20,rmt_soft,max_diversification,0.004208,0.005432,0.000018,0.000030,6.233837,0.165434,1869.590635,5.504501,0.518422,0.063492,0.000916,0.000000
2022-01-20,rmt_rie,equal_weight,0.006102,0.009226,0.000037,0.000085,12.460319,0.062500,1869.590635,5.504501,0.518422,0.063492,0.000916,0.000000
2022-01-20,rmt_rie,inverse_variance,0.003986,0.006300,0.000016,0.000040,14.009680,0.155360,1869.590635,5.504501,0.518422,0.063492,0.000916,0.000000
2022-01-20,rmt_rie,minimum_variance,0.003708,0.004831,0.000014,0.000023,6.227249,0.169073,1869.590635,5.504501,0.518422,0.063492,0.000916,0.000000
2022-01-20,rmt_rie,risk_parity,0.004295,0.006449,0.000018,0.000042,16.000000,0.103881,1869.590635,5.504501,0.518422,0.063492,0.000916,0.000000
2022-01-20,rmt_rie,hrp,0.003566,0.005299,0.000013,0.000028,9.699431,0.200608,1869.590635,5.504501,0.518422,0.063492,0.000916,0.000000
2022-01-20,rmt_rie,max_diversification,0.004147,0.005614,0.000017,0.000032,6.877292,0.149889,1869.590635,5.504501,0.518422,0.063492,0.000916,0.000000
2022-01-20,factor_model,equal_weight,0.006555,0.009226,0.000043,0.000085,12.315184,0.062500,1869.590635,5.504501,0.518422,0.063492,0.000916,0.000000
2022-01-20,factor_model,inverse_variance,0.004197,0.006300,0.000018,0.000040,13.633527,0.152903,1869.590635,5.504501,0.518422,0.063492,0.000916,0.000000
2022-01-20,factor_model,minimum_variance,0.003339,0.005478,0.000011,0.000030,4.876995,0.192288,1869.590635,5.504501,0.518422,0.063492,0.000916,0.000000
2022-01-20,factor_model,risk_parity,0.003876,0.005749,0.000015,0.000033,16.000000,0.139588,1869.590635,5.504501,0.518422,0.063492,0.000916,0.000000
2022-01-20,factor_model,hrp,0.003285,0.005105,0.000011,0.000026,7.787275,0.264112,1869.590635,5.504501,0.518422,0.063492,0.000916,0.000000
2022-01-20,factor_model,max_diversification,0.003553,0.006077,0.000013,0.000037,4.470821,0.187264,1869.590635,5.504501,0.518422,0.063492,0.000916,0.000000
2022-02-18,sample,equal_weight,0.006678,0.010220,0.000045,0.000104,12.409040,0.062500,1883.496237,5.502940,0.515260,0.063492,0.000963,0.000001
2022-02-18,sample,inverse_variance,0.004410,0.007033,0.000019,0.000049,14.041790,0.145528,1883.496237,5.502940,0.515260,0.063492,0.000963,0.000001
2022-02-18,sample,minimum_variance,0.003873,0.006338,0.000015,0.000040,6.115189,0.171797,1883.496237,5.502940,0.515260,0.063492,0.000963,0.000001
2022-02-18,sample,risk_parity,0.004669,0.007126,0.000022,0.000051,16.000000,0.100944,1883.496237,5.502940,0.515260,0.063492,0.000963,0.000001
2022-02-18,sample,hrp,0.003901,0.005980,0.000015,0.000036,9.590349,0.186430,1883.496237,5.502940,0.515260,0.063492,0.000963,0.000001
2022-02-18,sample,max_diversification,0.004343,0.006726,0.000019,0.000045,6.701253,0.153220,1883.496237,5.502940,0.515260,0.063492,0.000963,0.000001
2022-02-18,ledoit_wolf,equal_weight,0.006598,0.010220,0.000044,0.000104,12.431176,0.062500,1883.496237,5.502940,0.515260,0.063492,0.000963,0.000001
2022-02-18,ledoit_wolf,inverse_variance,0.004563,0.007292,0.000021,0.000053,14.152325,0.127164,1883.496237,5.502940,0.515260,0.063492,0.000963,0.000001
2022-02-18,ledoit_wolf,minimum_variance,0.003880,0.006319,0.000015,0.000040,6.201042,0.170347,1883.496237,5.502940,0.515260,0.063492,0.000963,0.000001
2022-02-18,ledoit_wolf,risk_parity,0.004681,0.007190,0.000022,0.000052,16.000000,0.097387,1883.496237,5.502940,0.515260,0.063492,0.000963,0.000001
2022-02-18,ledoit_wolf,hrp,0.004056,0.006145,0.000016,0.000038,10.104518,0.166255,1883.496237,5.502940,0.515260,0.063492,0.000963,0.000001
2022-02-18,ledoit_wolf,max_diversification,0.004321,0.006719,0.000019,0.000045,6.723634,0.152902,1883.496237,5.502940,0.515260,0.063492,0.000963,0.000001
2022-02-18,constant_corr,equal_weight,0.006664,0.010220,0.000044,0.000104,12.409040,0.062500,1883.496237,5.502940,0.515260,0.063492,0.000963,0.000001
2022-02-18,constant_corr,inverse_variance,0.004401,0.007033,0.000019,0.000049,14.041790,0.145528,1883.496237,5.502940,0.515260,0.063492,0.000963,0.000001
2022-02-18,constant_corr,minimum_variance,0.003865,0.006338,0.000015,0.000040,6.115194,0.171797,1883.496237,5.502940,0.515260,0.063492,0.000963,0.000001
2022-02-18,constant_corr,risk_parity,0.004659,0.007126,0.000022,0.000051,16.000000,0.100944,1883.496237,5.502940,0.515260,0.063492,0.000963,0.000001
2022-02-18,constant_corr,hrp,0.003893,0.005980,0.000015,0.000036,9.590349,0.186430,1883.496237,5.502940,0.515260,0.063492,0.000963,0.000001
2022-02-18,constant_corr,max_diversification,0.004334,0.006726,0.000019,0.000045,6.701253,0.153220,1883.496237,5.502940,0.515260,0.063492,0.000963,0.000001
2022-02-18,rmt_hard,equal_weight,0.006678,0.010220,0.000045,0.000104,12.411091,0.062500,1883.496237,5.502940,0.515260,0.063492,0.000963,0.000001
2022-02-18,rmt_hard,inverse_variance,0.004447,0.007079,0.000020,0.000050,14.062282,0.141023,1883.496237,5.502940,0.515260,0.063492,0.000963,0.000001
2022-02-18,rmt_hard,minimum_variance,0.003873,0.006337,0.000015,0.000040,6.167079,0.170660,1883.496237,5.502940,0.515260,0.063492,0.000963,0.000001
2022-02-18,rmt_hard,risk_parity,0.004662,0.007116,0.000022,0.000051,16.000000,0.101456,1883.496237,5.502940,0.515260,0.063492,0.000963,0.000001
2022-02-18,rmt_hard,hrp,0.004009,0.005993,0.000016,0.000036,10.240936,0.185380,1883.496237,5.502940,0.515260,0.063492,0.000963,0.000001
2022-02-18,rmt_hard,max_diversification,0.004312,0.006825,0.000019,0.000047,6.473480,0.155898,1883.496237,5.502940,0.515260,0.063492,0.000963,0.000001
2022-02-18,rmt_soft,equal_weight,0.006679,0.010220,0.000045,0.000104,12.410111,0.062500,1883.496237,5.502940,0.515260,0.063492,0.000963,0.000001
2022-02-18,rmt_soft,inverse_variance,0.004423,0.007037,0.000020,0.000050,14.085209,0.143405,1883.496237,5.502940,0.515260,0.063492,0.000963,0.000001
2022-02-18,rmt_soft,minimum_variance,0.003878,0.006323,0.000015,0.000040,6.121206,0.171590,1883.496237,5.502940,0.515260,0.063492,0.000963,0.000001
2022-02-18,rmt_soft,risk_parity,0.004666,0.007119,0.000022,0.000051,16.000000,0.101331,1883.496237,5.502940,0.515260,0.063492,0.000963,0.000001
2022-02-18,rmt_soft,hrp,0.003946,0.006029,0.000016,0.000036,9.704202,0.185082,1883.496237,5.502940,0.515260,0.063492,0.000963,0.000001
2022-02-18,rmt_soft,max_diversification,0.004323,0.006727,0.000019,0.000045,6.602654,0.155451,1883.496237,5.502940,0.515260,0.063492,0.000963,0.000001
2022-02-18,rmt_rie,equal_weight,0.006283,0.010220,0.000039,0.000104,12.441880,0.062500,1883.496237,5.502940,0.515260,0.063492,0.000963,0.000001
2022-02-18,rmt_rie,inverse_variance,0.004152,0.007106,0.000017,0.000050,13.956833,0.147237,1883.496237,5.502940,0.515260,0.063492,0.000963,0.000001
2022-02-18,rmt_rie,minimum_variance,0.003718,0.006581,0.000014,0.000043,6.099540,0.172066,1883.496237,5.502940,0.515260,0.063492,0.000963,0.000001
2022-02-18,rmt_rie,risk_parity,0.004448,0.007232,0.000020,0.000052,16.000000,0.099376,1883.496237,5.502940,0.515260,0.063492,0.000963,0.000001
2022-02-18,rmt_rie,hrp,0.003574,0.005629,0.000013,0.000032,7.763932,0.236712,1883.496237,5.502940,0.515260,0.063492,0.000963,0.000001
2022-02-18,rmt_rie,max_diversification,0.004277,0.006873,0.000018,0.000047,7.051248,0.143978,1883.496237,5.502940,0.515260,0.063492,0.000963,0.000001
2022-02-18,factor_model,equal_weight,0.006751,0.010220,0.000046,0.000104,12.327760,0.062500,1883.496237,5.502940,0.515260,0.063492,0.000963,0.000001
2022-02-18,factor_model,inverse_variance,0.004397,0.007033,0.000019,0.000049,13.522682,0.145528,1883.496237,5.502940,0.515260,0.063492,0.000963,0.000001
2022-02-18,factor_model,minimum_variance,0.003502,0.006801,0.000012,0.000046,5.359162,0.181123,1883.496237,5.502940,0.515260,0.063492,0.000963,0.000001
2022-02-18,factor_model,risk_parity,0.004075,0.006647,0.000017,0.000044,16.000000,0.132377,1883.496237,5.502940,0.515260,0.063492,0.000963,0.000001
2022-02-18,factor_model,hrp,0.003522,0.005877,0.000012,0.000035,8.262600,0.243019,1883.496237,5.502940,0.515260,0.063492,0.000963,0.000001
2022-02-18,factor_model,max_diversification,0.003729,0.007697,0.000014,0.000059,4.983836,0.183462,1883.496237,5.502940,0.515260,0.063492,0.000963,0.000001
2022-03-22,sample,equal_weight,0.006784,0.006906,0.000046,0.000048,12.138508,0.062500,2107.741337,5.482857,0.516403,0.063492,0.001019,0.000000
2022-03-22,sample,inverse_variance,0.004570,0.004927,0.000021,0.000024,13.992585,0.135273,2107.741337,5.482857,0.516403,0.063492,0.001019,0.000000
2022-03-22,sample,minimum_variance,0.003939,0.004520,0.000016,0.000020,6.446504,0.165478,2107.741337,5.482857,0.516403,0.063492,0.001019,0.000000
2022-03-22,sample,risk_parity,0.004656,0.005085,0.000022,0.000026,16.000000,0.101405,2107.741337,5.482857,0.516403,0.063492,0.001019,0.000000
2022-03-22,sample,hrp,0.003833,0.004545,0.000015,0.000021,8.225699,0.217248,2107.741337,5.482857,0.516403,0.063492,0.001019,0.000000
2022-03-22,sample,max_diversification,0.004464,0.005395,0.000020,0.000029,6.970810,0.141986,2107.741337,5.482857,0.516403,0.063492,0.001019,0.000000
2022-03-22,ledoit_wolf,equal_weight,0.006699,0.006906,0.000045,0.000048,12.163725,0.062500,2107.741337,5.482857,0.516403,0.063492,0.001019,0.000000
2022-03-22,ledoit_wolf,inverse_variance,0.004712,0.005052,0.000022,0.000026,13.993736,0.119449,2107.741337,5.482857,0.516403,0.063492,0.001019,0.000000
2022-03-22,ledoit_wolf,minimum_variance,0.003946,0.004532,0.000016,0.000021,6.553778,0.163733,2107.741337,5.482857,0.516403,0.063492,0.001019,0.000000
2022-03-22,ledoit_wolf,risk_parity,0.004673,0.005124,0.000022,0.000026,16.000000,0.097526,2107.741337,5.482857,0.516403,0.063492,0.001019,0.000000
2022-03-22,ledoit_wolf,hrp,0.003952,0.004560,0.000016,0.000021,9.095159,0.191493,2107.741337,5.482857,0.516403,0.063492,0.001019,0.000000
2022-03-22,ledoit_wolf,max_diversification,0.004426,0.005398,0.000020,0.000029,6.944540,0.141312,2107.741337,5.482857,0.516403,0.063492,0.001019,0.000000
2022-03-22,constant_corr,equal_weight,0.006769,0.006906,0.000046,0.000048,12.150613,0.062500,2107.741337,5.482857,0.516403,0.063492,0.001019,0.000000
2022-03-22,constant_corr,inverse_variance,0.004562,0.004927,0.000021,0.000024,13.999891,0.135273,2107.741337,5.482857,0.516403,0.063492,0.001019,0.000000
2022-03-22,constant_corr,minimum_variance,0.003937,0.004518,0.000015,0.000020,6.441584,0.165565,2107.741337,5.482857,0.516403,0.063492,0.001019,0.000000
2022-03-22,constant_corr,risk_parity,0.004653,0.005086,0.000022,0.000026,16.000000,0.101312,2107.741337,5.482857,0.516403,0.063492,0.001019,0.000000
2022-03-22,constant_corr,hrp,0.003830,0.004544,0.000015,0.000021,8.246757,0.217037,2107.741337,5.482857,0.516403,0.063492,0.001019,0.000000
2022-03-22,constant_corr,max_diversification,0.004464,0.005395,0.000020,0.000029,6.969737,0.141901,2107.741337,5.482857,0.516403,0.063492,0.001019,0.000000
2022-03-22,rmt_hard,equal_weight,0.006785,0.006906,0.000046,0.000048,12.139886,0.062500,2107.741337,5.482857,0.516403,0.063492,0.001019,0.000000
2022-03-22,rmt_hard,inverse_variance,0.004615,0.004935,0.000021,0.000024,13.982769,0.130757,2107.741337,5.482857,0.516403,0.063492,0.001019,0.000000
2022-03-22,rmt_hard,minimum_variance,0.003932,0.004499,0.000015,0.000020,6.456657,0.165265,2107.741337,5.482857,0.516403,0.063492,0.001019,0.000000
2022-03-22,rmt_hard,risk_parity,0.004652,0.005082,0.000022,0.000026,16.000000,0.101750,2107.741337,5.482857,0.516403,0.063492,0.001019,0.000000
2022-03-22,rmt_hard,hrp,0.003817,0.004418,0.000015,0.000020,8.200833,0.216291,2107.741337,5.482857,0.516403,0.063492,0.001019,0.000000
2022-03-22,rmt_hard,max_diversification,0.004437,0.005414,0.000020,0.000029,6.689923,0.147724,2107.741337,5.482857,0.516403,0.063492,0.001019,0.000000
2022-03-22,rmt_soft,equal_weight,0.006785,0.006906,0.000046,0.000048,12.139563,0.062500,2107.741337,5.482857,0.516403,0.063492,0.001019,0.000000
2022-03-22,rmt_soft,inverse_variance,0.004590,0.004922,0.000021,0.000024,14.028269,0.132733,2107.741337,5.482857,0.516403,0.063492,0.001019,0.000000
2022-03-22,rmt_soft,minimum_variance,0.003938,0.004506,0.000016,0.000020,6.427164,0.165801,2107.741337,5.482857,0.516403,0.063492,0.001019,0.000000
2022-03-22,rmt_soft,risk_parity,0.004654,0.005082,0.000022,0.000026,16.000000,0.101679,2107.741337,5.482857,0.516403,0.063492,0.001019,0.000000
2022-03-22,rmt_soft,hrp,0.003825,0.004543,0.000015,0.000021,7.974208,0.217703,2107.741337,5.482857,0.516403,0.063492,0.001019,0.000000
2022-03-22,rmt_soft,max_diversification,0.004444,0.005386,0.000020,0.000029,6.791258,0.145212,2107.741337,5.482857,0.516403,0.063492,0.001019,0.000000
2022-03-22,rmt_rie,equal_weight,0.006392,0.006906,0.000041,0.000048,12.222078,0.062500,2107.741337,5.482857,0.516403,0.063492,0.001019,0.000000
2022-03-22,rmt_rie,inverse_variance,0.004289,0.004957,0.000018,0.000025,13.890813,0.139794,2107.741337,5.482857,0.516403,0.063492,0.001019,0.000000
2022-03-22,rmt_rie,minimum_variance,0.003797,0.004596,0.000014,0.000021,6.536137,0.163860,2107.741337,5.482857,0.516403,0.063492,0.001019,0.000000
2022-03-22,rmt_rie,risk_parity,0.004441,0.005143,0.000020,0.000026,16.000000,0.100875,2107.741337,5.482857,0.516403,0.063492,0.001019,0.000000
2022-03-22,rmt_rie,hrp,0.003586,0.004526,0.000013,0.000020,7.366392,0.236268,2107.741337,5.482857,0.516403,0.063492,0.001019,0.000000
2022-03-22,rmt_rie,max_diversification,0.004355,0.005445,0.000019,0.000030,7.353831,0.136557,2107.741337,5.482857,0.516403,0.063492,0.001019,0.000000
2022-03-22,factor_model,equal_weight,0.006863,0.006906,0.000047,0.000048,12.091536,0.062500,2107.741337,5.482857,0.516403,0.063492,0.001019,0.000000
2022-03-22,factor_model,inverse_variance,0.004596,0.004927,0.000021,0.000024,13.298087,0.135273,2107.741337,5.482857,0.516403,0.063492,0.001019,0.000000
2022-03-22,factor_model,minimum_variance,0.003647,0.005643,0.000013,0.000032,5.517704,0.178194,2107.741337,5.482857,0.516403,0.063492,0.001019,0.000000
2022-03-22,factor_model,risk_parity,0.004131,0.005078,0.000017,0.000026,16.000000,0.129280,2107.741337,5.482857,0.516403,0.063492,0.001019,0.000000
2022-03-22,factor_model,hrp,0.003790,0.004489,0.000014,0.000020,9.945009,0.211210,2107.741337,5.482857,0.516403,0.063492,0.001019,0.000000
2022-03-22,factor_model,max_diversification,0.003811,0.006419,0.000015,0.000041,5.367297,0.186288,2107.741337,5.482857,0.516403,0.063492,0.001019,0.000000
2022-04-21,sample,equal_weight,0.006874,0.015711,0.000047,0.000247,12.084814,0.062500,2170.129375,5.456164,0.519212,0.063492,0.001051,0.000000
2022-04-21,sample,inverse_variance,0.004732,0.010452,0.000022,0.000109,13.964093,0.124982,2170.129375,5.456164,0.519212,0.063492,0.001051,0.000000
2022-04-21,sample,minimum_variance,0.003971,0.007859,0.000016,0.000062,6.070889,0.172916,2170.129375,5.456164,0.519212,0.063492,0.001051,0.000000
2022-04-21,sample,risk_parity,0.004748,0.010521,0.000023,0.000111,16.000000,0.098064,2170.129375,5.456164,0.519212,0.063492,0.001051,0.000000
2022-04-21,sample,hrp,0.003958,0.007814,0.000016,0.000061,8.734991,0.200445,2170.129375,5.456164,0.519212,0.063492,0.001051,0.000000
2022-04-21,sample,max_diversification,0.004618,0.009813,0.000021,0.000096,6.967016,0.144264,2170.129375,5.456164,0.519212,0.063492,0.001051,0.000000
2022-04-21,ledoit_wolf,equal_weight,0.006791,0.015711,0.000046,0.000247,12.109164,0.062500,2170.129375,5.456164,0.519212,0.063492,0.001051,0.000000
2022-04-21,ledoit_wolf,inverse_variance,0.004846,0.010843,0.000023,0.000118,13.943827,0.112877,2170.129375,5.456164,0.519212,0.063492,0.001051,0.000000
2022-04-21,ledoit_wolf,minimum_variance,0.003982,0.007908,0.000016,0.000063,6.191004,0.170722,2170.129375,5.456164,0.519212,0.063492,0.001051,0.000000
2022-04-21,ledoit_wolf,risk_parity,0.004755,0.010643,0.000023,0.000113,16.000000,0.095126,2170.129375,5.456164,0.519212,0.063492,0.001051,0.000000
2022-04-21,ledoit_wolf,hrp,0.004052,0.008142,0.000016,0.000066,9.499762,0.180244,2170.129375,5.456164,0.519212,0.063492,0.001051,0.000000
2022-04-21,ledoit_wolf,max_diversification,0.004520,0.009635,0.000020,0.000093,7.190129,0.138614,2170.129375,5.456164,0.519212,0.063492,0.001051,0.000000
2022-04-21,constant_corr,equal_weight,0.006860,0.015711,0.000047,0.000247,12.095553,0.062500,2170.129375,5.456164,0.519212,0.063492,0.001051,0.000000
2022-04-21,constant_corr,inverse_variance,0.004724,0.010452,0.000022,0.000109,13.972238,0.124982,2170.129375,5.456164,0.519212,0.063492,0.001051,0.000000
2022-04-21,constant_corr,minimum_variance,0.003968,0.007860,0.000016,0.000062,6.067459,0.172984,2170.129375,5.456164,0.519212,0.063492,0.001051,0.000000
2022-04-21,constant_corr,risk_parity,0.004744,0.010527,0.000023,0.000111,16.000000,0.097988,2170.129375,5.456164,0.519212,0.063492,0.001051,0.000000
2022-04-21,constant_corr,hrp,0.003954,0.007819,0.000016,0.000061,8.753915,0.200263,2170.129375,5.456164,0.519212,0.063492,0.001051,0.000000
2022-04-21,constant_corr,max_diversification,0.004616,0.009815,0.000021,0.000096,6.971734,0.144088,2170.129375,5.456164,0.519212,0.063492,0.001051,0.000000
2022-04-21,rmt_hard,equal_weight,0.006876,0.015711,0.000047,0.000247,12.085458,0.062500,2170.129375,5.456164,0.519212,0.063492,0.001051,0.000000
2022-04-21,rmt_hard,inverse_variance,0.004769,0.010549,0.000023,0.000111,13.940848,0.121565,2170.129375,5.456164,0.519212,0.063492,0.001051,0.000000
2022-04-21,rmt_hard,minimum_variance,0.003962,0.007872,0.000016,0.000062,6.049503,0.173366,2170.129375,5.456164,0.519212,0.063492,0.001051,0.000000
2022-04-21,rmt_hard,risk_parity,0.004746,0.010515,0.000023,0.000111,16.000000,0.098262,2170.129375,5.456164,0.519212,0.063492,0.001051,0.000000
2022-04-21,rmt_hard,hrp,0.003926,0.007636,0.000015,0.000058,8.455580,0.202276,2170.129375,5.456164,0.519212,0.063492,0.001051,0.000000
2022-04-21,rmt_hard,max_diversification,0.004584,0.009641,0.000021,0.000093,6.574901,0.150215,2170.129375,5.456164,0.519212,0.063492,0.001051,0.000000
2022-04-21,rmt_soft,equal_weight,0.006876,0.015711,0.000047,0.000247,12.084939,0.062500,2170.129375,5.456164,0.519212,0.063492,0.001051,0.000000
2022-04-21,rmt_soft,inverse_variance,0.004745,0.010482,0.000023,0.000110,13.993693,0.123200,2170.129375,5.456164,0.519212,0.063492,0.001051,0.000000
2022-04-21,rmt_soft,minimum_variance,0.003970,0.007845,0.000016,0.000062,6.049634,0.173362,2170.129375,5.456164,0.519212,0.063492,0.001051,0.000000
2022-04-21,rmt_soft,risk_parity,0.004747,0.010516,0.000023,0.000111,16.000000,0.098221,2170.129375,5.456164,0.519212,0.063492,0.001051,0.000000
2022-04-21,rmt_soft,hrp,0.003943,0.007771,0.000016,0.000060,8.373694,0.202269,2170.129375,5.456164,0.519212,0.063492,0.001051,0.000000
2022-04-21,rmt_soft,max_diversification,0.004599,0.009683,0.000021,0.000094,6.731056,0.147276,2170.129375,5.456164,0.519212,0.063492,0.001051,0.000000
2022-04-21,rmt_rie,equal_weight,0.006480,0.015711,0.000042,0.000247,12.162026,0.062500,2170.129375,5.456164,0.519212,0.063492,0.001051,0.000000
2022-04-21,rmt_rie,inverse_variance,0.004458,0.010447,0.000020,0.000109,13.920408,0.128687,2170.129375,5.456164,0.519212,0.063492,0.001051,0.000000
2022-04-21,rmt_rie,minimum_variance,0.003820,0.008003,0.000015,0.000064,6.204096,0.170213,2170.129375,5.456164,0.519212,0.063492,0.001051,0.000000
2022-04-21,rmt_rie,risk_parity,0.004536,0.010618,0.000021,0.000113,16.000000,0.097199,2170.129375,5.456164,0.519212,0.063492,0.001051,0.000000
2022-04-21,rmt_rie,hrp,0.003770,0.007842,0.000014,0.000062,8.532874,0.208453,2170.129375,5.456164,0.519212,0.063492,0.001051,0.000000
2022-04-21,rmt_rie,max_diversification,0.004487,0.010093,0.000020,0.000102,7.362416,0.138403,2170.129375,5.456164,0.519212,0.063492,0.001051,0.000000
2022-04-21,factor_model,equal_weight,0.006938,0.015711,0.000048,0.000247,11.958513,0.062500,2170.129375,5.456164,0.519212,0.063492,0.001051,0.000000
2022-04-21,factor_model,inverse_variance,0.004725,0.010452,0.000022,0.000109,13.071955,0.124982,2170.129375,5.456164,0.519212,0.063492,0.001051,0.000000
2022-04-21,factor_model,minimum_variance,0.003587,0.008014,0.000013,0.000064,5.618420,0.176397,2170.129375,5.456164,0.519212,0.063492,0.001051,0.000000
2022-04-21,factor_model,risk_parity,0.004088,0.009379,0.000017,0.000088,16.000000,0.127644,2170.129375,5.456164,0.519212,0.063492,0.001051,0.000000
2022-04-21,factor_model,hrp,0.003855,0.008157,0.000015,0.000067,10.302381,0.196528,2170.129375,5.456164,0.519212,0.063492,0.001051,0.000000
2022-04-21,factor_model,max_diversification,0.003755,0.008934,0.000014,0.000080,5.417586,0.185829,2170.129375,5.456164,0.519212,0.063492,0.001051,0.000000
2022-05-20,sample,equal_weight,0.008023,0.014968,0.000064,0.000224,12.116305,0.062500,2867.867418,4.837981,0.576680,0.063492,0.001414,0.000000
2022-05-20,sample,inverse_variance,0.005262,0.010900,0.000028,0.000119,14.282139,0.131123,2867.867418,4.837981,0.576680,0.063492,0.001414,0.000000
2022-05-20,sample,minimum_variance,0.004399,0.008728,0.000019,0.000076,5.498774,0.186901,2867.867418,4.837981,0.576680,0.063492,0.001414,0.000000
2022-05-20,sample,risk_parity,0.005266,0.010915,0.000028,0.000119,16.000000,0.107056,2867.867418,4.837981,0.576680,0.063492,0.001414,0.000000
2022-05-20,sample,hrp,0.004297,0.009015,0.000018,0.000081,8.204711,0.216824,2867.867418,4.837981,0.576680,0.063492,0.001414,0.000000
2022-05-20,sample,max_diversification,0.005005,0.009977,0.000025,0.000100,6.822782,0.150872,2867.867418,4.837981,0.576680,0.063492,0.001414,0.000000
2022-05-20,ledoit_wolf,equal_weight,0.007918,0.014968,0.000063,0.000224,12.139415,0.062500,2867.867418,4.837981,0.576680,0.063492,0.001414,0.000000
2022-05-20,ledoit_wolf,inverse_variance,0.005427,0.011209,0.000029,0.000126,14.219929,0.116349,2867.867418,4.837981,0.576680,0.063492,0.001414,0.000000
2022-05-20,ledoit_wolf,minimum_variance,0.004417,0.008763,0.000020,0.000077,5.583435,0.184244,2867.867418,4.837981,0.576680,0.063492,0.001414,0.000000
2022-05-20,ledoit_wolf,risk_parity,0.005292,0.011022,0.000028,0.000121,16.000000,0.102698,2867.867418,4.837981,0.576680,0.063492,0.001414,0.000000
2022-05-20,ledoit_wolf,hrp,0.004428,0.009246,0.000020,0.000085,9.044130,0.193117,2867.867418,4.837981,0.576680,0.063492,0.001414,0.000000
2022-05-20,ledoit_wolf,max_diversification,0.004785,0.009723,0.000023,0.000095,7.421541,0.149955,2867.867418,4.837981,0.576680,0.063492,0.001414,0.000000
2022-05-20,constant_corr,equal_weight,0.008007,0.014968,0.000064,0.000224,12.116305,0.062500,2867.867418,4.837981,0.576680,0.063492,0.001414,0.000000
2022-05-20,constant_corr,inverse_variance,0.005251,0.010900,0.000028,0.000119,14.282139,0.131123,2867.867418,4.837981,0.576680,0.063492,0.001414,0.000000
2022-05-20,constant_corr,minimum_variance,0.004390,0.008728,0.000019,0.000076,5.498796,0.186901,2867.867418,4.837981,0.576680,0.063492,0.001414,0.000000
2022-05-20,constant_corr,risk_parity,0.005256,0.010915,0.000028,0.000119,16.000000,0.107056,2867.867418,4.837981,0.576680,0.063492,0.001414,0.000000
2022-05-20,constant_corr,hrp,0.004288,0.009015,0.000018,0.000081,8.204711,0.216824,2867.867418,4.837981,0.576680,0.063492,0.001414,0.000000
2022-05-20,constant_corr,max_diversification,0.004995,0.009977,0.000025,0.000100,6.822781,0.150872,2867.867418,4.837981,0.576680,0.063492,0.001414,0.000000
2022-05-20,rmt_hard,equal_weight,0.008023,0.014968,0.000064,0.000224,12.115659,0.062500,2867.867418,4.837981,0.576680,0.063492,0.001414,0.000000
2022-05-20,rmt_hard,inverse_variance,0.005284,0.010936,0.000028,0.000120,14.309758,0.129341,2867.867418,4.837981,0.576680,0.063492,0.001414,0.000000
2022-05-20,rmt_hard,minimum_variance,0.004384,0.008740,0.000019,0.000076,5.479687,0.187353,2867.867418,4.837981,0.576680,0.063492,0.001414,0.000000
2022-05-20,rmt_hard,risk_parity,0.005265,0.010914,0.000028,0.000119,16.000000,0.107065,2867.867418,4.837981,0.576680,0.063492,0.001414,0.000000
2022-05-20,rmt_hard,hrp,0.004264,0.008952,0.000018,0.000080,8.116323,0.216663,2867.867418,4.837981,0.576680,0.063492,0.001414,0.000000
2022-05-20,rmt_hard,max_diversification,0.004900,0.009873,0.000024,0.000097,6.746762,0.153646,2867.867418,4.837981,0.576680,0.063492,0.001414,0.000000
2022-05-20,rmt_soft,equal_weight,0.008024,0.014968,0.000064,0.000224,12.115672,0.062500,2867.867418,4.837981,0.576680,0.063492,0.001414,0.000000
2022-05-20,rmt_soft,inverse_variance,0.005267,0.010908,0.000028,0.000119,14.313337,0.130266,2867.867418,4.837981,0.576680,0.063492,0.001414,0.000000
2022-05-20,rmt_soft,minimum_variance,0.004393,0.008731,0.000019,0.000076,5.487698,0.187187,2867.867418,4.837981,0.576680,0.063492,0.001414,0.000000
2022-05-20,rmt_soft,risk_parity,0.005266,0.010914,0.000028,0.000119,16.000000,0.107080,2867.867418,4.837981,0.576680,0.063492,0.001414,0.000000
2022-05-20,rmt_soft,hrp,0.004286,0.008980,0.000018,0.000081,7.910706,0.219115,2867.867418,4.837981,0.576680,0.063492,0.001414,0.000000
2022-05-20,rmt_soft,max_diversification,0.004901,0.009843,0.000024,0.000097,6.880961,0.152076,2867.867418,4.837981,0.576680,0.063492,0.001414,0.000000
2022-05-20,rmt_rie,equal_weight,0.007551,0.014968,0.000057,0.000224,12.113298,0.062500,2867.867418,4.837981,0.576680,0.063492,0.001414,0.000000
2022-05-20,rmt_rie,inverse_variance,0.004929,0.010883,0.000024,0.000118,14.337089,0.134602,2867.867418,4.837981,0.576680,0.063492,0.001414,0.000000
2022-05-20,rmt_rie,minimum_variance,0.004173,0.008798,0.000017,0.000077,5.716582,0.180264,2867.867418,4.837981,0.576680,0.063492,0.001414,0.000000
2022-05-20,rmt_rie,risk_parity,0.004989,0.010962,0.000025,0.000120,16.000000,0.105949,2867.867418,4.837981,0.576680,0.063492,0.001414,0.000000
2022-05-20,rmt_rie,hrp,0.004084,0.009056,0.000017,0.000082,8.111668,0.220389,2867.867418,4.837981,0.576680,0.063492,0.001414,0.000000
2022-05-20,rmt_rie,max_diversification,0.004639,0.009906,0.000022,0.000098,7.790525,0.137487,2867.867418,4.837981,0.576680,0.063492,0.001414,0.000000
2022-05-20,factor_model,equal_weight,0.008107,0.014968,0.000066,0.000224,12.130794,0.062500,2867.867418,4.837981,0.576680,0.063492,0.001414,0.000000
2022-05-20,factor_model,inverse_variance,0.005311,0.010900,0.000028,0.000119,13.631571,0.131123,2867.867418,4.837981,0.576680,0.063492,0.001414,0.000000
2022-05-20,factor_model,minimum_variance,0.004193,0.009235,0.000018,0.000085,5.016171,0.193164,2867.867418,4.837981,0.576680,0.063492,0.001414,0.000000
2022-05-20,factor_model,risk_parity,0.004788,0.010399,0.000023,0.000108,16.000000,0.130070,2867.867418,4.837981,0.576680,0.063492,0.001414,0.000000
2022-05-20,factor_model,hrp,0.004351,0.009437,0.000019,0.000089,10.505954,0.203716,2867.867418,4.837981,0.576680,0.063492,0.001414,0.000000
2022-05-20,factor_model,max_diversification,0.004344,0.009888,0.000019,0.000098,5.231472,0.197372,2867.867418,4.837981,0.576680,0.063492,0.001414,0.000000
2022-06-22,sample,equal_weight,0.008972,0.009411,0.000080,0.000089,12.430909,0.062500,2850.980019,4.393572,0.612756,0.063492,0.001714,0.000001
2022-06-22,sample,inverse_variance,0.005987,0.006496,0.000036,0.000042,14.470407,0.127118,2850.980019,4.393572,0.612756,0.063492,0.001714,0.000001
2022-06-22,sample,minimum_variance,0.004925,0.005846,0.000024,0.000034,5.666987,0.188789,2850.980019,4.393572,0.612756,0.063492,0.001714,0.000001
2022-06-22,sample,risk_parity,0.006127,0.006446,0.000038,0.000042,16.000000,0.100726,2850.980019,4.393572,0.612756,0.063492,0.001714,0.000001
2022-06-22,sample,hrp,0.004955,0.005332,0.000025,0.000028,8.741201,0.202583,2850.980019,4.393572,0.612756,0.063492,0.001714,0.000001
2022-06-22,sample,max_diversification,0.005740,0.005960,0.000033,0.000036,6.453736,0.165921,2850.980019,4.393572,0.612756,0.063492,0.001714,0.000001
2022-06-22,ledoit_wolf,equal_weight,0.008865,0.009411,0.000079,0.000089,12.448479,0.062500,2850.980019,4.393572,0.612756,0.063492,0.001714,0.000001
2022-06-22,ledoit_wolf,inverse_variance,0.006126,0.006675,0.000038,0.000045,14.500283,0.115099,2850.980019,4.393572,0.612756,0.063492,0.001714,0.000001
2022-06-22,ledoit_wolf,minimum_variance,0.004935,0.005847,0.000024,0.000034,5.692706,0.187819,2850.980019,4.393572,0.612756,0.063492,0.001714,0.000001
2022-06-22,ledoit_wolf,risk_parity,0.006127,0.006495,0.000038,0.000042,16.000000,0.098291,2850.980019,4.393572,0.612756,0.063492,0.001714,0.000001
2022-06-22,ledoit_wolf,hrp,0.005064,0.005413,0.000026,0.000029,9.393349,0.185027,2850.980019,4.393572,0.612756,0.063492,0.001714,0.000001
2022-06-22,ledoit_wolf,max_diversification,0.005587,0.005844,0.000031,0.000034,6.770580,0.159324,2850.980019,4.393572,0.612756,0.063492,0.001714,0.000001
2022-06-22,constant_corr,equal_weight,0.008954,0.009411,0.000080,0.000089,12.430909,0.062500,2850.980019,4.393572,0.612756,0.063492,0.001714,0.000001
2022-06-22,constant_corr,inverse_variance,0.005975,0.006496,0.000036,0.000042,14.470407,0.127118,2850.980019,4.393572,0.612756,0.063492,0.001714,0.000001
2022-06-22,constant_corr,minimum_variance,0.004915,0.005846,0.000024,0.000034,5.667038,0.188788,2850.980019,4.393572,0.612756,0.063492,0.001714,0.000001
2022-06-22,constant_corr,risk_parity,0.006115,0.006446,0.000037,0.000042,16.000000,0.100726,2850.980019,4.393572,0.612756,0.063492,0.001714,0.000001
2022-06-22,constant_corr,hrp,0.004945,0.005332,0.000024,0.000028,8.741201,0.202583,2850.980019,4.393572,0.612756,0.063492,0.001714,0.000001
2022-06-22,constant_corr,max_diversification,0.005729,0.005960,0.000033,0.000036,6.453736,0.165921,2850.980019,4.393572,0.612756,0.063492,0.001714,0.000001
2022-06-22,rmt_hard,equal_weight,0.008972,0.009411,0.000081,0.000089,12.430221,0.062500,2850.980019,4.393572,0.612756,0.063492,0.001714,0.000001
2022-06-22,rmt_hard,inverse_variance,0.006001,0.006515,0.000036,0.000042,14.495712,0.126055,2850.980019,4.393572,0.612756,0.063492,0.001714,0.000001
2022-06-22,rmt_hard,minimum_variance,0.004912,0.005868,0.000024,0.000034,5.644938,0.189422,2850.980019,4.393572,0.612756,0.063492,0.001714,0.000001
2022-06-22,rmt_hard,risk_parity,0.006126,0.006446,0.000038,0.000042,16.000000,0.100786,2850.980019,4.393572,0.612756,0.063492,0.001714,0.000001
2022-06-22,rmt_hard,hrp,0.004952,0.005384,0.000025,0.000029,9.077605,0.197674,2850.980019,4.393572,0.612756,0.063492,0.001714,0.000001
2022-06-22,rmt_hard,max_diversification,0.005707,0.005981,0.000033,0.000036,6.248541,0.168817,2850.980019,4.393572,0.612756,0.063492,0.001714,0.000001
2022-06-22,rmt_soft,equal_weight,0.008972,0.009411,0.000081,0.000089,12.430266,0.062500,2850.980019,4.393572,0.612756,0.063492,0.001714,0.000001
2022-06-22,rmt_soft,inverse_variance,0.005986,0.006499,0.000036,0.000042,14.489770,0.126761,2850.980019,4.393572,0.612756,0.063492,0.001714,0.000001
2022-06-22,rmt_soft,minimum_variance,0.004920,0.005855,0.000024,0.000034,5.657834,0.189060,2850.980019,4.393572,0.612756,0.063492,0.001714,0.000001
2022-06-22,rmt_soft,risk_parity,0.006127,0.006446,0.000038,0.000042,16.000000,0.100772,2850.980019,4.393572,0.612756,0.063492,0.001714,0.000001
2022-06-22,rmt_soft,hrp,0.004950,0.005317,0.000025,0.000028,8.603344,0.203499,2850.980019,4.393572,0.612756,0.063492,0.001714,0.000001
2022-06-22,rmt_soft,max_diversification,0.005724,0.005961,0.000033,0.000036,6.366583,0.167046,2850.980019,4.393572,0.612756,0.063492,0.001714,0.000001
2022-06-22,rmt_rie,equal_weight,0.008439,0.009411,0.000071,0.000089,12.424931,0.062500,2850.980019,4.393572,0.612756,0.063492,0.001714,0.000001
2022-06-22,rmt_rie,inverse_variance,0.005614,0.006483,0.000032,0.000042,14.453677,0.130246,2850.980019,4.393572,0.612756,0.063492,0.001714,0.000001
2022-06-22,rmt_rie,minimum_variance,0.004652,0.005851,0.000022,0.000034,5.631392,0.188795,2850.980019,4.393572,0.612756,0.063492,0.001714,0.000001
2022-06-22,rmt_rie,risk_parity,0.005787,0.006468,0.000033,0.000042,16.000000,0.100069,2850.980019,4.393572,0.612756,0.063492,0.001714,0.000001
2022-06-22,rmt_rie,hrp,0.004721,0.005383,0.000022,0.000029,9.331839,0.198853,2850.980019,4.393572,0.612756,0.063492,0.001714,0.000001
2022-06-22,rmt_rie,max_diversification,0.005457,0.005905,0.000030,0.000035,6.747506,0.160563,2850.980019,4.393572,0.612756,0.063492,0.001714,0.000001
2022-06-22,factor_model,equal_weight,0.009063,0.009411,0.000082,0.000089,12.487986,0.062500,2850.980019,4.393572,0.612756,0.063492,0.001714,0.000001
2022-06-22,factor_model,inverse_variance,0.006075,0.006496,0.000037,0.000042,14.129673,0.127118,2850.980019,4.393572,0.612756,0.063492,0.001714,0.000001
2022-06-22,factor_model,minimum_variance,0.004901,0.005642,0.000024,0.000032,5.425234,0.191316,2850.980019,4.393572,0.612756,0.063492,0.001714,0.000001
2022-06-22,factor_model,risk_parity,0.005896,0.006209,0.000035,0.000039,16.000000,0.112329,2850.980019,4.393572,0.612756,0.063492,0.001714,0.000001
2022-06-22,factor_model,hrp,0.005068,0.005643,0.000026,0.000032,9.703834,0.194366,2850.980019,4.393572,0.612756,0.063492,0.001714,0.000001
2022-06-22,factor_model,max_diversification,0.005108,0.005761,0.000026,0.000033,5.038614,0.203031,2850.980019,4.393572,0.612756,0.063492,0.001714,0.000001
2022-07-22,sample,equal_weight,0.009239,0.008177,0.000085,0.000067,12.467554,0.062500,2999.097601,4.363003,0.612486,0.063492,0.001813,0.000001
2022-07-22,sample,inverse_variance,0.006265,0.006579,0.000039,0.000043,14.474786,0.122563,2999.097601,4.363003,0.612486,0.063492,0.001813,0.000001
2022-07-22,sample,minimum_variance,0.005120,0.006034,0.000026,0.000036,5.474460,0.193386,2999.097601,4.363003,0.612486,0.063492,0.001813,0.000001
2022-07-22,sample,risk_parity,0.006370,0.006720,0.000041,0.000045,16.000000,0.099177,2999.097601,4.363003,0.612486,0.063492,0.001813,0.000001
2022-07-22,sample,hrp,0.005169,0.006281,0.000027,0.000039,8.915514,0.196373,2999.097601,4.363003,0.612486,0.063492,0.001813,0.000001
2022-07-22,sample,max_diversification,0.005974,0.006862,0.000036,0.000047,6.559193,0.163046,2999.097601,4.363003,0.612486,0.063492,0.001813,0.000001
2022-07-22,ledoit_wolf,equal_weight,0.009133,0.008177,0.000083,0.000067,12.484232,0.062500,2999.097601,4.363003,0.612486,0.063492,0.001813,0.000001
2022-07-22,ledoit_wolf,inverse_variance,0.006387,0.006634,0.000041,0.000044,14.503798,0.112209,2999.097601,4.363003,0.612486,0.063492,0.001813,0.000001
2022-07-22,ledoit_wolf,minimum_variance,0.005129,0.006006,0.000026,0.000036,5.585591,0.190511,2999.097601,4.363003,0.612486,0.063492,0.001813,0.000001
2022-07-22,ledoit_wolf,risk_parity,0.006364,0.006737,0.000040,0.000045,16.000000,0.097083,2999.097601,4.363003,0.612486,0.063492,0.001813,0.000001
2022-07-22,ledoit_wolf,hrp,0.005279,0.006276,0.000028,0.000039,9.682531,0.179279,2999.097601,4.363003,0.612486,0.063492,0.001813,0.000001
2022-07-22,ledoit_wolf,max_diversification,0.005840,0.006744,0.000034,0.000045,6.809740,0.157142,2999.097601,4.363003,0.612486,0.063492,0.001813,0.000001
2022-07-22,constant_corr,equal_weight,0.009221,0.008177,0.000085,0.000067,12.467554,0.062500,2999.097601,4.363003,0.612486,0.063492,0.001813,0.000001
2022-07-22,constant_corr,inverse_variance,0.006253,0.006579,0.000039,0.000043,14.474786,0.122563,2999.097601,4.363003,0.612486,0.063492,0.001813,0.000001
2022-07-22,constant_corr,minimum_variance,0.005109,0.006034,0.000026,0.000036,5.474510,0.193385,2999.097601,4.363003,0.612486,0.063492,0.001813,0.000001
2022-07-22,constant_corr,risk_parity,0.006357,0.006720,0.000040,0.000045,16.000000,0.099177,2999.097601,4.363003,0.612486,0.063492,0.001813,0.000001
2022-07-22,constant_corr,hrp,0.005159,0.006281,0.000027,0.000039,8.915514,0.196373,2999.097601,4.363003,0.612486,0.063492,0.001813,0.000001
2022-07-22,constant_corr,max_diversification,0.005962,0.006862,0.000036,0.000047,6.559194,0.163046,2999.097601,4.363003,0.612486,0.063492,0.001813,0.000001
2022-07-22,rmt_hard,equal_weight,0.009240,0.008177,0.000085,0.000067,12.467166,0.062500,2999.097601,4.363003,0.612486,0.063492,0.001813,0.000001
2022-07-22,rmt_hard,inverse_variance,0.006293,0.006575,0.000040,0.000043,14.474296,0.120619,2999.097601,4.363003,0.612486,0.063492,0.001813,0.000001
2022-07-22,rmt_hard,minimum_variance,0.005105,0.006076,0.000026,0.000037,5.364148,0.196129,2999.097601,4.363003,0.612486,0.063492,0.001813,0.000001
2022-07-22,rmt_hard,risk_parity,0.006368,0.006719,0.000041,0.000045,16.000000,0.099278,2999.097601,4.363003,0.612486,0.063492,0.001813,0.000001
2022-07-22,rmt_hard,hrp,0.005174,0.006287,0.000027,0.000040,9.279581,0.191465,2999.097601,4.363003,0.612486,0.063492,0.001813,0.000001
2022-07-22,rmt_hard,max_diversification,0.005938,0.006956,0.000035,0.000048,6.157398,0.167776,2999.097601,4.363003,0.612486,0.063492,0.001813,0.000001
2022-07-22,rmt_soft,equal_weight,0.009240,0.008177,0.000085,0.000067,12.467044,0.062500,2999.097601,4.363003,0.612486,0.063492,0.001813,0.000001
2022-07-22,rmt_soft,inverse_variance,0.006264,0.006568,0.000039,0.000043,14.488882,0.122027,2999.097601,4.363003,0.612486,0.063492,0.001813,0.000001
2022-07-22,rmt_soft,minimum_variance,0.005117,0.006045,0.000026,0.000037,5.459083,0.193797,2999.097601,4.363003,0.612486,0.063492,0.001813,0.000001
2022-07-22,rmt_soft,risk_parity,0.006369,0.006719,0.000041,0.000045,16.000000,0.099249,2999.097601,4.363003,0.612486,0.063492,0.001813,0.000001
2022-07-22,rmt_soft,hrp,0.005160,0.006287,0.000027,0.000040,8.722431,0.197882,2999.097601,4.363003,0.612486,0.063492,0.001813,0.000001
2022-07-22,rmt_soft,max_diversification,0.005958,0.006868,0.000035,0.000047,6.489754,0.163146,2999.097601,4.363003,0.612486,0.063492,0.001813,0.000001
2022-07-22,rmt_rie,equal_weight,0.008690,0.008177,0.000076,0.000067,12.459002,0.062500,2999.097601,4.363003,0.612486,0.063492,0.001813,0.000001
2022-07-22,rmt_rie,inverse_variance,0.005875,0.006607,0.000035,0.000044,14.497612,0.125161,2999.097601,4.363003,0.612486,0.063492,0.001813,0.000001
2022-07-22,rmt_rie,minimum_variance,0.004837,0.005984,0.000023,0.000036,5.548960,0.191110,2999.097601,4.363003,0.612486,0.063492,0.001813,0.000001
2022-07-22,rmt_rie,risk_parity,0.006018,0.006718,0.000036,0.000045,16.000000,0.098378,2999.097601,4.363003,0.612486,0.063492,0.001813,0.000001
2022-07-22,rmt_rie,hrp,0.004907,0.006313,0.000024,0.000040,8.983671,0.197070,2999.097601,4.363003,0.612486,0.063492,0.001813,0.000001
2022-07-22,rmt_rie,max_diversification,0.005682,0.006618,0.000032,0.000044,6.762783,0.159931,2999.097601,4.363003,0.612486,0.063492,0.001813,0.000001
2022-07-22,factor_model,equal_weight,0.009327,0.008177,0.000087,0.000067,12.511179,0.062500,2999.097601,4.363003,0.612486,0.063492,0.001813,0.000001
2022-07-22,factor_model,inverse_variance,0.006344,0.006579,0.000040,0.000043,14.110538,0.122563,2999.097601,4.363003,0.612486,0.063492,0.001813,0.000001
2022-07-22,factor_model,minimum_variance,0.004996,0.007149,0.000025,0.000051,5.160550,0.197816,2999.097601,4.363003,0.612486,0.063492,0.001813,0.000001
2022-07-22,factor_model,risk_parity,0.006087,0.006736,0.000037,0.000045,16.000000,0.111213,2999.097601,4.363003,0.612486,0.063492,0.001813,0.000001
2022-07-22,factor_model,hrp,0.005436,0.006280,0.000030,0.000039,11.482704,0.172901,2999.097601,4.363003,0.612486,0.063492,0.001813,0.000001
2022-07-22,factor_model,max_diversification,0.005199,0.007458,0.000027,0.000056,5.120465,0.202538,2999.097601,4.363003,0.612486,0.063492,0.001813,0.000001
2022-08-22,sample,equal_weight,0.009480,0.012071,0.000090,0.000146,12.521441,0.062500,3124.667391,4.311621,0.614945,0.063492,0.001900,0.000001
2022-08-22,sample,inverse_variance,0.006569,0.008880,0.000043,0.000079,14.471879,0.115886,3124.667391,4.311621,0.614945,0.063492,0.001900,0.000001
2022-08-22,sample,minimum_variance,0.005290,0.006703,0.000028,0.000045,5.714630,0.188702,3124.667391,4.311621,0.614945,0.063492,0.001900,0.000001
2022-08-22,sample,risk_parity,0.006682,0.008947,0.000045,0.000080,16.000000,0.095356,3124.667391,4.311621,0.614945,0.063492,0.001900,0.000001
2022-08-22,sample,hrp,0.005751,0.007731,0.000033,0.000060,10.926298,0.149924,3124.667391,4.311621,0.614945,0.063492,0.001900,0.000001
2022-08-22,sample,max_diversification,0.006280,0.007915,0.000039,0.000063,6.516478,0.159624,3124.667391,4.311621,0.614945,0.063492,0.001900,0.000001
2022-08-22,ledoit_wolf,equal_weight,0.009376,0.012071,0.000088,0.000146,12.536806,0.062500,3124.667391,4.311621,0.614945,0.063492,0.001900,0.000001
2022-08-22,ledoit_wolf,inverse_variance,0.006664,0.009079,0.000044,0.000082,14.511977,0.107823,3124.667391,4.311621,0.614945,0.063492,0.001900,0.000001
2022-08-22,ledoit_wolf,minimum_variance,0.005296,0.006701,0.000028,0.000045,5.758912,0.187340,3124.667391,4.311621,0.614945,0.063492,0.001900,0.000001
2022-08-22,ledoit_wolf,risk_parity,0.006665,0.008996,0.000044,0.000081,16.000000,0.093835,3124.667391,4.311621,0.614945,0.063492,0.001900,0.000001
2022-08-22,ledoit_wolf,hrp,0.005554,0.007359,0.000031,0.000054,10.041185,0.169407,3124.667391,4.311621,0.614945,0.063492,0.001900,0.000001
2022-08-22,ledoit_wolf,max_diversification,0.006210,0.007828,0.000039,0.000061,6.560458,0.156067,3124.667391,4.311621,0.614945,0.063492,0.001900,0.000001
2022-08-22,constant_corr,equal_weight,0.009461,0.012071,0.000090,0.000146,12.521441,0.062500,3124.667391,4.311621,0.614945,0.063492,0.001900,0.000001
2022-08-22,constant_corr,inverse_variance,0.006556,0.008880,0.000043,0.000079,14.471879,0.115886,3124.667391,4.311621,0.614945,0.063492,0.001900,0.000001
2022-08-22,constant_corr,minimum_variance,0.005280,0.006703,0.000028,0.000045,5.714644,0.188702,3124.667391,4.311621,0.614945,0.063492,0.001900,0.000001
2022-08-22,constant_corr,risk_parity,0.006669,0.008947,0.000044,0.000080,16.000000,0.095356,3124.667391,4.311621,0.614945,0.063492,0.001900,0.000001
2022-08-22,constant_corr,hrp,0.005739,0.007731,0.000033,0.000060,10.926299,0.149924,3124.667391,4.311621,0.614945,0.063492,0.001900,0.000001
2022-08-22,constant_corr,max_diversification,0.006267,0.007915,0.000039,0.000063,6.516479,0.159624,3124.667391,4.311621,0.614945,0.063492,0.001900,0.000001
2022-08-22,rmt_hard,equal_weight,0.009481,0.012071,0.000090,0.000146,12.520620,0.062500,3124.667391,4.311621,0.614945,0.063492,0.001900,0.000001
2022-08-22,rmt_hard,inverse_variance,0.006587,0.008913,0.000043,0.000079,14.476896,0.114531,3124.667391,4.311621,0.614945,0.063492,0.001900,0.000001
2022-08-22,rmt_hard,minimum_variance,0.005281,0.006714,0.000028,0.000045,5.662801,0.189902,3124.667391,4.311621,0.614945,0.063492,0.001900,0.000001
2022-08-22,rmt_hard,risk_parity,0.006681,0.008946,0.000045,0.000080,16.000000,0.095418,3124.667391,4.311621,0.614945,0.063492,0.001900,0.000001
2022-08-22,rmt_hard,hrp,0.005488,0.007272,0.000030,0.000053,9.867232,0.176806,3124.667391,4.311621,0.614945,0.063492,0.001900,0.000001
2022-08-22,rmt_hard,max_diversification,0.006255,0.007825,0.000039,0.000061,6.367540,0.160699,3124.667391,4.311621,0.614945,0.063492,0.001900,0.000001
2022-08-22,rmt_soft,equal_weight,0.009481,0.012071,0.000090,0.000146,12.520576,0.062500,3124.667391,4.311621,0.614945,0.063492,0.001900,0.000001
2022-08-22,rmt_soft,inverse_variance,0.006562,0.008875,0.000043,0.000079,14.485244,0.115706,3124.667391,4.311621,0.614945,0.063492,0.001900,0.000001
2022-08-22,rmt_soft,minimum_variance,0.005289,0.006706,0.000028,0.000045,5.712797,0.188775,3124.667391,4.311621,0.614945,0.063492,0.001900,0.000001
2022-08-22,rmt_soft,risk_parity,0.006681,0.008946,0.000045,0.000080,16.000000,0.095400,3124.667391,4.311621,0.614945,0.063492,0.001900,0.000001
2022-08-22,rmt_soft,hrp,0.005454,0.007162,0.000030,0.000051,9.190512,0.184419,3124.667391,4.311621,0.614945,0.063492,0.001900,0.000001
2022-08-22,rmt_soft,max_diversification,0.006268,0.007877,0.000039,0.000062,6.485040,0.159352,3124.667391,4.311621,0.614945,0.063492,0.001900,0.000001
2022-08-22,rmt_rie,equal_weight,0.008917,0.012071,0.000080,0.000146,12.519270,0.062500,3124.667391,4.311621,0.614945,0.063492,0.001900,0.000001
2022-08-22,rmt_rie,inverse_variance,0.006170,0.008855,0.000038,0.000078,14.473812,0.118401,3124.667391,4.311621,0.614945,0.063492,0.001900,0.000001
2022-08-22,rmt_rie,minimum_variance,0.004997,0.006706,0.000025,0.000045,5.641936,0.189722,3124.667391,4.311621,0.614945,0.063492,0.001900,0.000001
2022-08-22,rmt_rie,risk_parity,0.006313,0.008972,0.000040,0.000080,16.000000,0.094639,3124.667391,4.311621,0.614945,0.063492,0.001900,0.000001
2022-08-22,rmt_rie,hrp,0.005187,0.007187,0.000027,0.000052,9.472164,0.184052,3124.667391,4.311621,0.614945,0.063492,0.001900,0.000001
2022-08-22,rmt_rie,max_diversification,0.005954,0.007900,0.000035,0.000062,6.595212,0.160499,3124.667391,4.311621,0.614945,0.063492,0.001900,0.000001
2022-08-22,factor_model,equal_weight,0.009568,0.012071,0.000092,0.000146,12.566653,0.062500,3124.667391,4.311621,0.614945,0.063492,0.001900,0.000001
2022-08-22,factor_model,inverse_variance,0.006658,0.008880,0.000044,0.000079,14.154675,0.115886,3124.667391,4.311621,0.614945,0.063492,0.001900,0.000001
2022-08-22,factor_model,minimum_variance,0.005188,0.006956,0.000027,0.000048,5.382762,0.193939,3124.667391,4.311621,0.614945,0.063492,0.001900,0.000001
2022-08-22,factor_model,risk_parity,0.006444,0.008634,0.000042,0.000075,16.000000,0.105169,3124.667391,4.311621,0.614945,0.063492,0.001900,0.000001
2022-08-22,factor_model,hrp,0.005778,0.007629,0.000033,0.000058,11.865758,0.157871,3124.667391,4.311621,0.614945,0.063492,0.001900,0.000001
2022-08-22,factor_model,max_diversification,0.005437,0.007606,0.000030,0.000058,5.286995,0.198528,3124.667391,4.311621,0.614945,0.063492,0.001900,0.000001
2022-09-21,sample,equal_weight,0.009977,0.015795,0.000100,0.000249,12.651824,0.062500,3291.755373,4.133238,0.632566,0.063492,0.002074,0.000001
2022-09-21,sample,inverse_variance,0.006889,0.012254,0.000047,0.000150,14.582897,0.117895,3291.755373,4.133238,0.632566,0.063492,0.002074,0.000001
2022-09-21,sample,minimum_variance,0.005534,0.010210,0.000031,0.000104,5.789965,0.187298,3291.755373,4.133238,0.632566,0.063492,0.002074,0.000001
2022-09-21,sample,risk_parity,0.007085,0.012724,0.000050,0.000162,16.000000,0.094724,3291.755373,4.133238,0.632566,0.063492,0.002074,0.000001
2022-09-21,sample,hrp,0.006029,0.011275,0.000036,0.000127,10.927734,0.153840,3291.755373,4.133238,0.632566,0.063492,0.002074,0.000001
2022-09-21,sample,max_diversification,0.006510,0.012227,0.000042,0.000150,6.645044,0.155373,3291.755373,4.133238,0.632566,0.063492,0.002074,0.000001
2022-09-21,ledoit_wolf,equal_weight,0.009874,0.015795,0.000097,0.000249,12.665077,0.062500,3291.755373,4.133238,0.632566,0.063492,0.002074,0.000001
2022-09-21,ledoit_wolf,inverse_variance,0.006985,0.012439,0.000049,0.000155,14.641081,0.110036,3291.755373,4.133238,0.632566,0.063492,0.002074,0.000001
2022-09-21,ledoit_wolf,minimum_variance,0.005536,0.010230,0.000031,0.000105,5.823344,0.186191,3291.755373,4.133238,0.632566,0.063492,0.002074,0.000001
2022-09-21,ledoit_wolf,risk_parity,0.007064,0.012770,0.000050,0.000163,16.000000,0.093421,3291.755373,4.133238,0.632566,0.063492,0.002074,0.000001
2022-09-21,ledoit_wolf,hrp,0.005826,0.011047,0.000034,0.000122,9.935493,0.172436,3291.755373,4.133238,0.632566,0.063492,0.002074,0.000001
2022-09-21,ledoit_wolf,max_diversification,0.006449,0.012177,0.000042,0.000148,6.642270,0.153791,3291.755373,4.133238,0.632566,0.063492,0.002074,0.000001
2022-09-21,constant_corr,equal_weight,0.009957,0.015795,0.000099,0.000249,12.651824,0.062500,3291.755373,4.133238,0.632566,0.063492,0.002074,0.000001
2022-09-21,constant_corr,inverse_variance,0.006876,0.012254,0.000047,0.000150,14.582897,0.117895,3291.755373,4.133238,0.632566,0.063492,0.002074,0.000001
2022-09-21,constant_corr,minimum_variance,0.005523,0.010210,0.000031,0.000104,5.789967,0.187298,3291.755373,4.133238,0.632566,0.063492,0.002074,0.000001
2022-09-21,constant_corr,risk_parity,0.007071,0.012724,0.000050,0.000162,16.000000,0.094724,3291.755373,4.133238,0.632566,0.063492,0.002074,0.000001
2022-09-21,constant_corr,hrp,0.006017,0.011275,0.000036,0.000127,10.927734,0.153840,3291.755373,4.133238,0.632566,0.063492,0.002074,0.000001
2022-09-21,constant_corr,max_diversification,0.006497,0.012227,0.000042,0.000150,6.645044,0.155373,3291.755373,4.133238,0.632566,0.063492,0.002074,0.000001
2022-09-21,rmt_hard,equal_weight,0.009977,0.015795,0.000100,0.000249,12.651095,0.062500,3291.755373,4.133238,0.632566,0.063492,0.002074,0.000001
2022-09-21,rmt_hard,inverse_variance,0.006903,0.012280,0.000048,0.000151,14.589133,0.116847,3291.755373,4.133238,0.632566,0.063492,0.002074,0.000001
2022-09-21,rmt_hard,minimum_variance,0.005527,0.010212,0.000031,0.000104,5.741043,0.188394,3291.755373,4.133238,0.632566,0.063492,0.002074,0.000001
2022-09-21,rmt_hard,risk_parity,0.007084,0.012723,0.000050,0.000162,16.000000,0.094788,3291.755373,4.133238,0.632566,0.063492,0.002074,0.000001
2022-09-21,rmt_hard,hrp,0.005764,0.010996,0.000033,0.000121,9.787383,0.179166,3291.755373,4.133238,0.632566,0.063492,0.002074,0.000001
2022-09-21,rmt_hard,max_diversification,0.006485,0.012159,0.000042,0.000148,6.440737,0.157261,3291.755373,4.133238,0.632566,0.063492,0.002074,0.000001
2022-09-21,rmt_soft,equal_weight,0.009977,0.015795,0.000100,0.000249,12.651036,0.062500,3291.755373,4.133238,0.632566,0.063492,0.002074,0.000001
2022-09-21,rmt_soft,inverse_variance,0.006879,0.012249,0.000047,0.000150,14.591376,0.117909,3291.755373,4.133238,0.632566,0.063492,0.002074,0.000001
2022-09-21,rmt_soft,minimum_variance,0.005533,0.010213,0.000031,0.000104,5.785945,0.187416,3291.755373,4.133238,0.632566,0.063492,0.002074,0.000001
2022-09-21,rmt_soft,risk_parity,0.007084,0.012723,0.000050,0.000162,16.000000,0.094767,3291.755373,4.133238,0.632566,0.063492,0.002074,0.000001
2022-09-21,rmt_soft,hrp,0.005727,0.010833,0.000033,0.000117,9.158334,0.186697,3291.755373,4.133238,0.632566,0.063492,0.002074,0.000001
2022-09-21,rmt_soft,max_diversification,0.006500,0.012206,0.000042,0.000149,6.611424,0.155409,3291.755373,4.133238,0.632566,0.063492,0.002074,0.000001
2022-09-21,rmt_rie,equal_weight,0.009381,0.015795,0.000088,0.000249,12.641669,0.062500,3291.755373,4.133238,0.632566,0.063492,0.002074,0.000001
2022-09-21,rmt_rie,inverse_variance,0.006462,0.012235,0.000042,0.000150,14.605268,0.119845,3291.755373,4.133238,0.632566,0.063492,0.002074,0.000001
2022-09-21,rmt_rie,minimum_variance,0.005217,0.010184,0.000027,0.000104,5.764909,0.187639,3291.755373,4.133238,0.632566,0.063492,0.002074,0.000001
2022-09-21,rmt_rie,risk_parity,0.006677,0.012730,0.000045,0.000162,16.000000,0.094284,3291.755373,4.133238,0.632566,0.063492,0.002074,0.000001
2022-09-21,rmt_rie,hrp,0.005432,0.010898,0.000030,0.000119,9.415290,0.185069,3291.755373,4.133238,0.632566,0.063492,0.002074,0.000001
2022-09-21,rmt_rie,max_diversification,0.006151,0.012082,0.000038,0.000146,6.640153,0.157104,3291.755373,4.133238,0.632566,0.063492,0.002074,0.000001
2022-09-21,factor_model,equal_weight,0.010064,0.015795,0.000101,0.000249,12.694629,0.062500,3291.755373,4.133238,0.632566,0.063492,0.002074,0.000001
2022-09-21,factor_model,inverse_variance,0.006975,0.012254,0.000049,0.000150,14.301184,0.117895,3291.755373,4.133238,0.632566,0.063492,0.002074,0.000001
2022-09-21,factor_model,minimum_variance,0.005443,0.011010,0.000030,0.000121,5.313592,0.195908,3291.755373,4.133238,0.632566,0.063492,0.002074,0.000001
2022-09-21,factor_model,risk_parity,0.006857,0.012481,0.000047,0.000156,16.000000,0.103769,3291.755373,4.133238,0.632566,0.063492,0.002074,0.000001
2022-09-21,factor_model,hrp,0.005966,0.011051,0.000036,0.000122,11.442543,0.165388,3291.755373,4.133238,0.632566,0.063492,0.002074,0.000001
2022-09-21,factor_model,max_diversification,0.005730,0.012051,0.000033,0.000145,5.310111,0.198359,3291.755373,4.133238,0.632566,0.063492,0.002074,0.000001
2022-10-20,sample,equal_weight,0.010769,0.014585,0.000116,0.000213,13.034635,0.062500,3583.833112,3.967173,0.647217,0.063492,0.002334,0.000001
2022-10-20,sample,inverse_variance,0.007656,0.011200,0.000059,0.000125,14.714486,0.113480,3583.833112,3.967173,0.647217,0.063492,0.002334,0.000001
2022-10-20,sample,minimum_variance,0.006127,0.008538,0.000038,0.000073,5.369381,0.197209,3583.833112,3.967173,0.647217,0.063492,0.002334,0.000001
2022-10-20,sample,risk_parity,0.007984,0.011693,0.000064,0.000137,16.000000,0.090366,3583.833112,3.967173,0.647217,0.063492,0.002334,0.000001
2022-10-20,sample,hrp,0.006527,0.009893,0.000043,0.000098,10.173898,0.172312,3583.833112,3.967173,0.647217,0.063492,0.002334,0.000001
2022-10-20,sample,max_diversification,0.007290,0.010224,0.000053,0.000105,6.512611,0.156456,3583.833112,3.967173,0.647217,0.063492,0.002334,0.000001
2022-10-20,ledoit_wolf,equal_weight,0.010668,0.014585,0.000114,0.000213,13.044657,0.062500,3583.833112,3.967173,0.647217,0.063492,0.002334,0.000001
2022-10-20,ledoit_wolf,inverse_variance,0.007727,0.011346,0.000060,0.000129,14.789923,0.107449,3583.833112,3.967173,0.647217,0.063492,0.002334,0.000001
2022-10-20,ledoit_wolf,minimum_variance,0.006124,0.008554,0.000038,0.000073,5.437448,0.195359,3583.833112,3.967173,0.647217,0.063492,0.002334,0.000001
2022-10-20,ledoit_wolf,risk_parity,0.007949,0.011723,0.000063,0.000137,16.000000,0.089548,3583.833112,3.967173,0.647217,0.063492,0.002334,0.000001
2022-10-20,ledoit_wolf,hrp,0.006558,0.009979,0.000043,0.000100,10.318540,0.166163,3583.833112,3.967173,0.647217,0.063492,0.002334,0.000001
2022-10-20,ledoit_wolf,max_diversification,0.007217,0.010159,0.000052,0.000103,6.554965,0.155105,3583.833112,3.967173,0.647217,0.063492,0.002334,0.000001
2022-10-20,constant_corr,equal_weight,0.010748,0.014585,0.000116,0.000213,13.034635,0.062500,3583.833112,3.967173,0.647217,0.063492,0.002334,0.000001
2022-10-20,constant_corr,inverse_variance,0.007641,0.011200,0.000058,0.000125,14.714486,0.113480,3583.833112,3.967173,0.647217,0.063492,0.002334,0.000001
2022-10-20,constant_corr,minimum_variance,0.006115,0.008538,0.000037,0.000073,5.369383,0.197209,3583.833112,3.967173,0.647217,0.063492,0.002334,0.000001
2022-10-20,constant_corr,risk_parity,0.007968,0.011693,0.000063,0.000137,16.000000,0.090366,3583.833112,3.967173,0.647217,0.063492,0.002334,0.000001
2022-10-20,constant_corr,hrp,0.006514,0.009893,0.000042,0.000098,10.173898,0.172312,3583.833112,3.967173,0.647217,0.063492,0.002334,0.000001
2022-10-20,constant_corr,max_diversification,0.007275,0.010224,0.000053,0.000105,6.512611,0.156456,3583.833112,3.967173,0.647217,0.063492,0.002334,0.000001
2022-10-20,rmt_hard,equal_weight,0.010770,0.014585,0.000116,0.000213,13.034145,0.062500,3583.833112,3.967173,0.647217,0.063492,0.002334,0.000001
2022-10-20,rmt_hard,inverse_variance,0.007670,0.011223,0.000059,0.000126,14.734190,0.112605,3583.833112,3.967173,0.647217,0.063492,0.002334,0.000001
2022-10-20,rmt_hard,minimum_variance,0.006124,0.008550,0.000038,0.000073,5.340822,0.197922,3583.833112,3.967173,0.647217,0.063492,0.002334,0.000001
2022-10-20,rmt_hard,risk_parity,0.007984,0.011691,0.000064,0.000137,16.000000,0.090407,3583.833112,3.967173,0.647217,0.063492,0.002334,0.000001
2022-10-20,rmt_hard,hrp,0.006576,0.009942,0.000043,0.000099,10.709903,0.165186,3583.833112,3.967173,0.647217,0.063492,0.002334,0.000001
2022-10-20,rmt_hard,max_diversification,0.007265,0.010251,0.000053,0.000105,6.143718,0.160243,3583.833112,3.967173,0.647217,0.063492,0.002334,0.000001
2022-10-20,rmt_soft,equal_weight,0.010770,0.014585,0.000116,0.000213,13.034026,0.062500,3583.833112,3.967173,0.647217,0.063492,0.002334,0.000001
2022-10-20,rmt_soft,inverse_variance,0.007645,0.011189,0.000058,0.000125,14.721287,0.113565,3583.833112,3.967173,0.647217,0.063492,0.002334,0.000001
2022-10-20,rmt_soft,minimum_variance,0.006127,0.008542,0.000038,0.000073,5.368307,0.197243,3583.833112,3.967173,0.647217,0.063492,0.002334,0.000001
2022-10-20,rmt_soft,risk_parity,0.007984,0.011692,0.000064,0.000137,16.000000,0.090394,3583.833112,3.967173,0.647217,0.063492,0.002334,0.000001
2022-10-20,rmt_soft,hrp,0.006536,0.009918,0.000043,0.000098,10.240017,0.171530,3583.833112,3.967173,0.647217,0.063492,0.002334,0.000001
2022-10-20,rmt_soft,max_diversification,0.007279,0.010209,0.000053,0.000104,6.471109,0.156720,3583.833112,3.967173,0.647217,0.063492,0.002334,0.000001
2022-10-20,rmt_rie,equal_weight,0.010123,0.014585,0.000102,0.000213,13.019226,0.062500,3583.833112,3.967173,0.647217,0.063492,0.002334,0.000001
2022-10-20,rmt_rie,inverse_variance,0.007161,0.011177,0.000051,0.000125,14.732964,0.115624,3583.833112,3.967173,0.647217,0.063492,0.002334,0.000001
2022-10-20,rmt_rie,minimum_variance,0.005776,0.008578,0.000033,0.000074,5.426652,0.195825,3583.833112,3.967173,0.647217,0.063492,0.002334,0.000001
2022-10-20,rmt_rie,risk_parity,0.007509,0.011697,0.000056,0.000137,16.000000,0.090169,3583.833112,3.967173,0.647217,0.063492,0.002334,0.000001
2022-10-20,rmt_rie,hrp,0.006111,0.009863,0.000037,0.000097,9.689335,0.177845,3583.833112,3.967173,0.647217,0.063492,0.002334,0.000001
2022-10-20,rmt_rie,max_diversification,0.006876,0.010175,0.000047,0.000104,6.801217,0.152966,3583.833112,3.967173,0.647217,0.063492,0.002334,0.000001
2022-10-20,factor_model,equal_weight,0.010857,0.014585,0.000118,0.000213,13.071777,0.062500,3583.833112,3.967173,0.647217,0.063492,0.002334,0.000001
2022-10-20,factor_model,inverse_variance,0.007736,0.011200,0.000060,0.000125,14.504476,0.113480,3583.833112,3.967173,0.647217,0.063492,0.002334,0.000001
2022-10-20,factor_model,minimum_variance,0.006062,0.009205,0.000037,0.000085,5.484006,0.193753,3583.833112,3.967173,0.647217,0.063492,0.002334,0.000001
2022-10-20,factor_model,risk_parity,0.007799,0.011509,0.000061,0.000132,16.000000,0.097126,3583.833112,3.967173,0.647217,0.063492,0.002334,0.000001
2022-10-20,factor_model,hrp,0.006756,0.009986,0.000046,0.000100,11.743095,0.158151,3583.833112,3.967173,0.647217,0.063492,0.002334,0.000001
2022-10-20,factor_model,max_diversification,0.006477,0.010506,0.000042,0.000110,5.226785,0.201290,3583.833112,3.967173,0.647217,0.063492,0.002334,0.000001
2022-11-18,sample,equal_weight,0.011523,0.010531,0.000133,0.000111,13.202799,0.062500,4033.942272,3.808564,0.663781,0.063492,0.002629,0.000001
2022-11-18,sample,inverse_variance,0.008270,0.008161,0.000068,0.000067,14.699301,0.113928,4033.942272,3.808564,0.663781,0.063492,0.002629,0.000001
2022-11-18,sample,minimum_variance,0.006569,0.007002,0.000043,0.000049,5.045997,0.205128,4033.942272,3.808564,0.663781,0.063492,0.002629,0.000001
2022-11-18,sample,risk_parity,0.008723,0.008726,0.000076,0.000076,16.000000,0.088325,4033.942272,3.808564,0.663781,0.063492,0.002629,0.000001
2022-11-18,sample,hrp,0.007090,0.007509,0.000050,0.000056,10.245942,0.171611,4033.942272,3.808564,0.663781,0.063492,0.002629,0.000001
2022-11-18,sample,max_diversification,0.007807,0.008658,0.000061,0.000075,6.122644,0.159513,4033.942272,3.808564,0.663781,0.063492,0.002629,0.000001
2022-11-18,ledoit_wolf,equal_weight,0.011408,0.010531,0.000130,0.000111,13.212657,0.062500,4033.942272,3.808564,0.663781,0.063492,0.002629,0.000001
2022-11-18,ledoit_wolf,inverse_variance,0.008347,0.008268,0.000070,0.000068,14.809709,0.107449,4033.942272,3.808564,0.663781,0.063492,0.002629,0.000001
2022-11-18,ledoit_wolf,minimum_variance,0.006566,0.007018,0.000043,0.000049,5.100986,0.203463,4033.942272,3.808564,0.663781,0.063492,0.002629,0.000001
2022-11-18,ledoit_wolf,risk_parity,0.008677,0.008747,0.000075,0.000077,16.000000,0.087556,4033.942272,3.808564,0.663781,0.063492,0.002629,0.000001
2022-11-18,ledoit_wolf,hrp,0.007150,0.007584,0.000051,0.000058,10.602740,0.162934,4033.942272,3.808564,0.663781,0.063492,0.002629,0.000001
2022-11-18,ledoit_wolf,max_diversification,0.007720,0.008620,0.000060,0.000074,6.211985,0.158054,4033.942272,3.808564,0.663781,0.063492,0.002629,0.000001
2022-11-18,constant_corr,equal_weight,0.011500,0.010531,0.000132,0.000111,13.202799,0.062500,4033.942272,3.808564,0.663781,0.063492,0.002629,0.000001
2022-11-18,constant_corr,inverse_variance,0.008254,0.008161,0.000068,0.000067,14.699301,0.113928,4033.942272,3.808564,0.663781,0.063492,0.002629,0.000001
2022-11-18,constant_corr,minimum_variance,0.006556,0.007002,0.000043,0.000049,5.046014,0.205127,4033.942272,3.808564,0.663781,0.063492,0.002629,0.000001
2022-11-18,constant_corr,risk_parity,0.008706,0.008726,0.000076,0.000076,16.000000,0.088325,4033.942272,3.808564,0.663781,0.063492,0.002629,0.000001
2022-11-18,constant_corr,hrp,0.007076,0.007509,0.000050,0.000056,10.245942,0.171611,4033.942272,3.808564,0.663781,0.063492,0.002629,0.000001
2022-11-18,constant_corr,max_diversification,0.007792,0.008658,0.000061,0.000075,6.122644,0.159513,4033.942272,3.808564,0.663781,0.063492,0.002629,0.000001
2022-11-18,rmt_hard,equal_weight,0.011523,0.010531,0.000133,0.000111,13.202140,0.062500,4033.942272,3.808564,0.663781,0.063492,0.002629,0.000001
2022-11-18,rmt_hard,inverse_variance,0.008284,0.008172,0.000069,0.000067,14.720019,0.113097,4033.942272,3.808564,0.663781,0.063492,0.002629,0.000001
2022-11-18,rmt_hard,minimum_variance,0.006566,0.006992,0.000043,0.000049,5.017118,0.205957,4033.942272,3.808564,0.663781,0.063492,0.002629,0.000001
2022-11-18,rmt_hard,risk_parity,0.008723,0.008725,0.000076,0.000076,16.000000,0.088355,4033.942272,3.808564,0.663781,0.063492,0.002629,0.000001
2022-11-18,rmt_hard,hrp,0.007172,0.007500,0.000051,0.000056,10.884897,0.163470,4033.942272,3.808564,0.663781,0.063492,0.002629,0.000001
2022-11-18,rmt_hard,max_diversification,0.007776,0.008580,0.000060,0.000074,6.092295,0.159788,4033.942272,3.808564,0.663781,0.063492,0.002629,0.000001
2022-11-18,rmt_soft,equal_weight,0.011523,0.010531,0.000133,0.000111,13.202167,0.062500,4033.942272,3.808564,0.663781,0.063492,0.002629,0.000001
2022-11-18,rmt_soft,inverse_variance,0.008260,0.008154,0.000068,0.000066,14.700355,0.113989,4033.942272,3.808564,0.663781,0.063492,0.002629,0.000001
2022-11-18,rmt_soft,minimum_variance,0.006569,0.007000,0.000043,0.000049,5.039784,0.205306,4033.942272,3.808564,0.663781,0.063492,0.002629,0.000001
2022-11-18,rmt_soft,risk_parity,0.008723,0.008726,0.000076,0.000076,16.000000,0.088346,4033.942272,3.808564,0.663781,0.063492,0.002629,0.000001
2022-11-18,rmt_soft,hrp,0.007088,0.007511,0.000050,0.000056,10.205208,0.172020,4033.942272,3.808564,0.663781,0.063492,0.002629,0.000001
2022-11-18,rmt_soft,max_diversification,0.007797,0.008640,0.000061,0.000075,6.091199,0.160097,4033.942272,3.808564,0.663781,0.063492,0.002629,0.000001
2022-11-18,rmt_rie,equal_weight,0.010829,0.010531,0.000117,0.000111,13.188058,0.062500,4033.942272,3.808564,0.663781,0.063492,0.002629,0.000001
2022-11-18,rmt_rie,inverse_variance,0.007744,0.008150,0.000060,0.000066,14.715388,0.115576,4033.942272,3.808564,0.663781,0.063492,0.002629,0.000001
2022-11-18,rmt_rie,minimum_variance,0.006193,0.007042,0.000038,0.000050,5.177214,0.201504,4033.942272,3.808564,0.663781,0.063492,0.002629,0.000001
2022-11-18,rmt_rie,risk_parity,0.008199,0.008724,0.000067,0.000076,16.000000,0.088207,4033.942272,3.808564,0.663781,0.063492,0.002629,0.000001
2022-11-18,rmt_rie,hrp,0.006677,0.007516,0.000045,0.000056,10.224984,0.171738,4033.942272,3.808564,0.663781,0.063492,0.002629,0.000001
2022-11-18,rmt_rie,max_diversification,0.007330,0.008588,0.000054,0.000074,6.267519,0.159078,4033.942272,3.808564,0.663781,0.063492,0.002629,0.000001
2022-11-18,factor_model,equal_weight,0.011613,0.010531,0.000135,0.000111,13.243538,0.062500,4033.942272,3.808564,0.663781,0.063492,0.002629,0.000001
2022-11-18,factor_model,inverse_variance,0.008361,0.008161,0.000070,0.000067,14.558215,0.113928,4033.942272,3.808564,0.663781,0.063492,0.002629,0.000001
2022-11-18,factor_model,minimum_variance,0.006593,0.007799,0.000043,0.000061,5.591196,0.190641,4033.942272,3.808564,0.663781,0.063492,0.002629,0.000001
2022-11-18,factor_model,risk_parity,0.008630,0.008666,0.000074,0.000075,16.000000,0.092819,4033.942272,3.808564,0.663781,0.063492,0.002629,0.000001
2022-11-18,factor_model,hrp,0.007485,0.007614,0.000056,0.000058,12.353868,0.145348,4033.942272,3.808564,0.663781,0.063492,0.002629,0.000001
2022-11-18,factor_model,max_diversification,0.007157,0.008858,0.000051,0.000078,5.408963,0.195346,4033.942272,3.808564,0.663781,0.063492,0.002629,0.000001
2022-12-20,sample,equal_weight,0.011652,0.009307,0.000136,0.000087,13.367739,0.062500,3275.292348,3.750875,0.669189,0.063492,0.002651,0.000001
2022-12-20,sample,inverse_variance,0.008527,0.007108,0.000073,0.000051,14.681570,0.111681,3275.292348,3.750875,0.669189,0.063492,0.002651,0.000001
2022-12-20,sample,minimum_variance,0.006751,0.005659,0.000046,0.000032,4.792508,0.213190,3275.292348,3.750875,0.669189,0.063492,0.002651,0.000001
2022-12-20,sample,risk_parity,0.009056,0.007476,0.000082,0.000056,16.000000,0.085510,3275.292348,3.750875,0.669189,0.063492,0.002651,0.000001
2022-12-20,sample,hrp,0.007492,0.006334,0.000056,0.000040,11.109766,0.157740,3275.292348,3.750875,0.669189,0.063492,0.002651,0.000001
2022-12-20,sample,max_diversification,0.008208,0.006654,0.000067,0.000044,6.035197,0.162481,3275.292348,3.750875,0.669189,0.063492,0.002651,0.000001
2022-12-20,ledoit_wolf,equal_weight,0.011537,0.009307,0.000133,0.000087,13.376787,0.062500,3275.292348,3.750875,0.669189,0.063492,0.002651,0.000001
2022-12-20,ledoit_wolf,inverse_variance,0.008590,0.007205,0.000074,0.000052,14.805344,0.105712,3275.292348,3.750875,0.669189,0.063492,0.002651,0.000001
2022-12-20,ledoit_wolf,minimum_variance,0.006747,0.005648,0.000046,0.000032,4.842496,0.211512,3275.292348,3.750875,0.669189,0.063492,0.002651,0.000001
2022-12-20,ledoit_wolf,risk_parity,0.009002,0.007494,0.000081,0.000056,16.000000,0.084880,3275.292348,3.750875,0.669189,0.063492,0.002651,0.000001
2022-12-20,ledoit_wolf,hrp,0.007566,0.006415,0.000057,0.000041,11.606098,0.148328,3275.292348,3.750875,0.669189,0.063492,0.002651,0.000001
2022-12-20,ledoit_wolf,max_diversification,0.008102,0.006611,0.000066,0.000044,6.121230,0.159436,3275.292348,3.750875,0.669189,0.063492,0.002651,0.000001
2022-12-20,constant_corr,equal_weight,0.011628,0.009307,0.000135,0.000087,13.367739,0.062500,3275.292348,3.750875,0.669189,0.063492,0.002651,0.000001
2022-12-20,constant_corr,inverse_variance,0.008510,0.007108,0.000072,0.000051,14.681570,0.111681,3275.292348,3.750875,0.669189,0.063492,0.002651,0.000001
2022-12-20,constant_corr,minimum_variance,0.006738,0.005659,0.000045,0.000032,4.792574,0.213188,3275.292348,3.750875,0.669189,0.063492,0.002651,0.000001
2022-12-20,constant_corr,risk_parity,0.009038,0.007476,0.000082,0.000056,16.000000,0.085510,3275.292348,3.750875,0.669189,0.063492,0.002651,0.000001
2022-12-20,constant_corr,hrp,0.007477,0.006334,0.000056,0.000040,11.109766,0.157740,3275.292348,3.750875,0.669189,0.063492,0.002651,0.000001
2022-12-20,constant_corr,max_diversification,0.008192,0.006654,0.000067,0.000044,6.035196,0.162481,3275.292348,3.750875,0.669189,0.063492,0.002651,0.000001
2022-12-20,rmt_hard,equal_weight,0.011652,0.009307,0.000136,0.000087,13.367072,0.062500,3275.292348,3.750875,0.669189,0.063492,0.002651,0.000001
2022-12-20,rmt_hard,inverse_variance,0.008536,0.007119,0.000073,0.000051,14.697671,0.110994,3275.292348,3.750875,0.669189,0.063492,0.002651,0.000001
2022-12-20,rmt_hard,minimum_variance,0.006749,0.005661,0.000046,0.000032,4.793578,0.213320,3275.292348,3.750875,0.669189,0.063492,0.002651,0.000001
2022-12-20,rmt_hard,risk_parity,0.009055,0.007476,0.000082,0.000056,16.000000,0.085532,3275.292348,3.750875,0.669189,0.063492,0.002651,0.000001
2022-12-20,rmt_hard,hrp,0.007408,0.006294,0.000055,0.000040,10.714125,0.164420,3275.292348,3.750875,0.669189,0.063492,0.002651,0.000001
2022-12-20,rmt_hard,max_diversification,0.008174,0.006640,0.000067,0.000044,5.967761,0.162976,3275.292348,3.750875,0.669189,0.063492,0.002651,0.000001
2022-12-20,rmt_soft,equal_weight,0.011652,0.009307,0.000136,0.000087,13.367064,0.062500,3275.292348,3.750875,0.669189,0.063492,0.002651,0.000001
2022-12-20,rmt_soft,inverse_variance,0.008514,0.007100,0.000072,0.000050,14.679061,0.111823,3275.292348,3.750875,0.669189,0.063492,0.002651,0.000001
2022-12-20,rmt_soft,minimum_variance,0.006751,0.005660,0.000046,0.000032,4.791994,0.213233,3275.292348,3.750875,0.669189,0.063492,0.002651,0.000001
2022-12-20,rmt_soft,risk_parity,0.009056,0.007476,0.000082,0.000056,16.000000,0.085525,3275.292348,3.750875,0.669189,0.063492,0.002651,0.000001
2022-12-20,rmt_soft,hrp,0.007452,0.006320,0.000056,0.000040,11.339053,0.152654,3275.292348,3.750875,0.669189,0.063492,0.002651,0.000001
2022-12-20,rmt_soft,max_diversification,0.008196,0.006650,0.000067,0.000044,6.000287,0.162789,3275.292348,3.750875,0.669189,0.063492,0.002651,0.000001
2022-12-20,rmt_rie,equal_weight,0.010949,0.009307,0.000120,0.000087,13.354228,0.062500,3275.292348,3.750875,0.669189,0.063492,0.002651,0.000001
2022-12-20,rmt_rie,inverse_variance,0.007986,0.007089,0.000064,0.000050,14.675499,0.112981,3275.292348,3.750875,0.669189,0.063492,0.002651,0.000001
2022-12-20,rmt_rie,minimum_variance,0.006373,0.005647,0.000041,0.000032,4.912601,0.209296,3275.292348,3.750875,0.669189,0.063492,0.002651,0.000001
2022-12-20,rmt_rie,risk_parity,0.008508,0.007477,0.000072,0.000056,16.000000,0.085473,3275.292348,3.750875,0.669189,0.063492,0.002651,0.000001
2022-12-20,rmt_rie,hrp,0.006998,0.006319,0.000049,0.000040,10.921772,0.161848,3275.292348,3.750875,0.669189,0.063492,0.002651,0.000001
2022-12-20,rmt_rie,max_diversification,0.007754,0.006661,0.000060,0.000044,6.254656,0.160652,3275.292348,3.750875,0.669189,0.063492,0.002651,0.000001
2022-12-20,factor_model,equal_weight,0.011743,0.009307,0.000138,0.000087,13.413277,0.062500,3275.292348,3.750875,0.669189,0.063492,0.002651,0.000001
2022-12-20,factor_model,inverse_variance,0.008625,0.007108,0.000074,0.000051,14.575763,0.111681,3275.292348,3.750875,0.669189,0.063492,0.002651,0.000001
2022-12-20,factor_model,minimum_variance,0.006872,0.005775,0.000047,0.000033,5.513398,0.192921,3275.292348,3.750875,0.669189,0.063492,0.002651,0.000001
2022-12-20,factor_model,risk_parity,0.009038,0.007415,0.000082,0.000055,16.000000,0.088347,3275.292348,3.750875,0.669189,0.063492,0.002651,0.000001
2022-12-20,factor_model,hrp,0.007722,0.006426,0.000060,0.000041,11.943822,0.151538,3275.292348,3.750875,0.669189,0.063492,0.002651,0.000001
2022-12-20,factor_model,max_diversification,0.007621,0.006860,0.000058,0.000047,5.371008,0.194789,3275.292348,3.750875,0.669189,0.063492,0.002651,0.000001
2023-01-23,sample,equal_weight,0.011793,0.008399,0.000139,0.000071,13.421289,0.062500,3700.446154,3.705098,0.672754,0.063492,0.002702,0.000001
2023-01-23,sample,inverse_variance,0.008744,0.006377,0.000076,0.000041,14.765479,0.108388,3700.446154,3.705098,0.672754,0.063492,0.002702,0.000001
2023-01-23,sample,minimum_variance,0.006825,0.005446,0.000047,0.000030,4.921207,0.209254,3700.446154,3.705098,0.672754,0.063492,0.002702,0.000001
2023-01-23,sample,risk_parity,0.009209,0.006745,0.000085,0.000045,16.000000,0.085024,3700.446154,3.705098,0.672754,0.063492,0.002702,0.000001
2023-01-23,sample,hrp,0.007652,0.005821,0.000059,0.000034,11.292485,0.155099,3700.446154,3.705098,0.672754,0.063492,0.002702,0.000001
2023-01-23,sample,max_diversification,0.008276,0.006032,0.000068,0.000036,5.928842,0.165012,3700.446154,3.705098,0.672754,0.063492,0.002702,0.000001
2023-01-23,ledoit_wolf,equal_weight,0.011680,0.008399,0.000136,0.000071,13.429768,0.062500,3700.446154,3.705098,0.672754,0.063492,0.002702,0.000001
2023-01-23,ledoit_wolf,inverse_variance,0.008797,0.006444,0.000077,0.000042,14.859923,0.103221,3700.446154,3.705098,0.672754,0.063492,0.002702,0.000001
2023-01-23,ledoit_wolf,minimum_variance,0.006819,0.005442,0.000046,0.000030,4.974855,0.207673,3700.446154,3.705098,0.672754,0.063492,0.002702,0.000001
2023-01-23,ledoit_wolf,risk_parity,0.009154,0.006759,0.000084,0.000046,16.000000,0.084447,3700.446154,3.705098,0.672754,0.063492,0.002702,0.000001
2023-01-23,ledoit_wolf,hrp,0.007691,0.005866,0.000059,0.000034,11.572473,0.148507,3700.446154,3.705098,0.672754,0.063492,0.002702,0.000001
2023-01-23,ledoit_wolf,max_diversification,0.008180,0.006009,0.000067,0.000036,6.001833,0.161935,3700.446154,3.705098,0.672754,0.063492,0.002702,0.000001
2023-01-23,constant_corr,equal_weight,0.011770,0.008399,0.000139,0.000071,13.421289,0.062500,3700.446154,3.705098,0.672754,0.063492,0.002702,0.000001
2023-01-23,constant_corr,inverse_variance,0.008727,0.006377,0.000076,0.000041,14.765479,0.108388,3700.446154,3.705098,0.672754,0.063492,0.002702,0.000001
2023-01-23,constant_corr,minimum_variance,0.006811,0.005446,0.000046,0.000030,4.921211,0.209254,3700.446154,3.705098,0.672754,0.063492,0.002702,0.000001
2023-01-23,constant_corr,risk_parity,0.009191,0.006745,0.000084,0.000045,16.000000,0.085024,3700.446154,3.705098,0.672754,0.063492,0.002702,0.000001
2023-01-23,constant_corr,hrp,0.007636,0.005821,0.000058,0.000034,11.292485,0.155099,3700.446154,3.705098,0.672754,0.063492,0.002702,0.000001
2023-01-23,constant_corr,max_diversification,0.008260,0.006032,0.000068,0.000036,5.928844,0.165012,3700.446154,3.705098,0.672754,0.063492,0.002702,0.000001
2023-01-23,rmt_hard,equal_weight,0.011794,0.008399,0.000139,0.000071,13.420826,0.062500,3700.446154,3.705098,0.672754,0.063492,0.002702,0.000001
2023-01-23,rmt_hard,inverse_variance,0.008755,0.006381,0.000077,0.000041,14.781593,0.107710,3700.446154,3.705098,0.672754,0.063492,0.002702,0.000001
2023-01-23,rmt_hard,minimum_variance,0.006823,0.005444,0.000047,0.000030,4.904421,0.209743,3700.446154,3.705098,0.672754,0.063492,0.002702,0.000001
2023-01-23,rmt_hard,risk_parity,0.009209,0.006745,0.000085,0.000045,16.000000,0.085045,3700.446154,3.705098,0.672754,0.063492,0.002702,0.000001
2023-01-23,rmt_hard,hrp,0.007577,0.005762,0.000057,0.000033,10.958129,0.160837,3700.446154,3.705098,0.672754,0.063492,0.002702,0.000001
2023-01-23,rmt_hard,max_diversification,0.008246,0.005985,0.000068,0.000036,5.788884,0.167353,3700.446154,3.705098,0.672754,0.063492,0.002702,0.000001
2023-01-23,rmt_soft,equal_weight,0.011794,0.008399,0.000139,0.000071,13.420743,0.062500,3700.446154,3.705098,0.672754,0.063492,0.002702,0.000001
2023-01-23,rmt_soft,inverse_variance,0.008732,0.006368,0.000076,0.000041,14.767586,0.108495,3700.446154,3.705098,0.672754,0.063492,0.002702,0.000001
2023-01-23,rmt_soft,minimum_variance,0.006825,0.005446,0.000047,0.000030,4.919066,0.209317,3700.446154,3.705098,0.672754,0.063492,0.002702,0.000001
2023-01-23,rmt_soft,risk_parity,0.009209,0.006745,0.000085,0.000045,16.000000,0.085039,3700.446154,3.705098,0.672754,0.063492,0.002702,0.000001
2023-01-23,rmt_soft,hrp,0.007581,0.005690,0.000057,0.000032,11.252491,0.151778,3700.446154,3.705098,0.672754,0.063492,0.002702,0.000001
2023-01-23,rmt_soft,max_diversification,0.008267,0.006015,0.000068,0.000036,5.879089,0.165681,3700.446154,3.705098,0.672754,0.063492,0.002702,0.000001
2023-01-23,rmt_rie,equal_weight,0.011083,0.008399,0.000123,0.000071,13.406680,0.062500,3700.446154,3.705098,0.672754,0.063492,0.002702,0.000001
2023-01-23,rmt_rie,inverse_variance,0.008176,0.006364,0.000067,0.000040,14.755460,0.110403,3700.446154,3.705098,0.672754,0.063492,0.002702,0.000001
2023-01-23,rmt_rie,minimum_variance,0.006444,0.005443,0.000042,0.000030,5.047600,0.205599,3700.446154,3.705098,0.672754,0.063492,0.002702,0.000001
2023-01-23,rmt_rie,risk_parity,0.008651,0.006743,0.000075,0.000045,16.000000,0.085009,3700.446154,3.705098,0.672754,0.063492,0.002702,0.000001
2023-01-23,rmt_rie,hrp,0.007118,0.005761,0.000051,0.000033,10.896432,0.161549,3700.446154,3.705098,0.672754,0.063492,0.002702,0.000001
2023-01-23,rmt_rie,max_diversification,0.007779,0.006015,0.000061,0.000036,6.091484,0.165743,3700.446154,3.705098,0.672754,0.063492,0.002702,0.000001
2023-01-23,factor_model,equal_weight,0.011885,0.008399,0.000141,0.000071,13.467774,0.062500,3700.446154,3.705098,0.672754,0.063492,0.002702,0.000001
2023-01-23,factor_model,inverse_variance,0.008848,0.006377,0.000078,0.000041,14.664397,0.108388,3700.446154,3.705098,0.672754,0.063492,0.002702,0.000001
2023-01-23,factor_model,minimum_variance,0.006988,0.005427,0.000049,0.000029,5.485636,0.193620,3700.446154,3.705098,0.672754,0.063492,0.002702,0.000001
2023-01-23,factor_model,risk_parity,0.009213,0.006736,0.000085,0.000045,16.000000,0.087447,3700.446154,3.705098,0.672754,0.063492,0.002702,0.000001
2023-01-23,factor_model,hrp,0.007999,0.005891,0.000064,0.000035,12.568069,0.138728,3700.446154,3.705098,0.672754,0.063492,0.002702,0.000001
2023-01-23,factor_model,max_diversification,0.007801,0.006550,0.000061,0.000043,5.188148,0.196159,3700.446154,3.705098,0.672754,0.063492,0.002702,0.000001
2023-02-22,sample,equal_weight,0.011742,0.008365,0.000138,0.000070,13.525813,0.062500,3808.928610,3.695061,0.672121,0.063492,0.002653,0.000001
2023-02-22,sample,inverse_variance,0.008808,0.005173,0.000078,0.000027,14.774226,0.106946,3808.928610,3.695061,0.672121,0.063492,0.002653,0.000001
2023-02-22,sample,minimum_variance,0.006872,0.005822,0.000047,0.000034,4.846251,0.211228,3808.928610,3.695061,0.672121,0.063492,0.002653,0.000001
2023-02-22,sample,risk_parity,0.009273,0.005539,0.000086,0.000031,16.000000,0.083990,3808.928610,3.695061,0.672121,0.063492,0.002653,0.000001
2023-02-22,sample,hrp,0.007713,0.004873,0.000059,0.000024,11.710974,0.147276,3808.928610,3.695061,0.672121,0.063492,0.002653,0.000001
2023-02-22,sample,max_diversification,0.008231,0.004927,0.000068,0.000024,5.181579,0.179795,3808.928610,3.695061,0.672121,0.063492,0.002653,0.000001
2023-02-22,ledoit_wolf,equal_weight,0.011627,0.008365,0.000135,0.000070,13.534180,0.062500,3808.928610,3.695061,0.672121,0.063492,0.002653,0.000001
2023-02-22,ledoit_wolf,inverse_variance,0.008857,0.005275,0.000078,0.000028,14.871313,0.101866,3808.928610,3.695061,0.672121,0.063492,0.002653,0.000001
2023-02-22,ledoit_wolf,minimum_variance,0.006864,0.005822,0.000047,0.000034,4.918327,0.209034,3808.928610,3.695061,0.672121,0.063492,0.002653,0.000001
2023-02-22,ledoit_wolf,risk_parity,0.009215,0.005560,0.000085,0.000031,16.000000,0.083438,3808.928610,3.695061,0.672121,0.063492,0.002653,0.000001
2023-02-22,ledoit_wolf,hrp,0.007783,0.004878,0.000061,0.000024,12.044461,0.140388,3808.928610,3.695061,0.672121,0.063492,0.002653,0.000001
2023-02-22,ledoit_wolf,max_diversification,0.008140,0.004942,0.000066,0.000024,5.303037,0.175493,3808.928610,3.695061,0.672121,0.063492,0.002653,0.000001
2023-02-22,constant_corr,equal_weight,0.011719,0.008365,0.000137,0.000070,13.525813,0.062500,3808.928610,3.695061,0.672121,0.063492,0.002653,0.000001
2023-02-22,constant_corr,inverse_variance,0.008791,0.005173,0.000077,0.000027,14.774226,0.106946,3808.928610,3.695061,0.672121,0.063492,0.002653,0.000001
2023-02-22,constant_corr,minimum_variance,0.006858,0.005822,0.000047,0.000034,4.846288,0.211227,3808.928610,3.695061,0.672121,0.063492,0.002653,0.000001
2023-02-22,constant_corr,risk_parity,0.009255,0.005539,0.000086,0.000031,16.000000,0.083990,3808.928610,3.695061,0.672121,0.063492,0.002653,0.000001
2023-02-22,constant_corr,hrp,0.007698,0.004873,0.000059,0.000024,11.710974,0.147276,3808.928610,3.695061,0.672121,0.063492,0.002653,0.000001
2023-02-22,constant_corr,max_diversification,0.008215,0.004927,0.000067,0.000024,5.181579,0.179795,3808.928610,3.695061,0.672121,0.063492,0.002653,0.000001
2023-02-22,rmt_hard,equal_weight,0.011742,0.008365,0.000138,0.000070,13.525307,0.062500,3808.928610,3.695061,0.672121,0.063492,0.002653,0.000001
2023-02-22,rmt_hard,inverse_variance,0.008814,0.005189,0.000078,0.000027,14.792233,0.106498,3808.928610,3.695061,0.672121,0.063492,0.002653,0.000001
2023-02-22,rmt_hard,minimum_variance,0.006869,0.005817,0.000047,0.000034,4.810941,0.212348,3808.928610,3.695061,0.672121,0.063492,0.002653,0.000001
2023-02-22,rmt_hard,risk_parity,0.009273,0.005538,0.000086,0.000031,16.000000,0.084003,3808.928610,3.695061,0.672121,0.063492,0.002653,0.000001
2023-02-22,rmt_hard,hrp,0.007663,0.004939,0.000059,0.000024,11.161129,0.157509,3808.928610,3.695061,0.672121,0.063492,0.002653,0.000001
2023-02-22,rmt_hard,max_diversification,0.008205,0.004910,0.000067,0.000024,5.168847,0.179525,3808.928610,3.695061,0.672121,0.063492,0.002653,0.000001
2023-02-22,rmt_soft,equal_weight,0.011742,0.008365,0.000138,0.000070,13.525242,0.062500,3808.928610,3.695061,0.672121,0.063492,0.002653,0.000001
2023-02-22,rmt_soft,inverse_variance,0.008794,0.005165,0.000077,0.000027,14.777248,0.107196,3808.928610,3.695061,0.672121,0.063492,0.002653,0.000001
2023-02-22,rmt_soft,minimum_variance,0.006872,0.005822,0.000047,0.000034,4.839529,0.211438,3808.928610,3.695061,0.672121,0.063492,0.002653,0.000001
2023-02-22,rmt_soft,risk_parity,0.009273,0.005539,0.000086,0.000031,16.000000,0.083999,3808.928610,3.695061,0.672121,0.063492,0.002653,0.000001
2023-02-22,rmt_soft,hrp,0.007659,0.004912,0.000059,0.000024,11.396229,0.149398,3808.928610,3.695061,0.672121,0.063492,0.002653,0.000001
2023-02-22,rmt_soft,max_diversification,0.008222,0.004920,0.000068,0.000024,5.179011,0.179585,3808.928610,3.695061,0.672121,0.063492,0.002653,0.000001
2023-02-22,rmt_rie,equal_weight,0.011036,0.008365,0.000122,0.000070,13.510303,0.062500,3808.928610,3.695061,0.672121,0.063492,0.002653,0.000001
2023-02-22,rmt_rie,inverse_variance,0.008248,0.005135,0.000068,0.000026,14.767299,0.108670,3808.928610,3.695061,0.672121,0.063492,0.002653,0.000001
2023-02-22,rmt_rie,minimum_variance,0.006488,0.005842,0.000042,0.000034,5.031128,0.205777,3808.928610,3.695061,0.672121,0.063492,0.002653,0.000001
2023-02-22,rmt_rie,risk_parity,0.008711,0.005539,0.000076,0.000031,16.000000,0.083991,3808.928610,3.695061,0.672121,0.063492,0.002653,0.000001
2023-02-22,rmt_rie,hrp,0.007232,0.004870,0.000052,0.000024,11.546468,0.149273,3808.928610,3.695061,0.672121,0.063492,0.002653,0.000001
2023-02-22,rmt_rie,max_diversification,0.007735,0.004963,0.000060,0.000025,5.477085,0.174691,3808.928610,3.695061,0.672121,0.063492,0.002653,0.000001
2023-02-22,factor_model,equal_weight,0.011832,0.008365,0.000140,0.000070,13.572657,0.062500,3808.928610,3.695061,0.672121,0.063492,0.002653,0.000001
2023-02-22,factor_model,inverse_variance,0.008913,0.005173,0.000079,0.000027,14.680231,0.106946,3808.928610,3.695061,0.672121,0.063492,0.002653,0.000001
2023-02-22,factor_model,minimum_variance,0.007020,0.005997,0.000049,0.000036,5.572796,0.191230,3808.928610,3.695061,0.672121,0.063492,0.002653,0.000001
2023-02-22,factor_model,risk_parity,0.009285,0.005470,0.000086,0.000030,16.000000,0.086164,3808.928610,3.695061,0.672121,0.063492,0.002653,0.000001
2023-02-22,factor_model,hrp,0.008076,0.004835,0.000065,0.000023,12.691245,0.136106,3808.928610,3.695061,0.672121,0.063492,0.002653,0.000001
2023-02-22,factor_model,max_diversification,0.007741,0.005525,0.000060,0.000031,4.491668,0.207756,3808.928610,3.695061,0.672121,0.063492,0.002653,0.000001
2023-03-23,sample,equal_weight,0.011621,0.004704,0.000135,0.000022,13.557521,0.062500,3502.703663,3.704043,0.674488,0.063492,0.002591,0.000001
2023-03-23,sample,inverse_variance,0.008810,0.003601,0.000078,0.000013,14.869079,0.102169,3502.703663,3.704043,0.674488,0.063492,0.002591,0.000001
2023-03-23,sample,minimum_variance,0.006885,0.004269,0.000047,0.000018,4.818423,0.211205,3502.703663,3.704043,0.674488,0.063492,0.002591,0.000001
2023-03-23,sample,risk_parity,0.009193,0.003820,0.000085,0.000015,16.000000,0.084056,3502.703663,3.704043,0.674488,0.063492,0.002591,0.000001
2023-03-23,sample,hrp,0.007967,0.003597,0.000063,0.000013,12.142181,0.127739,3502.703663,3.704043,0.674488,0.063492,0.002591,0.000001
2023-03-23,sample,max_diversification,0.008070,0.004793,0.000065,0.000023,5.022735,0.178820,3502.703663,3.704043,0.674488,0.063492,0.002591,0.000001
2023-03-23,ledoit_wolf,equal_weight,0.011505,0.004704,0.000132,0.000022,13.565922,0.062500,3502.703663,3.704043,0.674488,0.063492,0.002591,0.000001
2023-03-23,ledoit_wolf,inverse_variance,0.008845,0.003629,0.000078,0.000013,14.941823,0.097944,3502.703663,3.704043,0.674488,0.063492,0.002591,0.000001
2023-03-23,ledoit_wolf,minimum_variance,0.006876,0.004280,0.000047,0.000018,4.857698,0.209644,3502.703663,3.704043,0.674488,0.063492,0.002591,0.000001
2023-03-23,ledoit_wolf,risk_parity,0.009134,0.003826,0.000083,0.000015,16.000000,0.083485,3502.703663,3.704043,0.674488,0.063492,0.002591,0.000001
2023-03-23,ledoit_wolf,hrp,0.007786,0.003773,0.000061,0.000014,11.818775,0.140496,3502.703663,3.704043,0.674488,0.063492,0.002591,0.000001
2023-03-23,ledoit_wolf,max_diversification,0.008006,0.004787,0.000064,0.000023,5.088015,0.177894,3502.703663,3.704043,0.674488,0.063492,0.002591,0.000001
2023-03-23,constant_corr,equal_weight,0.011598,0.004704,0.000135,0.000022,13.557521,0.062500,3502.703663,3.704043,0.674488,0.063492,0.002591,0.000001
2023-03-23,constant_corr,inverse_variance,0.008792,0.003601,0.000077,0.000013,14.869079,0.102169,3502.703663,3.704043,0.674488,0.063492,0.002591,0.000001
2023-03-23,constant_corr,minimum_variance,0.006872,0.004269,0.000047,0.000018,4.818473,0.211204,3502.703663,3.704043,0.674488,0.063492,0.002591,0.000001
2023-03-23,constant_corr,risk_parity,0.009175,0.003820,0.000084,0.000015,16.000000,0.084056,3502.703663,3.704043,0.674488,0.063492,0.002591,0.000001
2023-03-23,constant_corr,hrp,0.007951,0.003597,0.000063,0.000013,12.142181,0.127739,3502.703663,3.704043,0.674488,0.063492,0.002591,0.000001
2023-03-23,constant_corr,max_diversification,0.008054,0.004793,0.000065,0.000023,5.022735,0.178820,3502.703663,3.704043,0.674488,0.063492,0.002591,0.000001
2023-03-23,rmt_hard,equal_weight,0.011621,0.004704,0.000135,0.000022,13.557025,0.062500,3502.703663,3.704043,0.674488,0.063492,0.002591,0.000001
2023-03-23,rmt_hard,inverse_variance,0.008814,0.003609,0.000078,0.000013,14.889662,0.101835,3502.703663,3.704043,0.674488,0.063492,0.002591,0.000001
2023-03-23,rmt_hard,minimum_variance,0.006882,0.004270,0.000047,0.000018,4.823059,0.211270,3502.703663,3.704043,0.674488,0.063492,0.002591,0.000001
2023-03-23,rmt_hard,risk_parity,0.009193,0.003820,0.000085,0.000015,16.000000,0.084066,3502.703663,3.704043,0.674488,0.063492,0.002591,0.000001
2023-03-23,rmt_hard,hrp,0.007758,0.003783,0.000060,0.000014,11.536038,0.146312,3502.703663,3.704043,0.674488,0.063492,0.002591,0.000001
2023-03-23,rmt_hard,max_diversification,0.008043,0.004787,0.000065,0.000023,4.993876,0.179910,3502.703663,3.704043,0.674488,0.063492,0.002591,0.000001
2023-03-23,rmt_soft,equal_weight,0.011621,0.004704,0.000135,0.000022,13.556998,0.062500,3502.703663,3.704043,0.674488,0.063492,0.002591,0.000001
2023-03-23,rmt_soft,inverse_variance,0.008794,0.003600,0.000077,0.000013,14.874825,0.102451,3502.703663,3.704043,0.674488,0.063492,0.002591,0.000001
2023-03-23,rmt_soft,minimum_variance,0.006885,0.004270,0.000047,0.000018,4.818785,0.211249,3502.703663,3.704043,0.674488,0.063492,0.002591,0.000001
2023-03-23,rmt_soft,risk_parity,0.009193,0.003820,0.000085,0.000015,16.000000,0.084064,3502.703663,3.704043,0.674488,0.063492,0.002591,0.000001
2023-03-23,rmt_soft,hrp,0.008120,0.003742,0.000066,0.000014,12.775428,0.125440,3502.703663,3.704043,0.674488,0.063492,0.002591,0.000001
2023-03-23,rmt_soft,max_diversification,0.008058,0.004790,0.000065,0.000023,5.002789,0.179686,3502.703663,3.704043,0.674488,0.063492,0.002591,0.000001
2023-03-23,rmt_rie,equal_weight,0.010922,0.004704,0.000119,0.000022,13.544799,0.062500,3502.703663,3.704043,0.674488,0.063492,0.002591,0.000001
2023-03-23,rmt_rie,inverse_variance,0.008251,0.003588,0.000068,0.000013,14.888213,0.103673,3502.703663,3.704043,0.674488,0.063492,0.002591,0.000001
2023-03-23,rmt_rie,minimum_variance,0.006492,0.004311,0.000042,0.000019,4.947530,0.206890,3502.703663,3.704043,0.674488,0.063492,0.002591,0.000001
2023-03-23,rmt_rie,risk_parity,0.008639,0.003819,0.000075,0.000015,16.000000,0.084003,3502.703663,3.704043,0.674488,0.063492,0.002591,0.000001
2023-03-23,rmt_rie,hrp,0.007295,0.003776,0.000053,0.000014,11.513524,0.146774,3502.703663,3.704043,0.674488,0.063492,0.002591,0.000001
2023-03-23,rmt_rie,max_diversification,0.007660,0.004736,0.000059,0.000022,5.448955,0.168100,3502.703663,3.704043,0.674488,0.063492,0.002591,0.000001
2023-03-23,factor_model,equal_weight,0.011710,0.004704,0.000137,0.000022,13.597768,0.062500,3502.703663,3.704043,0.674488,0.063492,0.002591,0.000001
2023-03-23,factor_model,inverse_variance,0.008906,0.003601,0.000079,0.000013,14.788570,0.102169,3502.703663,3.704043,0.674488,0.063492,0.002591,0.000001
2023-03-23,factor_model,minimum_variance,0.006957,0.004549,0.000048,0.000021,5.432578,0.192775,3502.703663,3.704043,0.674488,0.063492,0.002591,0.000001
2023-03-23,factor_model,risk_parity,0.009186,0.003806,0.000084,0.000014,16.000000,0.086525,3502.703663,3.704043,0.674488,0.063492,0.002591,0.000001
2023-03-23,factor_model,hrp,0.007957,0.003597,0.000063,0.000013,12.227259,0.136843,3502.703663,3.704043,0.674488,0.063492,0.002591,0.000001
2023-03-23,factor_model,max_diversification,0.007621,0.005244,0.000058,0.000028,4.344657,0.209494,3502.703663,3.704043,0.674488,0.063492,0.002591,0.000001
2023-04-24,sample,equal_weight,0.011550,0.007050,0.000133,0.000050,13.598542,0.062500,3556.258687,3.678861,0.676617,0.063492,0.002550,0.000001
2023-04-24,sample,inverse_variance,0.008787,0.004656,0.000077,0.000022,14.865779,0.102201,3556.258687,3.678861,0.676617,0.063492,0.002550,0.000001
2023-04-24,sample,minimum_variance,0.006882,0.004565,0.000047,0.000021,4.814543,0.210835,3556.258687,3.678861,0.676617,0.063492,0.002550,0.000001
2023-04-24,sample,risk_parity,0.009161,0.005055,0.000084,0.000026,16.000000,0.083971,3556.258687,3.678861,0.676617,0.063492,0.002550,0.000001
2023-04-24,sample,hrp,0.008014,0.004279,0.000064,0.000018,12.538916,0.125961,3556.258687,3.678861,0.676617,0.063492,0.002550,0.000001
2023-04-24,sample,max_diversification,0.008031,0.005382,0.000065,0.000029,5.039296,0.176842,3556.258687,3.678861,0.676617,0.063492,0.002550,0.000001
2023-04-24,ledoit_wolf,equal_weight,0.011432,0.007050,0.000131,0.000050,13.607018,0.062500,3556.258687,3.678861,0.676617,0.063492,0.002550,0.000001
2023-04-24,ledoit_wolf,inverse_variance,0.008823,0.004730,0.000078,0.000022,14.941938,0.097820,3556.258687,3.678861,0.676617,0.063492,0.002550,0.000001
2023-04-24,ledoit_wolf,minimum_variance,0.006871,0.004565,0.000047,0.000021,4.849490,0.209341,3556.258687,3.678861,0.676617,0.063492,0.002550,0.000001
2023-04-24,ledoit_wolf,risk_parity,0.009100,0.005070,0.000083,0.000026,16.000000,0.083386,3556.258687,3.678861,0.676617,0.063492,0.002550,0.000001
2023-04-24,ledoit_wolf,hrp,0.007980,0.004218,0.000064,0.000018,12.359421,0.123467,3556.258687,3.678861,0.676617,0.063492,0.002550,0.000001
2023-04-24,ledoit_wolf,max_diversification,0.007967,0.005380,0.000063,0.000029,5.117519,0.176184,3556.258687,3.678861,0.676617,0.063492,0.002550,0.000001
2023-04-24,constant_corr,equal_weight,0.011527,0.007050,0.000133,0.000050,13.598542,0.062500,3556.258687,3.678861,0.676617,0.063492,0.002550,0.000001
2023-04-24,constant_corr,inverse_variance,0.008770,0.004656,0.000077,0.000022,14.865779,0.102201,3556.258687,3.678861,0.676617,0.063492,0.002550,0.000001
2023-04-24,constant_corr,minimum_variance,0.006868,0.004565,0.000047,0.000021,4.814582,0.210834,3556.258687,3.678861,0.676617,0.063492,0.002550,0.000001
2023-04-24,constant_corr,risk_parity,0.009143,0.005055,0.000084,0.000026,16.000000,0.083971,3556.258687,3.678861,0.676617,0.063492,0.002550,0.000001
2023-04-24,constant_corr,hrp,0.007998,0.004279,0.000064,0.000018,12.538916,0.125961,3556.258687,3.678861,0.676617,0.063492,0.002550,0.000001
2023-04-24,constant_corr,max_diversification,0.008016,0.005382,0.000064,0.000029,5.039296,0.176842,3556.258687,3.678861,0.676617,0.063492,0.002550,0.000001
2023-04-24,rmt_hard,equal_weight,0.011551,0.007050,0.000133,0.000050,13.598178,0.062500,3556.258687,3.678861,0.676617,0.063492,0.002550,0.000001
2023-04-24,rmt_hard,inverse_variance,0.008793,0.004662,0.000077,0.000022,14.886509,0.101839,3556.258687,3.678861,0.676617,0.063492,0.002550,0.000001
2023-04-24,rmt_hard,minimum_variance,0.006878,0.004565,0.000047,0.000021,4.817412,0.210876,3556.258687,3.678861,0.676617,0.063492,0.002550,0.000001
2023-04-24,rmt_hard,risk_parity,0.009161,0.005055,0.000084,0.000026,16.000000,0.083982,3556.258687,3.678861,0.676617,0.063492,0.002550,0.000001
2023-04-24,rmt_hard,hrp,0.007905,0.004149,0.000062,0.000017,11.864331,0.132581,3556.258687,3.678861,0.676617,0.063492,0.002550,0.000001
2023-04-24,rmt_hard,max_diversification,0.007974,0.005383,0.000064,0.000029,4.895882,0.181904,3556.258687,3.678861,0.676617,0.063492,0.002550,0.000001
2023-04-24,rmt_soft,equal_weight,0.011551,0.007050,0.000133,0.000050,13.598119,0.062500,3556.258687,3.678861,0.676617,0.063492,0.002550,0.000001
2023-04-24,rmt_soft,inverse_variance,0.008772,0.004649,0.000077,0.000022,14.871791,0.102464,3556.258687,3.678861,0.676617,0.063492,0.002550,0.000001
2023-04-24,rmt_soft,minimum_variance,0.006881,0.004566,0.000047,0.000021,4.815078,0.210864,3556.258687,3.678861,0.676617,0.063492,0.002550,0.000001
2023-04-24,rmt_soft,risk_parity,0.009161,0.005055,0.000084,0.000026,16.000000,0.083980,3556.258687,3.678861,0.676617,0.063492,0.002550,0.000001
2023-04-24,rmt_soft,hrp,0.008000,0.004210,0.000064,0.000018,12.307681,0.126715,3556.258687,3.678861,0.676617,0.063492,0.002550,0.000001
2023-04-24,rmt_soft,max_diversification,0.008012,0.005384,0.000064,0.000029,4.985603,0.178373,3556.258687,3.678861,0.676617,0.063492,0.002550,0.000001
2023-04-24,rmt_rie,equal_weight,0.010855,0.007050,0.000118,0.000050,13.586824,0.062500,3556.258687,3.678861,0.676617,0.063492,0.002550,0.000001
2023-04-24,rmt_rie,inverse_variance,0.008227,0.004641,0.000068,0.000022,14.876327,0.103663,3556.258687,3.678861,0.676617,0.063492,0.002550,0.000001
2023-04-24,rmt_rie,minimum_variance,0.006492,0.004603,0.000042,0.000021,4.951282,0.206161,3556.258687,3.678861,0.676617,0.063492,0.002550,0.000001
2023-04-24,rmt_rie,risk_parity,0.008608,0.005052,0.000074,0.000026,16.000000,0.083940,3556.258687,3.678861,0.676617,0.063492,0.002550,0.000001
2023-04-24,rmt_rie,hrp,0.007445,0.004178,0.000055,0.000017,12.152139,0.129657,3556.258687,3.678861,0.676617,0.063492,0.002550,0.000001
2023-04-24,rmt_rie,max_diversification,0.007648,0.005303,0.000058,0.000028,5.439752,0.167295,3556.258687,3.678861,0.676617,0.063492,0.002550,0.000001
2023-04-24,factor_model,equal_weight,0.011638,0.007050,0.000135,0.000050,13.636957,0.062500,3556.258687,3.678861,0.676617,0.063492,0.002550,0.000001
2023-04-24,factor_model,inverse_variance,0.008878,0.004656,0.000079,0.000022,14.804961,0.102201,3556.258687,3.678861,0.676617,0.063492,0.002550,0.000001
2023-04-24,factor_model,minimum_variance,0.006941,0.004759,0.000048,0.000023,5.316356,0.194750,3556.258687,3.678861,0.676617,0.063492,0.002550,0.000001
2023-04-24,factor_model,risk_parity,0.009164,0.005028,0.000084,0.000025,16.000000,0.086198,3556.258687,3.678861,0.676617,0.063492,0.002550,0.000001
2023-04-24,factor_model,hrp,0.007909,0.004252,0.000063,0.000018,12.103038,0.142152,3556.258687,3.678861,0.676617,0.063492,0.002550,0.000001
2023-04-24,factor_model,max_diversification,0.007661,0.005562,0.000059,0.000031,4.292290,0.210056,3556.258687,3.678861,0.676617,0.063492,0.002550,0.000001
2023-05-23,sample,equal_weight,0.010763,0.006022,0.000116,0.000036,13.711106,0.062500,3089.458932,3.891593,0.655276,0.063492,0.002199,0.000001
2023-05-23,sample,inverse_variance,0.008475,0.004684,0.000072,0.000022,14.736261,0.095515,3089.458932,3.891593,0.655276,0.063492,0.002199,0.000001
2023-05-23,sample,minimum_variance,0.006588,0.004400,0.000043,0.000019,4.790268,0.212169,3089.458932,3.891593,0.655276,0.063492,0.002199,0.000001
2023-05-23,sample,risk_parity,0.008750,0.004784,0.000077,0.000023,16.000000,0.080683,3089.458932,3.891593,0.655276,0.063492,0.002199,0.000001
2023-05-23,sample,hrp,0.007802,0.004370,0.000061,0.000019,12.765827,0.115440,3089.458932,3.891593,0.655276,0.063492,0.002199,0.000001
2023-05-23,sample,max_diversification,0.008037,0.004699,0.000065,0.000022,5.045606,0.171007,3089.458932,3.891593,0.655276,0.063492,0.002199,0.000001
2023-05-23,ledoit_wolf,equal_weight,0.010643,0.006022,0.000113,0.000036,13.720405,0.062500,3089.458932,3.891593,0.655276,0.063492,0.002199,0.000001
2023-05-23,ledoit_wolf,inverse_variance,0.008487,0.004739,0.000072,0.000022,14.811484,0.092067,3089.458932,3.891593,0.655276,0.063492,0.002199,0.000001
2023-05-23,ledoit_wolf,minimum_variance,0.006577,0.004398,0.000043,0.000019,4.786548,0.211795,3089.458932,3.891593,0.655276,0.063492,0.002199,0.000001
2023-05-23,ledoit_wolf,risk_parity,0.008681,0.004795,0.000075,0.000023,16.000000,0.080200,3089.458932,3.891593,0.655276,0.063492,0.002199,0.000001
2023-05-23,ledoit_wolf,hrp,0.007761,0.004423,0.000060,0.000020,12.399847,0.114698,3089.458932,3.891593,0.655276,0.063492,0.002199,0.000001
2023-05-23,ledoit_wolf,max_diversification,0.007913,0.004653,0.000063,0.000022,5.134938,0.168718,3089.458932,3.891593,0.655276,0.063492,0.002199,0.000001
2023-05-23,constant_corr,equal_weight,0.010742,0.006022,0.000115,0.000036,13.711106,0.062500,3089.458932,3.891593,0.655276,0.063492,0.002199,0.000001
2023-05-23,constant_corr,inverse_variance,0.008458,0.004684,0.000072,0.000022,14.736261,0.095515,3089.458932,3.891593,0.655276,0.063492,0.002199,0.000001
2023-05-23,constant_corr,minimum_variance,0.006575,0.004400,0.000043,0.000019,4.790270,0.212169,3089.458932,3.891593,0.655276,0.063492,0.002199,0.000001
2023-05-23,constant_corr,risk_parity,0.008732,0.004784,0.000076,0.000023,16.000000,0.080683,3089.458932,3.891593,0.655276,0.063492,0.002199,0.000001
2023-05-23,constant_corr,hrp,0.007787,0.004370,0.000061,0.000019,12.765827,0.115440,3089.458932,3.891593,0.655276,0.063492,0.002199,0.000001
2023-05-23,constant_corr,max_diversification,0.008021,0.004699,0.000064,0.000022,5.045606,0.171007,3089.458932,3.891593,0.655276,0.063492,0.002199,0.000001
2023-05-23,rmt_hard,equal_weight,0.010764,0.006022,0.000116,0.000036,13.710702,0.062500,3089.458932,3.891593,0.655276,0.063492,0.002199,0.000001
2023-05-23,rmt_hard,inverse_variance,0.008486,0.004691,0.000072,0.000022,14.756358,0.095020,3089.458932,3.891593,0.655276,0.063492,0.002199,0.000001
2023-05-23,rmt_hard,minimum_variance,0.006585,0.004399,0.000043,0.000019,4.799676,0.212007,3089.458932,3.891593,0.655276,0.063492,0.002199,0.000001
2023-05-23,rmt_hard,risk_parity,0.008749,0.004784,0.000077,0.000023,16.000000,0.080700,3089.458932,3.891593,0.655276,0.063492,0.002199,0.000001
2023-05-23,rmt_hard,hrp,0.007853,0.004406,0.000062,0.000019,12.638706,0.114902,3089.458932,3.891593,0.655276,0.063492,0.002199,0.000001
2023-05-23,rmt_hard,max_diversification,0.008004,0.004680,0.000064,0.000022,5.014322,0.171721,3089.458932,3.891593,0.655276,0.063492,0.002199,0.000001
2023-05-23,rmt_soft,equal_weight,0.010764,0.006022,0.000116,0.000036,13.710753,0.062500,3089.458932,3.891593,0.655276,0.063492,0.002199,0.000001
2023-05-23,rmt_soft,inverse_variance,0.008470,0.004684,0.000072,0.000022,14.747913,0.095478,3089.458932,3.891593,0.655276,0.063492,0.002199,0.000001
2023-05-23,rmt_soft,minimum_variance,0.006588,0.004400,0.000043,0.000019,4.794742,0.212083,3089.458932,3.891593,0.655276,0.063492,0.002199,0.000001
2023-05-23,rmt_soft,risk_parity,0.008750,0.004784,0.000077,0.000023,16.000000,0.080697,3089.458932,3.891593,0.655276,0.063492,0.002199,0.000001
2023-05-23,rmt_soft,hrp,0.007837,0.004406,0.000061,0.000019,12.622359,0.115085,3089.458932,3.891593,0.655276,0.063492,0.002199,0.000001
2023-05-23,rmt_soft,max_diversification,0.008022,0.004687,0.000064,0.000022,5.030907,0.171373,3089.458932,3.891593,0.655276,0.063492,0.002199,0.000001
2023-05-23,rmt_rie,equal_weight,0.010113,0.006022,0.000102,0.000036,13.704827,0.062500,3089.458932,3.891593,0.655276,0.063492,0.002199,0.000001
2023-05-23,rmt_rie,inverse_variance,0.007951,0.004675,0.000063,0.000022,14.771644,0.096083,3089.458932,3.891593,0.655276,0.063492,0.002199,0.000001
2023-05-23,rmt_rie,minimum_variance,0.006202,0.004391,0.000038,0.000019,4.814718,0.210982,3089.458932,3.891593,0.655276,0.063492,0.002199,0.000001
2023-05-23,rmt_rie,risk_parity,0.008219,0.004785,0.000068,0.000023,16.000000,0.080677,3089.458932,3.891593,0.655276,0.063492,0.002199,0.000001
2023-05-23,rmt_rie,hrp,0.007307,0.004359,0.000053,0.000019,12.754471,0.116640,3089.458932,3.891593,0.655276,0.063492,0.002199,0.000001
2023-05-23,rmt_rie,max_diversification,0.007556,0.004729,0.000057,0.000022,5.341345,0.164910,3089.458932,3.891593,0.655276,0.063492,0.002199,0.000001
2023-05-23,factor_model,equal_weight,0.010852,0.006022,0.000118,0.000036,13.746125,0.062500,3089.458932,3.891593,0.655276,0.063492,0.002199,0.000001
2023-05-23,factor_model,inverse_variance,0.008566,0.004684,0.000073,0.000022,14.694029,0.095515,3089.458932,3.891593,0.655276,0.063492,0.002199,0.000001
2023-05-23,factor_model,minimum_variance,0.006661,0.004380,0.000044,0.000019,4.954663,0.204519,3089.458932,3.891593,0.655276,0.063492,0.002199,0.000001
2023-05-23,factor_model,risk_parity,0.008769,0.004753,0.000077,0.000023,16.000000,0.082465,3089.458932,3.891593,0.655276,0.063492,0.002199,0.000001
2023-05-23,factor_model,hrp,0.007894,0.004310,0.000062,0.000019,13.162039,0.118324,3089.458932,3.891593,0.655276,0.063492,0.002199,0.000001
2023-05-23,factor_model,max_diversification,0.007403,0.004721,0.000055,0.000022,4.255123,0.211295,3089.458932,3.891593,0.655276,0.063492,0.002199,0.000001
2023-06-23,sample,equal_weight,0.010024,0.004920,0.000100,0.000024,13.706139,0.062500,2768.830619,4.196545,0.629983,0.063492,0.001910,0.000001
2023-06-23,sample,inverse_variance,0.007989,0.004030,0.000064,0.000016,14.723434,0.093429,2768.830619,4.196545,0.629983,0.063492,0.001910,0.000001
2023-06-23,sample,minimum_variance,0.006234,0.003570,0.000039,0.000013,4.896938,0.207121,2768.830619,4.196545,0.629983,0.063492,0.001910,0.000001
2023-06-23,sample,risk_parity,0.008176,0.004391,0.000067,0.000019,16.000000,0.080373,2768.830619,4.196545,0.629983,0.063492,0.001910,0.000001
2023-06-23,sample,hrp,0.007360,0.003889,0.000054,0.000015,12.801278,0.112631,2768.830619,4.196545,0.629983,0.063492,0.001910,0.000001
2023-06-23,sample,max_diversification,0.007560,0.005510,0.000057,0.000030,5.179009,0.164268,2768.830619,4.196545,0.629983,0.063492,0.001910,0.000001
2023-06-23,ledoit_wolf,equal_weight,0.009902,0.004920,0.000098,0.000024,13.717004,0.062500,2768.830619,4.196545,0.629983,0.063492,0.001910,0.000001
2023-06-23,ledoit_wolf,inverse_variance,0.007996,0.004055,0.000064,0.000016,14.791562,0.089961,2768.830619,4.196545,0.629983,0.063492,0.001910,0.000001
2023-06-23,ledoit_wolf,minimum_variance,0.006222,0.003595,0.000039,0.000013,4.960484,0.204836,2768.830619,4.196545,0.629983,0.063492,0.001910,0.000001
2023-06-23,ledoit_wolf,risk_parity,0.008106,0.004395,0.000066,0.000019,16.000000,0.079816,2768.830619,4.196545,0.629983,0.063492,0.001910,0.000001
2023-06-23,ledoit_wolf,hrp,0.007321,0.003823,0.000054,0.000015,12.362504,0.112208,2768.830619,4.196545,0.629983,0.063492,0.001910,0.000001
2023-06-23,ledoit_wolf,max_diversification,0.007432,0.005429,0.000055,0.000029,5.271726,0.161840,2768.830619,4.196545,0.629983,0.063492,0.001910,0.000001
2023-06-23,constant_corr,equal_weight,0.010004,0.004920,0.000100,0.000024,13.706139,0.062500,2768.830619,4.196545,0.629983,0.063492,0.001910,0.000001
2023-06-23,constant_corr,inverse_variance,0.007973,0.004030,0.000064,0.000016,14.723434,0.093429,2768.830619,4.196545,0.629983,0.063492,0.001910,0.000001
2023-06-23,constant_corr,minimum_variance,0.006222,0.003570,0.000039,0.000013,4.896940,0.207121,2768.830619,4.196545,0.629983,0.063492,0.001910,0.000001
2023-06-23,constant_corr,risk_parity,0.008160,0.004391,0.000067,0.000019,16.000000,0.080373,2768.830619,4.196545,0.629983,0.063492,0.001910,0.000001
2023-06-23,constant_corr,hrp,0.007345,0.003889,0.000054,0.000015,12.801278,0.112631,2768.830619,4.196545,0.629983,0.063492,0.001910,0.000001
2023-06-23,constant_corr,max_diversification,0.007545,0.005510,0.000057,0.000030,5.179009,0.164268,2768.830619,4.196545,0.629983,0.063492,0.001910,0.000001
2023-06-23,rmt_hard,equal_weight,0.010024,0.004920,0.000100,0.000024,13.705894,0.062500,2768.830619,4.196545,0.629983,0.063492,0.001910,0.000001
2023-06-23,rmt_hard,inverse_variance,0.008009,0.004030,0.000064,0.000016,14.755675,0.092660,2768.830619,4.196545,0.629983,0.063492,0.001910,0.000001
2023-06-23,rmt_hard,minimum_variance,0.006230,0.003573,0.000039,0.000013,4.906597,0.206969,2768.830619,4.196545,0.629983,0.063492,0.001910,0.000001
2023-06-23,rmt_hard,risk_parity,0.008176,0.004391,0.000067,0.000019,16.000000,0.080399,2768.830619,4.196545,0.629983,0.063492,0.001910,0.000001
2023-06-23,rmt_hard,hrp,0.007385,0.003803,0.000055,0.000014,12.587286,0.112956,2768.830619,4.196545,0.629983,0.063492,0.001910,0.000001
2023-06-23,rmt_hard,max_diversification,0.007533,0.005538,0.000057,0.000031,5.119042,0.166045,2768.830619,4.196545,0.629983,0.063492,0.001910,0.000001
2023-06-23,rmt_soft,equal_weight,0.010024,0.004920,0.000100,0.000024,13.705800,0.062500,2768.830619,4.196545,0.629983,0.063492,0.001910,0.000001
2023-06-23,rmt_soft,inverse_variance,0.007990,0.004027,0.000064,0.000016,14.745774,0.093185,2768.830619,4.196545,0.629983,0.063492,0.001910,0.000001
2023-06-23,rmt_soft,minimum_variance,0.006233,0.003572,0.000039,0.000013,4.901739,0.207039,2768.830619,4.196545,0.629983,0.063492,0.001910,0.000001
2023-06-23,rmt_soft,risk_parity,0.008176,0.004391,0.000067,0.000019,16.000000,0.080393,2768.830619,4.196545,0.629983,0.063492,0.001910,0.000001
2023-06-23,rmt_soft,hrp,0.007390,0.003808,0.000055,0.000014,12.590935,0.113095,2768.830619,4.196545,0.629983,0.063492,0.001910,0.000001
2023-06-23,rmt_soft,max_diversification,0.007545,0.005529,0.000057,0.000031,5.144146,0.165400,2768.830619,4.196545,0.629983,0.063492,0.001910,0.000001
2023-06-23,rmt_rie,equal_weight,0.009415,0.004920,0.000089,0.000024,13.701711,0.062500,2768.830619,4.196545,0.629983,0.063492,0.001910,0.000001
2023-06-23,rmt_rie,inverse_variance,0.007486,0.004036,0.000056,0.000016,14.737811,0.094168,2768.830619,4.196545,0.629983,0.063492,0.001910,0.000001
2023-06-23,rmt_rie,minimum_variance,0.005891,0.003608,0.000035,0.000013,4.934761,0.205326,2768.830619,4.196545,0.629983,0.063492,0.001910,0.000001
2023-06-23,rmt_rie,risk_parity,0.007678,0.004390,0.000059,0.000019,16.000000,0.080420,2768.830619,4.196545,0.629983,0.063492,0.001910,0.000001
2023-06-23,rmt_rie,hrp,0.006894,0.003896,0.000048,0.000015,12.802368,0.113932,2768.830619,4.196545,0.629983,0.063492,0.001910,0.000001
2023-06-23,rmt_rie,max_diversification,0.007123,0.005426,0.000051,0.000029,5.321301,0.162576,2768.830619,4.196545,0.629983,0.063492,0.001910,0.000001
2023-06-23,factor_model,equal_weight,0.010116,0.004920,0.000102,0.000024,13.729352,0.062500,2768.830619,4.196545,0.629983,0.063492,0.001910,0.000001
2023-06-23,factor_model,inverse_variance,0.008075,0.004030,0.000065,0.000016,14.674863,0.093429,2768.830619,4.196545,0.629983,0.063492,0.001910,0.000001
2023-06-23,factor_model,minimum_variance,0.006226,0.003823,0.000039,0.000015,5.344685,0.191479,2768.830619,4.196545,0.629983,0.063492,0.001910,0.000001
2023-06-23,factor_model,risk_parity,0.008154,0.004418,0.000066,0.000020,16.000000,0.082956,2768.830619,4.196545,0.629983,0.063492,0.001910,0.000001
2023-06-23,factor_model,hrp,0.007309,0.003977,0.000053,0.000016,12.651028,0.122133,2768.830619,4.196545,0.629983,0.063492,0.001910,0.000001
2023-06-23,factor_model,max_diversification,0.006824,0.006092,0.000047,0.000037,4.181373,0.212751,2768.830619,4.196545,0.629983,0.063492,0.001910,0.000001
2023-07-25,sample,equal_weight,0.009762,0.004988,0.000095,0.000025,13.816392,0.062500,2469.844082,4.257951,0.629968,0.063492,0.001794,0.000001
2023-07-25,sample,inverse_variance,0.007837,0.004319,0.000061,0.000019,14.807706,0.092007,2469.844082,4.257951,0.629968,0.063492,0.001794,0.000001
2023-07-25,sample,minimum_variance,0.006120,0.003967,0.000037,0.000016,4.688004,0.214038,2469.844082,4.257951,0.629968,0.063492,0.001794,0.000001
2023-07-25,sample,risk_parity,0.008067,0.004564,0.000065,0.000021,16.000000,0.078958,2469.844082,4.257951,0.629968,0.063492,0.001794,0.000001
2023-07-25,sample,hrp,0.007282,0.004242,0.000053,0.000018,13.224100,0.108703,2469.844082,4.257951,0.629968,0.063492,0.001794,0.000001
2023-07-25,sample,max_diversification,0.007543,0.005402,0.000057,0.000029,5.366072,0.161204,2469.844082,4.257951,0.629968,0.063492,0.001794,0.000001
2023-07-25,ledoit_wolf,equal_weight,0.009635,0.004988,0.000093,0.000025,13.827541,0.062500,2469.844082,4.257951,0.629968,0.063492,0.001794,0.000001
2023-07-25,ledoit_wolf,inverse_variance,0.007838,0.004346,0.000061,0.000019,14.881532,0.088585,2469.844082,4.257951,0.629968,0.063492,0.001794,0.000001
2023-07-25,ledoit_wolf,minimum_variance,0.006108,0.003989,0.000037,0.000016,4.773672,0.210908,2469.844082,4.257951,0.629968,0.063492,0.001794,0.000001
2023-07-25,ledoit_wolf,risk_parity,0.007991,0.004569,0.000064,0.000021,16.000000,0.078436,2469.844082,4.257951,0.629968,0.063492,0.001794,0.000001
2023-07-25,ledoit_wolf,hrp,0.007192,0.004208,0.000052,0.000018,12.558850,0.110363,2469.844082,4.257951,0.629968,0.063492,0.001794,0.000001
2023-07-25,ledoit_wolf,max_diversification,0.007392,0.005362,0.000055,0.000029,5.460128,0.157873,2469.844082,4.257951,0.629968,0.063492,0.001794,0.000001
2023-07-25,constant_corr,equal_weight,0.009742,0.004988,0.000095,0.000025,13.816392,0.062500,2469.844082,4.257951,0.629968,0.063492,0.001794,0.000001
2023-07-25,constant_corr,inverse_variance,0.007822,0.004319,0.000061,0.000019,14.807706,0.092007,2469.844082,4.257951,0.629968,0.063492,0.001794,0.000001
2023-07-25,constant_corr,minimum_variance,0.006107,0.003967,0.000037,0.000016,4.688009,0.214038,2469.844082,4.257951,0.629968,0.063492,0.001794,0.000001
2023-07-25,constant_corr,risk_parity,0.008051,0.004564,0.000065,0.000021,16.000000,0.078958,2469.844082,4.257951,0.629968,0.063492,0.001794,0.000001
2023-07-25,constant_corr,hrp,0.007268,0.004242,0.000053,0.000018,13.224100,0.108703,2469.844082,4.257951,0.629968,0.063492,0.001794,0.000001
2023-07-25,constant_corr,max_diversification,0.007528,0.005402,0.000057,0.000029,5.366072,0.161204,2469.844082,4.257951,0.629968,0.063492,0.001794,0.000001
2023-07-25,rmt_hard,equal_weight,0.009762,0.004988,0.000095,0.000025,13.816087,0.062500,2469.844082,4.257951,0.629968,0.063492,0.001794,0.000001
2023-07-25,rmt_hard,inverse_variance,0.007850,0.004314,0.000062,0.000019,14.733685,0.091395,2469.844082,4.257951,0.629968,0.063492,0.001794,0.000001
2023-07-25,rmt_hard,minimum_variance,0.006118,0.003976,0.000037,0.000016,4.716976,0.213289,2469.844082,4.257951,0.629968,0.063492,0.001794,0.000001
2023-07-25,rmt_hard,risk_parity,0.008066,0.004563,0.000065,0.000021,16.000000,0.078992,2469.844082,4.257951,0.629968,0.063492,0.001794,0.000001
2023-07-25,rmt_hard,hrp,0.007256,0.004169,0.000053,0.000017,12.613560,0.111398,2469.844082,4.257951,0.629968,0.063492,0.001794,0.000001
2023-07-25,rmt_hard,max_diversification,0.007582,0.005498,0.000057,0.000030,5.262955,0.165817,2469.844082,4.257951,0.629968,0.063492,0.001794,0.000001
2023-07-25,rmt_soft,equal_weight,0.009762,0.004988,0.000095,0.000025,13.815946,0.062500,2469.844082,4.257951,0.629968,0.063492,0.001794,0.000001
2023-07-25,rmt_soft,inverse_variance,0.007837,0.004318,0.000061,0.000019,14.832993,0.091720,2469.844082,4.257951,0.629968,0.063492,0.001794,0.000001
2023-07-25,rmt_soft,minimum_variance,0.006120,0.003971,0.000037,0.000016,4.698300,0.213727,2469.844082,4.257951,0.629968,0.063492,0.001794,0.000001
2023-07-25,rmt_soft,risk_parity,0.008067,0.004564,0.000065,0.000021,16.000000,0.078983,2469.844082,4.257951,0.629968,0.063492,0.001794,0.000001
2023-07-25,rmt_soft,hrp,0.007257,0.004192,0.000053,0.000018,12.714392,0.111472,2469.844082,4.257951,0.629968,0.063492,0.001794,0.000001
2023-07-25,rmt_soft,max_diversification,0.007519,0.005414,0.000057,0.000029,5.336370,0.160682,2469.844082,4.257951,0.629968,0.063492,0.001794,0.000001
2023-07-25,rmt_rie,equal_weight,0.009171,0.004988,0.000084,0.000025,13.823550,0.062500,2469.844082,4.257951,0.629968,0.063492,0.001794,0.000001
2023-07-25,rmt_rie,inverse_variance,0.007362,0.004319,0.000054,0.000019,14.763369,0.092755,2469.844082,4.257951,0.629968,0.063492,0.001794,0.000001
2023-07-25,rmt_rie,minimum_variance,0.005792,0.003996,0.000034,0.000016,4.758920,0.211474,2469.844082,4.257951,0.629968,0.063492,0.001794,0.000001
2023-07-25,rmt_rie,risk_parity,0.007586,0.004564,0.000058,0.000021,16.000000,0.078909,2469.844082,4.257951,0.629968,0.063492,0.001794,0.000001
2023-07-25,rmt_rie,hrp,0.006826,0.004274,0.000047,0.000018,13.069575,0.112438,2469.844082,4.257951,0.629968,0.063492,0.001794,0.000001
2023-07-25,rmt_rie,max_diversification,0.007140,0.005312,0.000051,0.000028,5.578975,0.157060,2469.844082,4.257951,0.629968,0.063492,0.001794,0.000001
2023-07-25,factor_model,equal_weight,0.009857,0.004988,0.000097,0.000025,13.838240,0.062500,2469.844082,4.257951,0.629968,0.063492,0.001794,0.000001
2023-07-25,factor_model,inverse_variance,0.007922,0.004319,0.000063,0.000019,14.782647,0.092007,2469.844082,4.257951,0.629968,0.063492,0.001794,0.000001
2023-07-25,factor_model,minimum_variance,0.006136,0.004076,0.000038,0.000017,5.111542,0.198585,2469.844082,4.257951,0.629968,0.063492,0.001794,0.000001
2023-07-25,factor_model,risk_parity,0.008075,0.004563,0.000065,0.000021,16.000000,0.080911,2469.844082,4.257951,0.629968,0.063492,0.001794,0.000001
2023-07-25,factor_model,hrp,0.007240,0.004241,0.000052,0.000018,12.929768,0.118575,2469.844082,4.257951,0.629968,0.063492,0.001794,0.000001
2023-07-25,factor_model,max_diversification,0.006863,0.005660,0.000047,0.000032,4.173875,0.214169,2469.844082,4.257951,0.629968,0.063492,0.001794,0.000001
2023-08-23,sample,equal_weight,0.009587,0.006881,0.000092,0.000047,13.876197,0.062500,2341.047672,4.256590,0.633747,0.063492,0.001722,0.000001
2023-08-23,sample,inverse_variance,0.007726,0.005857,0.000060,0.000034,14.889291,0.091620,2341.047672,4.256590,0.633747,0.063492,0.001722,0.000001
2023-08-23,sample,minimum_variance,0.006066,0.004552,0.000037,0.000021,4.644303,0.215891,2341.047672,4.256590,0.633747,0.063492,0.001722,0.000001
2023-08-23,sample,risk_parity,0.007945,0.006030,0.000063,0.000036,16.000000,0.079183,2341.047672,4.256590,0.633747,0.063492,0.001722,0.000001
2023-08-23,sample,hrp,0.007176,0.005476,0.000051,0.000030,13.288011,0.111094,2341.047672,4.256590,0.633747,0.063492,0.001722,0.000001
2023-08-23,sample,max_diversification,0.007488,0.005648,0.000056,0.000032,5.710731,0.156276,2341.047672,4.256590,0.633747,0.063492,0.001722,0.000001
2023-08-23,ledoit_wolf,equal_weight,0.009455,0.006881,0.000089,0.000047,13.887756,0.062500,2341.047672,4.256590,0.633747,0.063492,0.001722,0.000001
2023-08-23,ledoit_wolf,inverse_variance,0.007727,0.005910,0.000060,0.000035,14.958742,0.087983,2341.047672,4.256590,0.633747,0.063492,0.001722,0.000001
2023-08-23,ledoit_wolf,minimum_variance,0.006053,0.004572,0.000037,0.000021,4.737371,0.212511,2341.047672,4.256590,0.633747,0.063492,0.001722,0.000001
2023-08-23,ledoit_wolf,risk_parity,0.007865,0.006041,0.000062,0.000036,16.000000,0.078597,2341.047672,4.256590,0.633747,0.063492,0.001722,0.000001
2023-08-23,ledoit_wolf,hrp,0.007169,0.005495,0.000051,0.000030,13.543206,0.105380,2341.047672,4.256590,0.633747,0.063492,0.001722,0.000001
2023-08-23,ledoit_wolf,max_diversification,0.007320,0.005638,0.000054,0.000032,5.835142,0.151949,2341.047672,4.256590,0.633747,0.063492,0.001722,0.000001
2023-08-23,constant_corr,equal_weight,0.009568,0.006881,0.000092,0.000047,13.876197,0.062500,2341.047672,4.256590,0.633747,0.063492,0.001722,0.000001
2023-08-23,constant_corr,inverse_variance,0.007710,0.005857,0.000059,0.000034,14.889291,0.091620,2341.047672,4.256590,0.633747,0.063492,0.001722,0.000001
2023-08-23,constant_corr,minimum_variance,0.006053,0.004552,0.000037,0.000021,4.644314,0.215890,2341.047672,4.256590,0.633747,0.063492,0.001722,0.000001
2023-08-23,constant_corr,risk_parity,0.007929,0.006030,0.000063,0.000036,16.000000,0.079183,2341.047672,4.256590,0.633747,0.063492,0.001722,0.000001
2023-08-23,constant_corr,hrp,0.007162,0.005476,0.000051,0.000030,13.288011,0.111094,2341.047672,4.256590,0.633747,0.063492,0.001722,0.000001
2023-08-23,constant_corr,max_diversification,0.007473,0.005648,0.000056,0.000032,5.710731,0.156276,2341.047672,4.256590,0.633747,0.063492,0.001722,0.000001
2023-08-23,rmt_hard,equal_weight,0.009588,0.006881,0.000092,0.000047,13.876123,0.062500,2341.047672,4.256590,0.633747,0.063492,0.001722,0.000001
2023-08-23,rmt_hard,inverse_variance,0.007746,0.005864,0.000060,0.000034,14.834786,0.090742,2341.047672,4.256590,0.633747,0.063492,0.001722,0.000001
2023-08-23,rmt_hard,minimum_variance,0.006063,0.004553,0.000037,0.000021,4.664640,0.215387,2341.047672,4.256590,0.633747,0.063492,0.001722,0.000001
2023-08-23,rmt_hard,risk_parity,0.007944,0.006029,0.000063,0.000036,16.000000,0.079219,2341.047672,4.256590,0.633747,0.063492,0.001722,0.000001
2023-08-23,rmt_hard,hrp,0.007155,0.005457,0.000051,0.000030,12.706940,0.111088,2341.047672,4.256590,0.633747,0.063492,0.001722,0.000001
2023-08-23,rmt_hard,max_diversification,0.007513,0.005675,0.000056,0.000032,5.638303,0.158060,2341.047672,4.256590,0.633747,0.063492,0.001722,0.000001
2023-08-23,rmt_soft,equal_weight,0.009588,0.006881,0.000092,0.000047,13.875932,0.062500,2341.047672,4.256590,0.633747,0.063492,0.001722,0.000001
2023-08-23,rmt_soft,inverse_variance,0.007730,0.005856,0.000060,0.000034,14.908970,0.091159,2341.047672,4.256590,0.633747,0.063492,0.001722,0.000001
2023-08-23,rmt_soft,minimum_variance,0.006065,0.004554,0.000037,0.000021,4.652273,0.215680,2341.047672,4.256590,0.633747,0.063492,0.001722,0.000001
2023-08-23,rmt_soft,risk_parity,0.007944,0.006029,0.000063,0.000036,16.000000,0.079210,2341.047672,4.256590,0.633747,0.063492,0.001722,0.000001
2023-08-23,rmt_soft,hrp,0.007153,0.005467,0.000051,0.000030,12.781846,0.111271,2341.047672,4.256590,0.633747,0.063492,0.001722,0.000001
2023-08-23,rmt_soft,max_diversification,0.007463,0.005656,0.000056,0.000032,5.696713,0.154783,2341.047672,4.256590,0.633747,0.063492,0.001722,0.000001
2023-08-23,rmt_rie,equal_weight,0.009006,0.006881,0.000081,0.000047,13.881179,0.062500,2341.047672,4.256590,0.633747,0.063492,0.001722,0.000001
2023-08-23,rmt_rie,inverse_variance,0.007251,0.005862,0.000053,0.000034,14.817124,0.092511,2341.047672,4.256590,0.633747,0.063492,0.001722,0.000001
2023-08-23,rmt_rie,minimum_variance,0.005741,0.004627,0.000033,0.000021,4.745200,0.212185,2341.047672,4.256590,0.633747,0.063492,0.001722,0.000001
2023-08-23,rmt_rie,risk_parity,0.007467,0.006034,0.000056,0.000036,16.000000,0.079171,2341.047672,4.256590,0.633747,0.063492,0.001722,0.000001
2023-08-23,rmt_rie,hrp,0.006762,0.005522,0.000046,0.000030,13.396865,0.111422,2341.047672,4.256590,0.633747,0.063492,0.001722,0.000001
2023-08-23,rmt_rie,max_diversification,0.007112,0.005677,0.000051,0.000032,5.892426,0.154955,2341.047672,4.256590,0.633747,0.063492,0.001722,0.000001
2023-08-23,factor_model,equal_weight,0.009687,0.006881,0.000094,0.000047,13.907607,0.062500,2341.047672,4.256590,0.633747,0.063492,0.001722,0.000001
2023-08-23,factor_model,inverse_variance,0.007812,0.005857,0.000061,0.000034,14.921095,0.091620,2341.047672,4.256590,0.633747,0.063492,0.001722,0.000001
2023-08-23,factor_model,minimum_variance,0.006117,0.004466,0.000037,0.000020,4.347816,0.226689,2341.047672,4.256590,0.633747,0.063492,0.001722,0.000001
2023-08-23,factor_model,risk_parity,0.008012,0.006023,0.000064,0.000036,16.000000,0.080182,2341.047672,4.256590,0.633747,0.063492,0.001722,0.000001
2023-08-23,factor_model,hrp,0.007186,0.005536,0.000052,0.000031,13.190007,0.116496,2341.047672,4.256590,0.633747,0.063492,0.001722,0.000001
2023-08-23,factor_model,max_diversification,0.007180,0.005971,0.000052,0.000036,4.259264,0.212851,2341.047672,4.256590,0.633747,0.063492,0.001722,0.000001
2023-09-22,sample,equal_weight,0.009105,0.007254,0.000083,0.000053,13.917222,0.062500,2236.877183,4.456633,0.615843,0.063492,0.001551,0.000001
2023-09-22,sample,inverse_variance,0.007418,0.006216,0.000055,0.000039,14.807260,0.089194,2236.877183,4.456633,0.615843,0.063492,0.001551,0.000001
2023-09-22,sample,minimum_variance,0.005811,0.005624,0.000034,0.000032,4.339610,0.228062,2236.877183,4.456633,0.615843,0.063492,0.001551,0.000001
2023-09-22,sample,risk_parity,0.007623,0.006508,0.000058,0.000042,16.000000,0.077888,2236.877183,4.456633,0.615843,0.063492,0.001551,0.000001
2023-09-22,sample,hrp,0.006915,0.006264,0.000048,0.000039,13.562795,0.105135,2236.877183,4.456633,0.615843,0.063492,0.001551,0.000001
2023-09-22,sample,max_diversification,0.007439,0.008039,0.000055,0.000065,5.322205,0.171179,2236.877183,4.456633,0.615843,0.063492,0.001551,0.000001
2023-09-22,ledoit_wolf,equal_weight,0.008972,0.007254,0.000080,0.000053,13.929743,0.062500,2236.877183,4.456633,0.615843,0.063492,0.001551,0.000001
2023-09-22,ledoit_wolf,inverse_variance,0.007409,0.006269,0.000055,0.000039,14.885719,0.085953,2236.877183,4.456633,0.615843,0.063492,0.001551,0.000001
2023-09-22,ledoit_wolf,minimum_variance,0.005803,0.005652,0.000034,0.000032,4.509349,0.221339,2236.877183,4.456633,0.615843,0.063492,0.001551,0.000001
2023-09-22,ledoit_wolf,risk_parity,0.007540,0.006519,0.000057,0.000042,16.000000,0.077330,2236.877183,4.456633,0.615843,0.063492,0.001551,0.000001
2023-09-22,ledoit_wolf,hrp,0.006842,0.006037,0.000047,0.000036,12.724417,0.106087,2236.877183,4.456633,0.615843,0.063492,0.001551,0.000001
2023-09-22,ledoit_wolf,max_diversification,0.007123,0.007641,0.000051,0.000058,5.818152,0.152850,2236.877183,4.456633,0.615843,0.063492,0.001551,0.000001
2023-09-22,constant_corr,equal_weight,0.009087,0.007254,0.000083,0.000053,13.917222,0.062500,2236.877183,4.456633,0.615843,0.063492,0.001551,0.000001
2023-09-22,constant_corr,inverse_variance,0.007404,0.006216,0.000055,0.000039,14.807260,0.089194,2236.877183,4.456633,0.615843,0.063492,0.001551,0.000001
2023-09-22,constant_corr,minimum_variance,0.005799,0.005624,0.000034,0.000032,4.339659,0.228060,2236.877183,4.456633,0.615843,0.063492,0.001551,0.000001
2023-09-22,constant_corr,risk_parity,0.007607,0.006508,0.000058,0.000042,16.000000,0.077888,2236.877183,4.456633,0.615843,0.063492,0.001551,0.000001
2023-09-22,constant_corr,hrp,0.006902,0.006264,0.000048,0.000039,13.562795,0.105135,2236.877183,4.456633,0.615843,0.063492,0.001551,0.000001
2023-09-22,constant_corr,max_diversification,0.007424,0.008039,0.000055,0.000065,5.322206,0.171179,2236.877183,4.456633,0.615843,0.063492,0.001551,0.000001
2023-09-22,rmt_hard,equal_weight,0.009105,0.007254,0.000083,0.000053,13.916899,0.062500,2236.877183,4.456633,0.615843,0.063492,0.001551,0.000001
2023-09-22,rmt_hard,inverse_variance,0.007436,0.006216,0.000055,0.000039,14.743131,0.088525,2236.877183,4.456633,0.615843,0.063492,0.001551,0.000001
2023-09-22,rmt_hard,minimum_variance,0.005811,0.005640,0.000034,0.000032,4.362284,0.227399,2236.877183,4.456633,0.615843,0.063492,0.001551,0.000001
2023-09-22,rmt_hard,risk_parity,0.007622,0.006507,0.000058,0.000042,16.000000,0.077913,2236.877183,4.456633,0.615843,0.063492,0.001551,0.000001
2023-09-22,rmt_hard,hrp,0.006904,0.005977,0.000048,0.000036,12.688837,0.107768,2236.877183,4.456633,0.615843,0.063492,0.001551,0.000001
2023-09-22,rmt_hard,max_diversification,0.007328,0.007902,0.000054,0.000062,5.352457,0.163684,2236.877183,4.456633,0.615843,0.063492,0.001551,0.000001
2023-09-22,rmt_soft,equal_weight,0.009105,0.007254,0.000083,0.000053,13.916742,0.062500,2236.877183,4.456633,0.615843,0.063492,0.001551,0.000001
2023-09-22,rmt_soft,inverse_variance,0.007424,0.006220,0.000055,0.000039,14.826935,0.088758,2236.877183,4.456633,0.615843,0.063492,0.001551,0.000001
2023-09-22,rmt_soft,minimum_variance,0.005813,0.005634,0.000034,0.000032,4.354380,0.227620,2236.877183,4.456633,0.615843,0.063492,0.001551,0.000001
2023-09-22,rmt_soft,risk_parity,0.007622,0.006508,0.000058,0.000042,16.000000,0.077908,2236.877183,4.456633,0.615843,0.063492,0.001551,0.000001
2023-09-22,rmt_soft,hrp,0.006904,0.006000,0.000048,0.000036,12.797884,0.107681,2236.877183,4.456633,0.615843,0.063492,0.001551,0.000001
2023-09-22,rmt_soft,max_diversification,0.007397,0.007960,0.000055,0.000063,5.344269,0.166332,2236.877183,4.456633,0.615843,0.063492,0.001551,0.000001
2023-09-22,rmt_rie,equal_weight,0.008553,0.007254,0.000073,0.000053,13.920517,0.062500,2236.877183,4.456633,0.615843,0.063492,0.001551,0.000001
2023-09-22,rmt_rie,inverse_variance,0.006966,0.006216,0.000049,0.000039,14.743833,0.089985,2236.877183,4.456633,0.615843,0.063492,0.001551,0.000001
2023-09-22,rmt_rie,minimum_variance,0.005497,0.005643,0.000030,0.000032,4.526777,0.220433,2236.877183,4.456633,0.615843,0.063492,0.001551,0.000001
2023-09-22,rmt_rie,risk_parity,0.007164,0.006511,0.000051,0.000042,16.000000,0.077847,2236.877183,4.456633,0.615843,0.063492,0.001551,0.000001
2023-09-22,rmt_rie,hrp,0.006496,0.006303,0.000042,0.000040,13.582373,0.109341,2236.877183,4.456633,0.615843,0.063492,0.001551,0.000001
2023-09-22,rmt_rie,max_diversification,0.007049,0.008022,0.000050,0.000064,5.553019,0.168106,2236.877183,4.456633,0.615843,0.063492,0.001551,0.000001
2023-09-22,factor_model,equal_weight,0.009200,0.007254,0.000085,0.000053,13.932904,0.062500,2236.877183,4.456633,0.615843,0.063492,0.001551,0.000001
2023-09-22,factor_model,inverse_variance,0.007496,0.006216,0.000056,0.000039,14.820222,0.089194,2236.877183,4.456633,0.615843,0.063492,0.001551,0.000001
2023-09-22,factor_model,minimum_variance,0.005820,0.005570,0.000034,0.000031,4.252991,0.230804,2236.877183,4.456633,0.615843,0.063492,0.001551,0.000001
2023-09-22,factor_model,risk_parity,0.007649,0.006463,0.000059,0.000042,16.000000,0.079407,2236.877183,4.456633,0.615843,0.063492,0.001551,0.000001
2023-09-22,factor_model,hrp,0.006900,0.006053,0.000048,0.000037,13.177317,0.113402,2236.877183,4.456633,0.615843,0.063492,0.001551,0.000001
2023-09-22,factor_model,max_diversification,0.006682,0.007637,0.000045,0.000058,4.248554,0.211288,2236.877183,4.456633,0.615843,0.063492,0.001551,0.000001
2023-10-23,sample,equal_weight,0.008191,0.008596,0.000067,0.000074,13.757937,0.062500,1854.214841,4.949326,0.575335,0.063492,0.001276,0.000001
2023-10-23,sample,inverse_variance,0.006742,0.007120,0.000045,0.000051,14.590109,0.087292,1854.214841,4.949326,0.575335,0.063492,0.001276,0.000001
2023-10-23,sample,minimum_variance,0.005285,0.004397,0.000028,0.000019,4.620658,0.214935,1854.214841,4.949326,0.575335,0.063492,0.001276,0.000001
2023-10-23,sample,risk_parity,0.006818,0.007253,0.000046,0.000053,16.000000,0.078274,1854.214841,4.949326,0.575335,0.063492,0.001276,0.000001
2023-10-23,sample,hrp,0.006255,0.006779,0.000039,0.000046,13.480055,0.103696,1854.214841,4.949326,0.575335,0.063492,0.001276,0.000001
2023-10-23,sample,max_diversification,0.006403,0.006330,0.000041,0.000040,6.026986,0.148716,1854.214841,4.949326,0.575335,0.063492,0.001276,0.000001
2023-10-23,ledoit_wolf,equal_weight,0.008049,0.008596,0.000065,0.000074,13.775845,0.062500,1854.214841,4.949326,0.575335,0.063492,0.001276,0.000001
2023-10-23,ledoit_wolf,inverse_variance,0.006727,0.007205,0.000045,0.000052,14.672608,0.083857,1854.214841,4.949326,0.575335,0.063492,0.001276,0.000001
2023-10-23,ledoit_wolf,minimum_variance,0.005280,0.004466,0.000028,0.000020,4.837768,0.207546,1854.214841,4.949326,0.575335,0.063492,0.001276,0.000001
2023-10-23,ledoit_wolf,risk_parity,0.006736,0.007277,0.000045,0.000053,16.000000,0.077498,1854.214841,4.949326,0.575335,0.063492,0.001276,0.000001
2023-10-23,ledoit_wolf,hrp,0.006264,0.006857,0.000039,0.000047,13.703947,0.099290,1854.214841,4.949326,0.575335,0.063492,0.001276,0.000001
2023-10-23,ledoit_wolf,max_diversification,0.006086,0.006102,0.000037,0.000037,6.544545,0.146294,1854.214841,4.949326,0.575335,0.063492,0.001276,0.000001
2023-10-23,constant_corr,equal_weight,0.008174,0.008596,0.000067,0.000074,13.757937,0.062500,1854.214841,4.949326,0.575335,0.063492,0.001276,0.000001
2023-10-23,constant_corr,inverse_variance,0.006728,0.007120,0.000045,0.000051,14.590109,0.087292,1854.214841,4.949326,0.575335,0.063492,0.001276,0.000001
2023-10-23,constant_corr,minimum_variance,0.005275,0.004397,0.000028,0.000019,4.620695,0.214934,1854.214841,4.949326,0.575335,0.063492,0.001276,0.000001
2023-10-23,constant_corr,risk_parity,0.006805,0.007253,0.000046,0.000053,16.000000,0.078274,1854.214841,4.949326,0.575335,0.063492,0.001276,0.000001
2023-10-23,constant_corr,hrp,0.006242,0.006779,0.000039,0.000046,13.480055,0.103696,1854.214841,4.949326,0.575335,0.063492,0.001276,0.000001
2023-10-23,constant_corr,max_diversification,0.006390,0.006330,0.000041,0.000040,6.026987,0.148716,1854.214841,4.949326,0.575335,0.063492,0.001276,0.000001
2023-10-23,rmt_hard,equal_weight,0.008192,0.008596,0.000067,0.000074,13.756772,0.062500,1854.214841,4.949326,0.575335,0.063492,0.001276,0.000001
2023-10-23,rmt_hard,inverse_variance,0.006762,0.007123,0.000046,0.000051,14.506587,0.086654,1854.214841,4.949326,0.575335,0.063492,0.001276,0.000001
2023-10-23,rmt_hard,minimum_variance,0.005287,0.004403,0.000028,0.000019,4.679832,0.213390,1854.214841,4.949326,0.575335,0.063492,0.001276,0.000001
2023-10-23,rmt_hard,risk_parity,0.006818,0.007253,0.000046,0.000053,16.000000,0.078277,1854.214841,4.949326,0.575335,0.063492,0.001276,0.000001
2023-10-23,rmt_hard,hrp,0.006247,0.006486,0.000039,0.000042,12.303355,0.107182,1854.214841,4.949326,0.575335,0.063492,0.001276,0.000001
2023-10-23,rmt_hard,max_diversification,0.006197,0.006199,0.000038,0.000038,5.957076,0.156133,1854.214841,4.949326,0.575335,0.063492,0.001276,0.000001
2023-10-23,rmt_soft,equal_weight,0.008192,0.008596,0.000067,0.000074,13.756958,0.062500,1854.214841,4.949326,0.575335,0.063492,0.001276,0.000001
2023-10-23,rmt_soft,inverse_variance,0.006751,0.007123,0.000046,0.000051,14.611745,0.086732,1854.214841,4.949326,0.575335,0.063492,0.001276,0.000001
2023-10-23,rmt_soft,minimum_variance,0.005289,0.004402,0.000028,0.000019,4.648291,0.214249,1854.214841,4.949326,0.575335,0.063492,0.001276,0.000001
2023-10-23,rmt_soft,risk_parity,0.006818,0.007253,0.000046,0.000053,16.000000,0.078279,1854.214841,4.949326,0.575335,0.063492,0.001276,0.000001
2023-10-23,rmt_soft,hrp,0.006250,0.006495,0.000039,0.000042,12.451499,0.106843,1854.214841,4.949326,0.575335,0.063492,0.001276,0.000001
2023-10-23,rmt_soft,max_diversification,0.006236,0.006195,0.000039,0.000038,6.127615,0.153065,1854.214841,4.949326,0.575335,0.063492,0.001276,0.000001
2023-10-23,rmt_rie,equal_weight,0.007693,0.008596,0.000059,0.000074,13.760787,0.062500,1854.214841,4.949326,0.575335,0.063492,0.001276,0.000001
2023-10-23,rmt_rie,inverse_variance,0.006327,0.007129,0.000040,0.000051,14.548101,0.088071,1854.214841,4.949326,0.575335,0.063492,0.001276,0.000001
2023-10-23,rmt_rie,minimum_variance,0.005001,0.004492,0.000025,0.000020,4.810928,0.208181,1854.214841,4.949326,0.575335,0.063492,0.001276,0.000001
2023-10-23,rmt_rie,risk_parity,0.006407,0.007260,0.000041,0.000053,16.000000,0.078216,1854.214841,4.949326,0.575335,0.063492,0.001276,0.000001
2023-10-23,rmt_rie,hrp,0.005887,0.006806,0.000035,0.000046,13.460384,0.105004,1854.214841,4.949326,0.575335,0.063492,0.001276,0.000001
2023-10-23,rmt_rie,max_diversification,0.006030,0.006297,0.000036,0.000040,6.461730,0.140051,1854.214841,4.949326,0.575335,0.063492,0.001276,0.000001
2023-10-23,factor_model,equal_weight,0.008291,0.008596,0.000069,0.000074,13.776402,0.062500,1854.214841,4.949326,0.575335,0.063492,0.001276,0.000001
2023-10-23,factor_model,inverse_variance,0.006817,0.007120,0.000046,0.000051,14.663051,0.087292,1854.214841,4.949326,0.575335,0.063492,0.001276,0.000001
2023-10-23,factor_model,minimum_variance,0.005264,0.004404,0.000028,0.000019,4.338099,0.226337,1854.214841,4.949326,0.575335,0.063492,0.001276,0.000001
2023-10-23,factor_model,risk_parity,0.006855,0.007204,0.000047,0.000052,16.000000,0.079749,1854.214841,4.949326,0.575335,0.063492,0.001276,0.000001
2023-10-23,factor_model,hrp,0.006319,0.006664,0.000040,0.000044,13.385037,0.107335,1854.214841,4.949326,0.575335,0.063492,0.001276,0.000001
2023-10-23,factor_model,max_diversification,0.006055,0.006578,0.000037,0.000043,4.447182,0.204605,1854.214841,4.949326,0.575335,0.063492,0.001276,0.000001
2023-11-21,sample,equal_weight,0.007470,0.006287,0.000056,0.000040,13.677465,0.062500,1533.897945,5.349601,0.541953,0.063492,0.001071,0.000001
2023-11-21,sample,inverse_variance,0.006209,0.005634,0.000039,0.000032,14.391146,0.084426,1533.897945,5.349601,0.541953,0.063492,0.001071,0.000001
2023-11-21,sample,minimum_variance,0.004753,0.005550,0.000023,0.000031,4.759650,0.210752,1533.897945,5.349601,0.541953,0.063492,0.001071,0.000001
2023-11-21,sample,risk_parity,0.006160,0.005802,0.000038,0.000034,16.000000,0.079122,1533.897945,5.349601,0.541953,0.063492,0.001071,0.000001
2023-11-21,sample,hrp,0.005733,0.005634,0.000033,0.000032,13.331252,0.101128,1533.897945,5.349601,0.541953,0.063492,0.001071,0.000001
2023-11-21,sample,max_diversification,0.005423,0.005471,0.000029,0.000030,7.019798,0.154895,1533.897945,5.349601,0.541953,0.063492,0.001071,0.000001
2023-11-21,ledoit_wolf,equal_weight,0.007382,0.006287,0.000054,0.000040,13.690106,0.062500,1533.897945,5.349601,0.541953,0.063492,0.001071,0.000001
2023-11-21,ledoit_wolf,inverse_variance,0.006192,0.005663,0.000038,0.000032,14.438600,0.082594,1533.897945,5.349601,0.541953,0.063492,0.001071,0.000001
2023-11-21,ledoit_wolf,minimum_variance,0.004751,0.005538,0.000023,0.000031,4.805049,0.209138,1533.897945,5.349601,0.541953,0.063492,0.001071,0.000001
2023-11-21,ledoit_wolf,risk_parity,0.006110,0.005808,0.000037,0.000034,16.000000,0.078610,1533.897945,5.349601,0.541953,0.063492,0.001071,0.000001
2023-11-21,ledoit_wolf,hrp,0.005660,0.005539,0.000032,0.000031,12.425762,0.104802,1533.897945,5.349601,0.541953,0.063492,0.001071,0.000001
2023-11-21,ledoit_wolf,max_diversification,0.005379,0.005457,0.000029,0.000030,7.099309,0.154116,1533.897945,5.349601,0.541953,0.063492,0.001071,0.000001
2023-11-21,constant_corr,equal_weight,0.007455,0.006287,0.000056,0.000040,13.677465,0.062500,1533.897945,5.349601,0.541953,0.063492,0.001071,0.000001
2023-11-21,constant_corr,inverse_variance,0.006197,0.005634,0.000038,0.000032,14.391146,0.084426,1533.897945,5.349601,0.541953,0.063492,0.001071,0.000001
2023-11-21,constant_corr,minimum_variance,0.004743,0.005550,0.000022,0.000031,4.759676,0.210751,1533.897945,5.349601,0.541953,0.063492,0.001071,0.000001
2023-11-21,constant_corr,risk_parity,0.006147,0.005802,0.000038,0.000034,16.000000,0.079122,1533.897945,5.349601,0.541953,0.063492,0.001071,0.000001
2023-11-21,constant_corr,hrp,0.005722,0.005634,0.000033,0.000032,13.331252,0.101128,1533.897945,5.349601,0.541953,0.063492,0.001071,0.000001
2023-11-21,constant_corr,max_diversification,0.005412,0.005471,0.000029,0.000030,7.019798,0.154895,1533.897945,5.349601,0.541953,0.063492,0.001071,0.000001
2023-11-21,rmt_hard,equal_weight,0.007471,0.006287,0.000056,0.000040,13.675965,0.062500,1533.897945,5.349601,0.541953,0.063492,0.001071,0.000001
2023-11-21,rmt_hard,inverse_variance,0.006232,0.005667,0.000039,0.000032,14.325319,0.083766,1533.897945,5.349601,0.541953,0.063492,0.001071,0.000001
2023-11-21,rmt_hard,minimum_variance,0.004760,0.005557,0.000023,0.000031,4.763245,0.211132,1533.897945,5.349601,0.541953,0.063492,0.001071,0.000001
2023-11-21,rmt_hard,risk_parity,0.006160,0.005802,0.000038,0.000034,16.000000,0.079100,1533.897945,5.349601,0.541953,0.063492,0.001071,0.000001
2023-11-21,rmt_hard,hrp,0.005820,0.005324,0.000034,0.000028,14.081386,0.097678,1533.897945,5.349601,0.541953,0.063492,0.001071,0.000001
2023-11-21,rmt_hard,max_diversification,0.005417,0.005418,0.000029,0.000029,6.850337,0.155533,1533.897945,5.349601,0.541953,0.063492,0.001071,0.000001
2023-11-21,rmt_soft,equal_weight,0.007471,0.006287,0.000056,0.000040,13.676688,0.062500,1533.897945,5.349601,0.541953,0.063492,0.001071,0.000001
2023-11-21,rmt_soft,inverse_variance,0.006221,0.005663,0.000039,0.000032,14.437313,0.083737,1533.897945,5.349601,0.541953,0.063492,0.001071,0.000001
2023-11-21,rmt_soft,minimum_variance,0.004762,0.005554,0.000023,0.000031,4.759629,0.211071,1533.897945,5.349601,0.541953,0.063492,0.001071,0.000001
2023-11-21,rmt_soft,risk_parity,0.006160,0.005802,0.000038,0.000034,16.000000,0.079110,1533.897945,5.349601,0.541953,0.063492,0.001071,0.000001
2023-11-21,rmt_soft,hrp,0.005709,0.005503,0.000033,0.000030,12.298006,0.105206,1533.897945,5.349601,0.541953,0.063492,0.001071,0.000001
2023-11-21,rmt_soft,max_diversification,0.005430,0.005449,0.000029,0.000030,6.981756,0.154847,1533.897945,5.349601,0.541953,0.063492,0.001071,0.000001
2023-11-21,rmt_rie,equal_weight,0.007014,0.006287,0.000049,0.000040,13.678330,0.062500,1533.897945,5.349601,0.541953,0.063492,0.001071,0.000001
2023-11-21,rmt_rie,inverse_variance,0.005828,0.005608,0.000034,0.000031,14.360645,0.085053,1533.897945,5.349601,0.541953,0.063492,0.001071,0.000001
2023-11-21,rmt_rie,minimum_variance,0.004509,0.005526,0.000020,0.000031,4.803023,0.208680,1533.897945,5.349601,0.541953,0.063492,0.001071,0.000001
2023-11-21,rmt_rie,risk_parity,0.005789,0.005799,0.000034,0.000034,16.000000,0.079001,1533.897945,5.349601,0.541953,0.063492,0.001071,0.000001
2023-11-21,rmt_rie,hrp,0.005376,0.005518,0.000029,0.000030,13.514691,0.103725,1533.897945,5.349601,0.541953,0.063492,0.001071,0.000001
2023-11-21,rmt_rie,max_diversification,0.005164,0.005574,0.000027,0.000031,7.365867,0.147186,1533.897945,5.349601,0.541953,0.063492,0.001071,0.000001
2023-11-21,factor_model,equal_weight,0.007569,0.006287,0.000057,0.000040,13.666072,0.062500,1533.897945,5.349601,0.541953,0.063492,0.001071,0.000001
2023-11-21,factor_model,inverse_variance,0.006276,0.005634,0.000039,0.000032,14.472212,0.084426,1533.897945,5.349601,0.541953,0.063492,0.001071,0.000001
2023-11-21,factor_model,minimum_variance,0.004746,0.005465,0.000023,0.000030,4.821976,0.208691,1533.897945,5.349601,0.541953,0.063492,0.001071,0.000001
2023-11-21,factor_model,risk_parity,0.006176,0.005741,0.000038,0.000033,16.000000,0.080704,1533.897945,5.349601,0.541953,0.063492,0.001071,0.000001
2023-11-21,factor_model,hrp,0.005724,0.005476,0.000033,0.000030,13.383600,0.101658,1533.897945,5.349601,0.541953,0.063492,0.001071,0.000001
2023-11-21,factor_model,max_diversification,0.005446,0.005810,0.000030,0.000034,4.939697,0.196034,1533.897945,5.349601,0.541953,0.063492,0.001071,0.000001
2023-12-21,sample,equal_weight,0.007083,0.004913,0.000050,0.000024,13.645255,0.062500,1396.288634,5.619610,0.518958,0.063492,0.000967,0.000001
2023-12-21,sample,inverse_variance,0.005960,0.004146,0.000036,0.000017,14.287931,0.082828,1396.288634,5.619610,0.518958,0.063492,0.000967,0.000001
2023-12-21,sample,minimum_variance,0.004614,0.003390,0.000021,0.000011,5.173776,0.196447,1396.288634,5.619610,0.518958,0.063492,0.000967,0.000001
2023-12-21,sample,risk_parity,0.005868,0.004211,0.000034,0.000018,16.000000,0.078305,1396.288634,5.619610,0.518958,0.063492,0.000967,0.000001
2023-12-21,sample,hrp,0.005423,0.003823,0.000029,0.000015,12.094888,0.105429,1396.288634,5.619610,0.518958,0.063492,0.000967,0.000001
2023-12-21,sample,max_diversification,0.005131,0.004104,0.000026,0.000017,6.563685,0.160371,1396.288634,5.619610,0.518958,0.063492,0.000967,0.000001
2023-12-21,ledoit_wolf,equal_weight,0.006993,0.004913,0.000049,0.000024,13.659995,0.062500,1396.288634,5.619610,0.518958,0.063492,0.000967,0.000001
2023-12-21,ledoit_wolf,inverse_variance,0.005939,0.004177,0.000035,0.000017,14.337536,0.081049,1396.288634,5.619610,0.518958,0.063492,0.000967,0.000001
2023-12-21,ledoit_wolf,minimum_variance,0.004609,0.003386,0.000021,0.000011,5.266671,0.193867,1396.288634,5.619610,0.518958,0.063492,0.000967,0.000001
2023-12-21,ledoit_wolf,risk_parity,0.005818,0.004219,0.000034,0.000018,16.000000,0.077760,1396.288634,5.619610,0.518958,0.063492,0.000967,0.000001
2023-12-21,ledoit_wolf,hrp,0.005401,0.003837,0.000029,0.000015,12.212204,0.103398,1396.288634,5.619610,0.518958,0.063492,0.000967,0.000001
2023-12-21,ledoit_wolf,max_diversification,0.005084,0.004063,0.000026,0.000017,6.763776,0.156335,1396.288634,5.619610,0.518958,0.063492,0.000967,0.000001
2023-12-21,constant_corr,equal_weight,0.007068,0.004913,0.000050,0.000024,13.645255,0.062500,1396.288634,5.619610,0.518958,0.063492,0.000967,0.000001
2023-12-21,constant_corr,inverse_variance,0.005948,0.004146,0.000035,0.000017,14.287931,0.082828,1396.288634,5.619610,0.518958,0.063492,0.000967,0.000001
2023-12-21,constant_corr,minimum_variance,0.004605,0.003390,0.000021,0.000011,5.173798,0.196446,1396.288634,5.619610,0.518958,0.063492,0.000967,0.000001
2023-12-21,constant_corr,risk_parity,0.005857,0.004211,0.000034,0.000018,16.000000,0.078305,1396.288634,5.619610,0.518958,0.063492,0.000967,0.000001
2023-12-21,constant_corr,hrp,0.005413,0.003823,0.000029,0.000015,12.094888,0.105429,1396.288634,5.619610,0.518958,0.063492,0.000967,0.000001
2023-12-21,constant_corr,max_diversification,0.005121,0.004104,0.000026,0.000017,6.563685,0.160371,1396.288634,5.619610,0.518958,0.063492,0.000967,0.000001
2023-12-21,rmt_hard,equal_weight,0.007083,0.004913,0.000050,0.000024,13.643521,0.062500,1396.288634,5.619610,0.518958,0.063492,0.000967,0.000001
2023-12-21,rmt_hard,inverse_variance,0.005980,0.004146,0.000036,0.000017,14.246972,0.082164,1396.288634,5.619610,0.518958,0.063492,0.000967,0.000001
2023-12-21,rmt_hard,minimum_variance,0.004626,0.003409,0.000021,0.000012,5.115173,0.198560,1396.288634,5.619610,0.518958,0.063492,0.000967,0.000001
2023-12-21,rmt_hard,risk_parity,0.005869,0.004211,0.000034,0.000018,16.000000,0.078260,1396.288634,5.619610,0.518958,0.063492,0.000967,0.000001
2023-12-21,rmt_hard,hrp,0.005578,0.003919,0.000031,0.000015,14.104819,0.094793,1396.288634,5.619610,0.518958,0.063492,0.000967,0.000001
2023-12-21,rmt_hard,max_diversification,0.005100,0.004168,0.000026,0.000017,6.093018,0.168564,1396.288634,5.619610,0.518958,0.063492,0.000967,0.000001
2023-12-21,rmt_soft,equal_weight,0.007084,0.004913,0.000050,0.000024,13.645228,0.062500,1396.288634,5.619610,0.518958,0.063492,0.000967,0.000001
2023-12-21,rmt_soft,inverse_variance,0.005974,0.004152,0.000036,0.000017,14.361765,0.082010,1396.288634,5.619610,0.518958,0.063492,0.000967,0.000001
2023-12-21,rmt_soft,minimum_variance,0.004626,0.003396,0.000021,0.000012,5.147305,0.197479,1396.288634,5.619610,0.518958,0.063492,0.000967,0.000001
2023-12-21,rmt_soft,risk_parity,0.005870,0.004211,0.000034,0.000018,16.000000,0.078275,1396.288634,5.619610,0.518958,0.063492,0.000967,0.000001
2023-12-21,rmt_soft,hrp,0.005596,0.003932,0.000031,0.000015,14.224404,0.094427,1396.288634,5.619610,0.518958,0.063492,0.000967,0.000001
2023-12-21,rmt_soft,max_diversification,0.005145,0.004120,0.000026,0.000017,6.528104,0.160825,1396.288634,5.619610,0.518958,0.063492,0.000967,0.000001
2023-12-21,rmt_rie,equal_weight,0.006649,0.004913,0.000044,0.000024,13.650482,0.062500,1396.288634,5.619610,0.518958,0.063492,0.000967,0.000001
2023-12-21,rmt_rie,inverse_variance,0.005587,0.004140,0.000031,0.000017,14.245925,0.083715,1396.288634,5.619610,0.518958,0.063492,0.000967,0.000001
2023-12-21,rmt_rie,minimum_variance,0.004394,0.003368,0.000019,0.000011,5.289310,0.192712,1396.288634,5.619610,0.518958,0.063492,0.000967,0.000001
2023-12-21,rmt_rie,risk_parity,0.005520,0.004212,0.000030,0.000018,16.000000,0.078145,1396.288634,5.619610,0.518958,0.063492,0.000967,0.000001
2023-12-21,rmt_rie,hrp,0.005145,0.003808,0.000026,0.000014,12.425005,0.104570,1396.288634,5.619610,0.518958,0.063492,0.000967,0.000001
2023-12-21,rmt_rie,max_diversification,0.004876,0.004034,0.000024,0.000016,7.062800,0.152018,1396.288634,5.619610,0.518958,0.063492,0.000967,0.000001
2023-12-21,factor_model,equal_weight,0.007179,0.004913,0.000052,0.000024,13.600699,0.062500,1396.288634,5.619610,0.518958,0.063492,0.000967,0.000001
2023-12-21,factor_model,inverse_variance,0.006016,0.004146,0.000036,0.000017,14.380382,0.082828,1396.288634,5.619610,0.518958,0.063492,0.000967,0.000001
2023-12-21,factor_model,minimum_variance,0.004539,0.003438,0.000021,0.000012,5.324060,0.192368,1396.288634,5.619610,0.518958,0.063492,0.000967,0.000001
2023-12-21,factor_model,risk_parity,0.005863,0.004191,0.000034,0.000018,16.000000,0.080087,1396.288634,5.619610,0.518958,0.063492,0.000967,0.000001
2023-12-21,factor_model,hrp,0.005424,0.003943,0.000029,0.000016,13.035331,0.102205,1396.288634,5.619610,0.518958,0.063492,0.000967,0.000001
2023-12-21,factor_model,max_diversification,0.005111,0.004845,0.000026,0.000023,4.974637,0.192209,1396.288634,5.619610,0.518958,0.063492,0.000967,0.000001
2024-01-24,sample,equal_weight,0.006703,0.007376,0.000045,0.000054,13.592071,0.062500,1253.026664,5.834771,0.501148,0.063492,0.000872,0.000001
2024-01-24,sample,inverse_variance,0.005619,0.006389,0.000032,0.000041,14.230594,0.083310,1253.026664,5.834771,0.501148,0.063492,0.000872,0.000001
2024-01-24,sample,minimum_variance,0.004371,0.005168,0.000019,0.000027,5.336333,0.192649,1253.026664,5.834771,0.501148,0.063492,0.000872,0.000001
2024-01-24,sample,risk_parity,0.005554,0.006415,0.000031,0.000041,16.000000,0.078011,1253.026664,5.834771,0.501148,0.063492,0.000872,0.000001
2024-01-24,sample,hrp,0.005231,0.006044,0.000027,0.000037,12.348539,0.101814,1253.026664,5.834771,0.501148,0.063492,0.000872,0.000001
2024-01-24,sample,max_diversification,0.004829,0.005406,0.000023,0.000029,6.632492,0.161223,1253.026664,5.834771,0.501148,0.063492,0.000872,0.000001
2024-01-24,ledoit_wolf,equal_weight,0.006611,0.007376,0.000044,0.000054,13.609575,0.062500,1253.026664,5.834771,0.501148,0.063492,0.000872,0.000001
2024-01-24,ledoit_wolf,inverse_variance,0.005599,0.006431,0.000031,0.000041,14.292144,0.081305,1253.026664,5.834771,0.501148,0.063492,0.000872,0.000001
2024-01-24,ledoit_wolf,minimum_variance,0.004368,0.005165,0.000019,0.000027,5.427381,0.189653,1253.026664,5.834771,0.501148,0.063492,0.000872,0.000001
2024-01-24,ledoit_wolf,risk_parity,0.005503,0.006429,0.000030,0.000041,16.000000,0.077424,1253.026664,5.834771,0.501148,0.063492,0.000872,0.000001
2024-01-24,ledoit_wolf,hrp,0.005285,0.006160,0.000028,0.000038,14.233590,0.091304,1253.026664,5.834771,0.501148,0.063492,0.000872,0.000001
2024-01-24,ledoit_wolf,max_diversification,0.004793,0.005397,0.000023,0.000029,6.813664,0.157891,1253.026664,5.834771,0.501148,0.063492,0.000872,0.000001
2024-01-24,constant_corr,equal_weight,0.006690,0.007376,0.000045,0.000054,13.592071,0.062500,1253.026664,5.834771,0.501148,0.063492,0.000872,0.000001
2024-01-24,constant_corr,inverse_variance,0.005608,0.006389,0.000031,0.000041,14.230594,0.083310,1253.026664,5.834771,0.501148,0.063492,0.000872,0.000001
2024-01-24,constant_corr,minimum_variance,0.004362,0.005168,0.000019,0.000027,5.336367,0.192648,1253.026664,5.834771,0.501148,0.063492,0.000872,0.000001
2024-01-24,constant_corr,risk_parity,0.005543,0.006415,0.000031,0.000041,16.000000,0.078011,1253.026664,5.834771,0.501148,0.063492,0.000872,0.000001
2024-01-24,constant_corr,hrp,0.005220,0.006044,0.000027,0.000037,12.348539,0.101814,1253.026664,5.834771,0.501148,0.063492,0.000872,0.000001
2024-01-24,constant_corr,max_diversification,0.004819,0.005406,0.000023,0.000029,6.632492,0.161223,1253.026664,5.834771,0.501148,0.063492,0.000872,0.000001
2024-01-24,rmt_hard,equal_weight,0.006704,0.007376,0.000045,0.000054,13.591328,0.062500,1253.026664,5.834771,0.501148,0.063492,0.000872,0.000001
2024-01-24,rmt_hard,inverse_variance,0.005635,0.006396,0.000032,0.000041,14.166241,0.082825,1253.026664,5.834771,0.501148,0.063492,0.000872,0.000001
2024-01-24,rmt_hard,minimum_variance,0.004382,0.005178,0.000019,0.000027,5.389956,0.192163,1253.026664,5.834771,0.501148,0.063492,0.000872,0.000001
2024-01-24,rmt_hard,risk_parity,0.005555,0.006417,0.000031,0.000041,16.000000,0.077963,1253.026664,5.834771,0.501148,0.063492,0.000872,0.000001
2024-01-24,rmt_hard,hrp,0.005298,0.006060,0.000028,0.000037,14.044708,0.093667,1253.026664,5.834771,0.501148,0.063492,0.000872,0.000001
2024-01-24,rmt_hard,max_diversification,0.004821,0.005458,0.000023,0.000030,6.332488,0.165462,1253.026664,5.834771,0.501148,0.063492,0.000872,0.000001
2024-01-24,rmt_soft,equal_weight,0.006705,0.007376,0.000045,0.000054,13.591806,0.062500,1253.026664,5.834771,0.501148,0.063492,0.000872,0.000001
2024-01-24,rmt_soft,inverse_variance,0.005633,0.006404,0.000032,0.000041,14.314246,0.082449,1253.026664,5.834771,0.501148,0.063492,0.000872,0.000001
2024-01-24,rmt_soft,minimum_variance,0.004384,0.005178,0.000019,0.000027,5.340056,0.192676,1253.026664,5.834771,0.501148,0.063492,0.000872,0.000001
2024-01-24,rmt_soft,risk_parity,0.005556,0.006416,0.000031,0.000041,16.000000,0.077977,1253.026664,5.834771,0.501148,0.063492,0.000872,0.000001
2024-01-24,rmt_soft,hrp,0.005283,0.006043,0.000028,0.000037,14.103766,0.093818,1253.026664,5.834771,0.501148,0.063492,0.000872,0.000001
2024-01-24,rmt_soft,max_diversification,0.004850,0.005424,0.000024,0.000029,6.631743,0.160834,1253.026664,5.834771,0.501148,0.063492,0.000872,0.000001
2024-01-24,rmt_rie,equal_weight,0.006292,0.007376,0.000040,0.000054,13.596489,0.062500,1253.026664,5.834771,0.501148,0.063492,0.000872,0.000001
2024-01-24,rmt_rie,inverse_variance,0.005262,0.006376,0.000028,0.000041,14.193583,0.084213,1253.026664,5.834771,0.501148,0.063492,0.000872,0.000001
2024-01-24,rmt_rie,minimum_variance,0.004154,0.005173,0.000017,0.000027,5.454093,0.188732,1253.026664,5.834771,0.501148,0.063492,0.000872,0.000001
2024-01-24,rmt_rie,risk_parity,0.005223,0.006421,0.000027,0.000041,16.000000,0.077872,1253.026664,5.834771,0.501148,0.063492,0.000872,0.000001
2024-01-24,rmt_rie,hrp,0.004897,0.006026,0.000024,0.000036,12.378759,0.102606,1253.026664,5.834771,0.501148,0.063492,0.000872,0.000001
2024-01-24,rmt_rie,max_diversification,0.004590,0.005441,0.000021,0.000030,7.007252,0.155264,1253.026664,5.834771,0.501148,0.063492,0.000872,0.000001
2024-01-24,factor_model,equal_weight,0.006799,0.007376,0.000046,0.000054,13.532238,0.062500,1253.026664,5.834771,0.501148,0.063492,0.000872,0.000001
2024-01-24,factor_model,inverse_variance,0.005673,0.006389,0.000032,0.000041,14.322721,0.083310,1253.026664,5.834771,0.501148,0.063492,0.000872,0.000001
2024-01-24,factor_model,minimum_variance,0.004301,0.005070,0.000019,0.000026,5.624779,0.184123,1253.026664,5.834771,0.501148,0.063492,0.000872,0.000001
2024-01-24,factor_model,risk_parity,0.005544,0.006349,0.000031,0.000040,16.000000,0.079861,1253.026664,5.834771,0.501148,0.063492,0.000872,0.000001
2024-01-24,factor_model,hrp,0.005146,0.006007,0.000026,0.000036,12.858954,0.102169,1253.026664,5.834771,0.501148,0.063492,0.000872,0.000001
2024-01-24,factor_model,max_diversification,0.004816,0.005485,0.000023,0.000030,4.807239,0.199838,1253.026664,5.834771,0.501148,0.063492,0.000872,0.000001
2024-02-23,sample,equal_weight,0.006609,0.003874,0.000044,0.000015,13.650028,0.062500,1132.203013,5.881667,0.499365,0.063492,0.000843,0.000001
2024-02-23,sample,inverse_variance,0.005574,0.003486,0.000031,0.000012,14.297044,0.081938,1132.203013,5.881667,0.499365,0.063492,0.000843,0.000001
2024-02-23,sample,minimum_variance,0.004344,0.003158,0.000019,0.000010,5.602461,0.184719,1132.203013,5.881667,0.499365,0.063492,0.000843,0.000001
2024-02-23,sample,risk_parity,0.005510,0.003442,0.000030,0.000012,16.000000,0.077613,1132.203013,5.881667,0.499365,0.063492,0.000843,0.000001
2024-02-23,sample,hrp,0.005210,0.003276,0.000027,0.000011,12.492280,0.099848,1132.203013,5.881667,0.499365,0.063492,0.000843,0.000001
2024-02-23,sample,max_diversification,0.004772,0.003183,0.000023,0.000010,6.436989,0.159183,1132.203013,5.881667,0.499365,0.063492,0.000843,0.000001
2024-02-23,ledoit_wolf,equal_weight,0.006518,0.003874,0.000042,0.000015,13.667233,0.062500,1132.203013,5.881667,0.499365,0.063492,0.000843,0.000001
2024-02-23,ledoit_wolf,inverse_variance,0.005551,0.003507,0.000031,0.000012,14.357197,0.080128,1132.203013,5.881667,0.499365,0.063492,0.000843,0.000001
2024-02-23,ledoit_wolf,minimum_variance,0.004337,0.003157,0.000019,0.000010,5.679873,0.182677,1132.203013,5.881667,0.499365,0.063492,0.000843,0.000001
2024-02-23,ledoit_wolf,risk_parity,0.005458,0.003448,0.000030,0.000012,16.000000,0.077028,1132.203013,5.881667,0.499365,0.063492,0.000843,0.000001
2024-02-23,ledoit_wolf,hrp,0.005118,0.003358,0.000026,0.000011,12.400431,0.100113,1132.203013,5.881667,0.499365,0.063492,0.000843,0.000001
2024-02-23,ledoit_wolf,max_diversification,0.004725,0.003159,0.000022,0.000010,6.668330,0.155668,1132.203013,5.881667,0.499365,0.063492,0.000843,0.000001
2024-02-23,constant_corr,equal_weight,0.006596,0.003874,0.000044,0.000015,13.650028,0.062500,1132.203013,5.881667,0.499365,0.063492,0.000843,0.000001
2024-02-23,constant_corr,inverse_variance,0.005563,0.003486,0.000031,0.000012,14.297044,0.081938,1132.203013,5.881667,0.499365,0.063492,0.000843,0.000001
2024-02-23,constant_corr,minimum_variance,0.004335,0.003158,0.000019,0.000010,5.602471,0.184719,1132.203013,5.881667,0.499365,0.063492,0.000843,0.000001
2024-02-23,constant_corr,risk_parity,0.005499,0.003442,0.000030,0.000012,16.000000,0.077613,1132.203013,5.881667,0.499365,0.063492,0.000843,0.000001
2024-02-23,constant_corr,hrp,0.005200,0.003276,0.000027,0.000011,12.492281,0.099848,1132.203013,5.881667,0.499365,0.063492,0.000843,0.000001
2024-02-23,constant_corr,max_diversification,0.004762,0.003183,0.000023,0.000010,6.436989,0.159183,1132.203013,5.881667,0.499365,0.063492,0.000843,0.000001
2024-02-23,rmt_hard,equal_weight,0.006610,0.003874,0.000044,0.000015,13.651298,0.062500,1132.203013,5.881667,0.499365,0.063492,0.000843,0.000001
2024-02-23,rmt_hard,inverse_variance,0.005613,0.003506,0.000032,0.000012,14.393173,0.080349,1132.203013,5.881667,0.499365,0.063492,0.000843,0.000001
2024-02-23,rmt_hard,minimum_variance,0.004355,0.003158,0.000019,0.000010,5.579761,0.185321,1132.203013,5.881667,0.499365,0.063492,0.000843,0.000001
2024-02-23,rmt_hard,risk_parity,0.005512,0.003443,0.000030,0.000012,16.000000,0.077552,1132.203013,5.881667,0.499365,0.063492,0.000843,0.000001
2024-02-23,rmt_hard,hrp,0.005249,0.003414,0.000028,0.000012,14.175060,0.091450,1132.203013,5.881667,0.499365,0.063492,0.000843,0.000001
2024-02-23,rmt_hard,max_diversification,0.004797,0.003231,0.000023,0.000010,5.760759,0.169355,1132.203013,5.881667,0.499365,0.063492,0.000843,0.000001
2024-02-23,rmt_soft,equal_weight,0.006610,0.003874,0.000044,0.000015,13.650290,0.062500,1132.203013,5.881667,0.499365,0.063492,0.000843,0.000001
2024-02-23,rmt_soft,inverse_variance,0.005593,0.003492,0.000031,0.000012,14.379042,0.081030,1132.203013,5.881667,0.499365,0.063492,0.000843,0.000001
2024-02-23,rmt_soft,minimum_variance,0.004356,0.003158,0.000019,0.000010,5.572690,0.185517,1132.203013,5.881667,0.499365,0.063492,0.000843,0.000001
2024-02-23,rmt_soft,risk_parity,0.005512,0.003443,0.000030,0.000012,16.000000,0.077565,1132.203013,5.881667,0.499365,0.063492,0.000843,0.000001
2024-02-23,rmt_soft,hrp,0.005235,0.003398,0.000027,0.000012,14.160951,0.092233,1132.203013,5.881667,0.499365,0.063492,0.000843,0.000001
2024-02-23,rmt_soft,max_diversification,0.004796,0.003175,0.000023,0.000010,6.341861,0.159927,1132.203013,5.881667,0.499365,0.063492,0.000843,0.000001
2024-02-23,rmt_rie,equal_weight,0.006202,0.003874,0.000038,0.000015,13.649849,0.062500,1132.203013,5.881667,0.499365,0.063492,0.000843,0.000001
2024-02-23,rmt_rie,inverse_variance,0.005218,0.003477,0.000027,0.000012,14.266976,0.082762,1132.203013,5.881667,0.499365,0.063492,0.000843,0.000001
2024-02-23,rmt_rie,minimum_variance,0.004118,0.003168,0.000017,0.000010,5.692263,0.182371,1132.203013,5.881667,0.499365,0.063492,0.000843,0.000001
2024-02-23,rmt_rie,risk_parity,0.005178,0.003443,0.000027,0.000012,16.000000,0.077503,1132.203013,5.881667,0.499365,0.063492,0.000843,0.000001
2024-02-23,rmt_rie,hrp,0.004820,0.003333,0.000023,0.000011,12.310810,0.102219,1132.203013,5.881667,0.499365,0.063492,0.000843,0.000001
2024-02-23,rmt_rie,max_diversification,0.004524,0.003152,0.000020,0.000010,6.856700,0.152573,1132.203013,5.881667,0.499365,0.063492,0.000843,0.000001
2024-02-23,factor_model,equal_weight,0.006702,0.003874,0.000045,0.000015,13.566788,0.062500,1132.203013,5.881667,0.499365,0.063492,0.000843,0.000001
2024-02-23,factor_model,inverse_variance,0.005624,0.003486,0.000032,0.000012,14.374725,0.081938,1132.203013,5.881667,0.499365,0.063492,0.000843,0.000001
2024-02-23,factor_model,minimum_variance,0.004262,0.003230,0.000018,0.000010,5.781668,0.180073,1132.203013,5.881667,0.499365,0.063492,0.000843,0.000001
2024-02-23,factor_model,risk_parity,0.005493,0.003415,0.000030,0.000012,16.000000,0.079410,1132.203013,5.881667,0.499365,0.063492,0.000843,0.000001
2024-02-23,factor_model,hrp,0.005196,0.003382,0.000027,0.000011,13.858548,0.096234,1132.203013,5.881667,0.499365,0.063492,0.000843,0.000001
2024-02-23,factor_model,max_diversification,0.004712,0.003488,0.000022,0.000012,4.623236,0.205543,1132.203013,5.881667,0.499365,0.063492,0.000843,0.000001
2024-03-25,sample,equal_weight,0.006255,0.006431,0.000039,0.000041,14.048095,0.062500,1100.177544,6.137902,0.483325,0.063492,0.000726,0.000001
2024-03-25,sample,inverse_variance,0.005337,0.005572,0.000028,0.000031,14.476457,0.082811,1100.177544,6.137902,0.483325,0.063492,0.000726,0.000001
2024-03-25,sample,minimum_variance,0.004234,0.004428,0.000018,0.000020,5.537579,0.186464,1100.177544,6.137902,0.483325,0.063492,0.000726,0.000001
2024-03-25,sample,risk_parity,0.005408,0.005551,0.000029,0.000031,16.000000,0.073988,1100.177544,6.137902,0.483325,0.063492,0.000726,0.000001
2024-03-25,sample,hrp,0.005092,0.005225,0.000026,0.000027,14.262300,0.093229,1100.177544,6.137902,0.483325,0.063492,0.000726,0.000001
2024-03-25,sample,max_diversification,0.004683,0.004603,0.000022,0.000021,6.098339,0.162724,1100.177544,6.137902,0.483325,0.063492,0.000726,0.000001
2024-03-25,ledoit_wolf,equal_weight,0.006163,0.006431,0.000038,0.000041,14.063680,0.062500,1100.177544,6.137902,0.483325,0.063492,0.000726,0.000001
2024-03-25,ledoit_wolf,inverse_variance,0.005311,0.005615,0.000028,0.000032,14.548709,0.080732,1100.177544,6.137902,0.483325,0.063492,0.000726,0.000001
2024-03-25,ledoit_wolf,minimum_variance,0.004224,0.004434,0.000018,0.000020,5.630737,0.183940,1100.177544,6.137902,0.483325,0.063492,0.000726,0.000001
2024-03-25,ledoit_wolf,risk_parity,0.005347,0.005564,0.000029,0.000031,16.000000,0.073562,1100.177544,6.137902,0.483325,0.063492,0.000726,0.000001
2024-03-25,ledoit_wolf,hrp,0.005057,0.005230,0.000026,0.000027,14.367457,0.089991,1100.177544,6.137902,0.483325,0.063492,0.000726,0.000001
2024-03-25,ledoit_wolf,max_diversification,0.004647,0.004591,0.000022,0.000021,6.361112,0.157206,1100.177544,6.137902,0.483325,0.063492,0.000726,0.000001
2024-03-25,constant_corr,equal_weight,0.006242,0.006431,0.000039,0.000041,14.048095,0.062500,1100.177544,6.137902,0.483325,0.063492,0.000726,0.000001
2024-03-25,constant_corr,inverse_variance,0.005327,0.005572,0.000028,0.000031,14.476457,0.082811,1100.177544,6.137902,0.483325,0.063492,0.000726,0.000001
2024-03-25,constant_corr,minimum_variance,0.004226,0.004428,0.000018,0.000020,5.537580,0.186464,1100.177544,6.137902,0.483325,0.063492,0.000726,0.000001
2024-03-25,constant_corr,risk_parity,0.005397,0.005551,0.000029,0.000031,16.000000,0.073988,1100.177544,6.137902,0.483325,0.063492,0.000726,0.000001
2024-03-25,constant_corr,hrp,0.005082,0.005225,0.000026,0.000027,14.262300,0.093229,1100.177544,6.137902,0.483325,0.063492,0.000726,0.000001
2024-03-25,constant_corr,max_diversification,0.004674,0.004603,0.000022,0.000021,6.098339,0.162724,1100.177544,6.137902,0.483325,0.063492,0.000726,0.000001
2024-03-25,rmt_hard,equal_weight,0.006256,0.006431,0.000039,0.000041,14.049860,0.062500,1100.177544,6.137902,0.483325,0.063492,0.000726,0.000001
2024-03-25,rmt_hard,inverse_variance,0.005375,0.005614,0.000029,0.000032,14.580163,0.081003,1100.177544,6.137902,0.483325,0.063492,0.000726,0.000001
2024-03-25,rmt_hard,minimum_variance,0.004246,0.004411,0.000018,0.000019,5.506261,0.187325,1100.177544,6.137902,0.483325,0.063492,0.000726,0.000001
2024-03-25,rmt_hard,risk_parity,0.005409,0.005551,0.000029,0.000031,16.000000,0.073971,1100.177544,6.137902,0.483325,0.063492,0.000726,0.000001
2024-03-25,rmt_hard,hrp,0.005060,0.005243,0.000026,0.000027,14.273967,0.092401,1100.177544,6.137902,0.483325,0.063492,0.000726,0.000001
2024-03-25,rmt_hard,max_diversification,0.004784,0.004662,0.000023,0.000022,5.947266,0.158741,1100.177544,6.137902,0.483325,0.063492,0.000726,0.000001
2024-03-25,rmt_soft,equal_weight,0.006256,0.006431,0.000039,0.000041,14.048598,0.062500,1100.177544,6.137902,0.483325,0.063492,0.000726,0.000001
2024-03-25,rmt_soft,inverse_variance,0.005356,0.005595,0.000029,0.000031,14.564704,0.081724,1100.177544,6.137902,0.483325,0.063492,0.000726,0.000001
2024-03-25,rmt_soft,minimum_variance,0.004247,0.004422,0.000018,0.000020,5.509639,0.187235,1100.177544,6.137902,0.483325,0.063492,0.000726,0.000001
2024-03-25,rmt_soft,risk_parity,0.005409,0.005551,0.000029,0.000031,16.000000,0.073978,1100.177544,6.137902,0.483325,0.063492,0.000726,0.000001
2024-03-25,rmt_soft,hrp,0.005079,0.005234,0.000026,0.000027,14.407102,0.091919,1100.177544,6.137902,0.483325,0.063492,0.000726,0.000001
2024-03-25,rmt_soft,max_diversification,0.004771,0.004634,0.000023,0.000021,6.188470,0.155441,1100.177544,6.137902,0.483325,0.063492,0.000726,0.000001
2024-03-25,rmt_rie,equal_weight,0.005869,0.006431,0.000034,0.000041,14.047777,0.062500,1100.177544,6.137902,0.483325,0.063492,0.000726,0.000001
2024-03-25,rmt_rie,inverse_variance,0.005000,0.005558,0.000025,0.000031,14.381706,0.083812,1100.177544,6.137902,0.483325,0.063492,0.000726,0.000001
2024-03-25,rmt_rie,minimum_variance,0.004013,0.004452,0.000016,0.000020,5.621077,0.184216,1100.177544,6.137902,0.483325,0.063492,0.000726,0.000001
2024-03-25,rmt_rie,risk_parity,0.005079,0.005556,0.000026,0.000031,16.000000,0.073914,1100.177544,6.137902,0.483325,0.063492,0.000726,0.000001
2024-03-25,rmt_rie,hrp,0.004743,0.005184,0.000022,0.000027,14.018910,0.094818,1100.177544,6.137902,0.483325,0.063492,0.000726,0.000001
2024-03-25,rmt_rie,max_diversification,0.004488,0.004636,0.000020,0.000021,6.486629,0.152202,1100.177544,6.137902,0.483325,0.063492,0.000726,0.000001
2024-03-25,factor_model,equal_weight,0.006348,0.006431,0.000040,0.000041,13.935131,0.062500,1100.177544,6.137902,0.483325,0.063492,0.000726,0.000001
2024-03-25,factor_model,inverse_variance,0.005383,0.005572,0.000029,0.000031,14.551021,0.082811,1100.177544,6.137902,0.483325,0.063492,0.000726,0.000001
2024-03-25,factor_model,minimum_variance,0.004154,0.004401,0.000017,0.000019,5.666076,0.183038,1100.177544,6.137902,0.483325,0.063492,0.000726,0.000001
2024-03-25,factor_model,risk_parity,0.005405,0.005481,0.000029,0.000030,16.000000,0.075292,1100.177544,6.137902,0.483325,0.063492,0.000726,0.000001
2024-03-25,factor_model,hrp,0.005069,0.005119,0.000026,0.000026,14.042236,0.093805,1100.177544,6.137902,0.483325,0.063492,0.000726,0.000001
2024-03-25,factor_model,max_diversification,0.004679,0.004690,0.000022,0.000022,4.659888,0.203217,1100.177544,6.137902,0.483325,0.063492,0.000726,0.000001
2024-04-24,sample,equal_weight,0.006374,0.005709,0.000041,0.000033,14.066231,0.062500,1013.836499,5.984528,0.497228,0.063492,0.000751,0.000001
2024-04-24,sample,inverse_variance,0.005459,0.004868,0.000030,0.000024,14.497172,0.082634,1013.836499,5.984528,0.497228,0.063492,0.000751,0.000001
2024-04-24,sample,minimum_variance,0.004261,0.004381,0.000018,0.000019,5.211987,0.195674,1013.836499,5.984528,0.497228,0.063492,0.000751,0.000001
2024-04-24,sample,risk_parity,0.005510,0.005244,0.000030,0.000027,16.000000,0.073928,1013.836499,5.984528,0.497228,0.063492,0.000751,0.000001
2024-04-24,sample,hrp,0.005150,0.004799,0.000027,0.000023,14.138300,0.096061,1013.836499,5.984528,0.497228,0.063492,0.000751,0.000001
2024-04-24,sample,max_diversification,0.004647,0.005329,0.000022,0.000028,6.136911,0.163822,1013.836499,5.984528,0.497228,0.063492,0.000751,0.000001
2024-04-24,ledoit_wolf,equal_weight,0.006284,0.005709,0.000039,0.000033,14.080462,0.062500,1013.836499,5.984528,0.497228,0.063492,0.000751,0.000001
2024-04-24,ledoit_wolf,inverse_variance,0.005432,0.004904,0.000030,0.000024,14.567276,0.080622,1013.836499,5.984528,0.497228,0.063492,0.000751,0.000001
2024-04-24,ledoit_wolf,minimum_variance,0.004253,0.004397,0.000018,0.000019,5.273582,0.193955,1013.836499,5.984528,0.497228,0.063492,0.000751,0.000001
2024-04-24,ledoit_wolf,risk_parity,0.005450,0.005250,0.000030,0.000028,16.000000,0.073534,1013.836499,5.984528,0.497228,0.063492,0.000751,0.000001
2024-04-24,ledoit_wolf,hrp,0.005121,0.004810,0.000026,0.000023,14.331198,0.093173,1013.836499,5.984528,0.497228,0.063492,0.000751,0.000001
2024-04-24,ledoit_wolf,max_diversification,0.004615,0.005286,0.000021,0.000028,6.363214,0.159339,1013.836499,5.984528,0.497228,0.063492,0.000751,0.000001
2024-04-24,constant_corr,equal_weight,0.006361,0.005709,0.000040,0.000033,14.066231,0.062500,1013.836499,5.984528,0.497228,0.063492,0.000751,0.000001
2024-04-24,constant_corr,inverse_variance,0.005448,0.004868,0.000030,0.000024,14.497172,0.082634,1013.836499,5.984528,0.497228,0.063492,0.000751,0.000001
2024-04-24,constant_corr,minimum_variance,0.004252,0.004381,0.000018,0.000019,5.211998,0.195674,1013.836499,5.984528,0.497228,0.063492,0.000751,0.000001
2024-04-24,constant_corr,risk_parity,0.005499,0.005244,0.000030,0.000027,16.000000,0.073928,1013.836499,5.984528,0.497228,0.063492,0.000751,0.000001
2024-04-24,constant_corr,hrp,0.005140,0.004799,0.000026,0.000023,14.138300,0.096061,1013.836499,5.984528,0.497228,0.063492,0.000751,0.000001
2024-04-24,constant_corr,max_diversification,0.004638,0.005329,0.000022,0.000028,6.136911,0.163822,1013.836499,5.984528,0.497228,0.063492,0.000751,0.000001
2024-04-24,rmt_hard,equal_weight,0.006375,0.005709,0.000041,0.000033,14.065367,0.062500,1013.836499,5.984528,0.497228,0.063492,0.000751,0.000001
2024-04-24,rmt_hard,inverse_variance,0.005488,0.004870,0.000030,0.000024,14.548379,0.081143,1013.836499,5.984528,0.497228,0.063492,0.000751,0.000001
2024-04-24,rmt_hard,minimum_variance,0.004273,0.004380,0.000018,0.000019,5.187899,0.196578,1013.836499,5.984528,0.497228,0.063492,0.000751,0.000001
2024-04-24,rmt_hard,risk_parity,0.005511,0.005245,0.000030,0.000028,16.000000,0.073904,1013.836499,5.984528,0.497228,0.063492,0.000751,0.000001
2024-04-24,rmt_hard,hrp,0.005123,0.004792,0.000026,0.000023,14.174926,0.095063,1013.836499,5.984528,0.497228,0.063492,0.000751,0.000001
2024-04-24,rmt_hard,max_diversification,0.004785,0.005527,0.000023,0.000031,5.938842,0.160054,1013.836499,5.984528,0.497228,0.063492,0.000751,0.000001
2024-04-24,rmt_soft,equal_weight,0.006375,0.005709,0.000041,0.000033,14.065910,0.062500,1013.836499,5.984528,0.497228,0.063492,0.000751,0.000001
2024-04-24,rmt_soft,inverse_variance,0.005475,0.004873,0.000030,0.000024,14.573685,0.081595,1013.836499,5.984528,0.497228,0.063492,0.000751,0.000001
2024-04-24,rmt_soft,minimum_variance,0.004276,0.004375,0.000018,0.000019,5.195935,0.196307,1013.836499,5.984528,0.497228,0.063492,0.000751,0.000001
2024-04-24,rmt_soft,risk_parity,0.005511,0.005244,0.000030,0.000027,16.000000,0.073918,1013.836499,5.984528,0.497228,0.063492,0.000751,0.000001
2024-04-24,rmt_soft,hrp,0.005110,0.004782,0.000026,0.000023,14.133642,0.095770,1013.836499,5.984528,0.497228,0.063492,0.000751,0.000001
2024-04-24,rmt_soft,max_diversification,0.004746,0.005399,0.000023,0.000029,6.236828,0.156131,1013.836499,5.984528,0.497228,0.063492,0.000751,0.000001
2024-04-24,rmt_rie,equal_weight,0.005982,0.005709,0.000036,0.000033,14.068269,0.062500,1013.836499,5.984528,0.497228,0.063492,0.000751,0.000001
2024-04-24,rmt_rie,inverse_variance,0.005127,0.004857,0.000026,0.000024,14.396699,0.083429,1013.836499,5.984528,0.497228,0.063492,0.000751,0.000001
2024-04-24,rmt_rie,minimum_variance,0.004055,0.004349,0.000016,0.000019,5.270192,0.193590,1013.836499,5.984528,0.497228,0.063492,0.000751,0.000001
2024-04-24,rmt_rie,risk_parity,0.005180,0.005237,0.000027,0.000027,16.000000,0.073789,1013.836499,5.984528,0.497228,0.063492,0.000751,0.000001
2024-04-24,rmt_rie,hrp,0.004789,0.004573,0.000023,0.000021,13.342938,0.100186,1013.836499,5.984528,0.497228,0.063492,0.000751,0.000001
2024-04-24,rmt_rie,max_diversification,0.004451,0.005296,0.000020,0.000028,6.524669,0.153597,1013.836499,5.984528,0.497228,0.063492,0.000751,0.000001
2024-04-24,factor_model,equal_weight,0.006464,0.005709,0.000042,0.000033,13.973422,0.062500,1013.836499,5.984528,0.497228,0.063492,0.000751,0.000001
2024-04-24,factor_model,inverse_variance,0.005506,0.004868,0.000030,0.000024,14.584722,0.082634,1013.836499,5.984528,0.497228,0.063492,0.000751,0.000001
2024-04-24,factor_model,minimum_variance,0.004225,0.004491,0.000018,0.000020,5.463953,0.188451,1013.836499,5.984528,0.497228,0.063492,0.000751,0.000001
2024-04-24,factor_model,risk_parity,0.005525,0.005236,0.000031,0.000027,16.000000,0.074799,1013.836499,5.984528,0.497228,0.063492,0.000751,0.000001
2024-04-24,factor_model,hrp,0.005030,0.004805,0.000025,0.000023,13.065361,0.103536,1013.836499,5.984528,0.497228,0.063492,0.000751,0.000001
2024-04-24,factor_model,max_diversification,0.004756,0.006156,0.000023,0.000038,4.668448,0.204149,1013.836499,5.984528,0.497228,0.063492,0.000751,0.000001
2024-05-23,sample,equal_weight,0.006269,0.005254,0.000039,0.000028,14.266293,0.062500,922.264564,6.108826,0.495338,0.063492,0.000713,0.000001
2024-05-23,sample,inverse_variance,0.005408,0.004772,0.000029,0.000023,14.528348,0.083663,922.264564,6.108826,0.495338,0.063492,0.000713,0.000001
2024-05-23,sample,minimum_variance,0.004309,0.004726,0.000019,0.000022,5.095828,0.198995,922.264564,6.108826,0.495338,0.063492,0.000713,0.000001
2024-05-23,sample,risk_parity,0.005545,0.004981,0.000031,0.000025,16.000000,0.071515,922.264564,6.108826,0.495338,0.063492,0.000713,0.000001
2024-05-23,sample,hrp,0.005140,0.004698,0.000026,0.000022,14.106414,0.096156,922.264564,6.108826,0.495338,0.063492,0.000713,0.000001
2024-05-23,sample,max_diversification,0.004900,0.005011,0.000024,0.000025,6.742078,0.138059,922.264564,6.108826,0.495338,0.063492,0.000713,0.000001
2024-05-23,ledoit_wolf,equal_weight,0.006179,0.005254,0.000038,0.000028,14.279196,0.062500,922.264564,6.108826,0.495338,0.063492,0.000713,0.000001
2024-05-23,ledoit_wolf,inverse_variance,0.005379,0.004796,0.000029,0.000023,14.621114,0.081398,922.264564,6.108826,0.495338,0.063492,0.000713,0.000001
2024-05-23,ledoit_wolf,minimum_variance,0.004298,0.004720,0.000018,0.000022,5.196865,0.196084,922.264564,6.108826,0.495338,0.063492,0.000713,0.000001
2024-05-23,ledoit_wolf,risk_parity,0.005480,0.004985,0.000030,0.000025,16.000000,0.071227,922.264564,6.108826,0.495338,0.063492,0.000713,0.000001
2024-05-23,ledoit_wolf,hrp,0.005110,0.004719,0.000026,0.000022,14.259227,0.093070,922.264564,6.108826,0.495338,0.063492,0.000713,0.000001
2024-05-23,ledoit_wolf,max_diversification,0.004778,0.004926,0.000023,0.000024,6.889738,0.140212,922.264564,6.108826,0.495338,0.063492,0.000713,0.000001
2024-05-23,constant_corr,equal_weight,0.006256,0.005254,0.000039,0.000028,14.266293,0.062500,922.264564,6.108826,0.495338,0.063492,0.000713,0.000001
2024-05-23,constant_corr,inverse_variance,0.005397,0.004772,0.000029,0.000023,14.528348,0.083663,922.264564,6.108826,0.495338,0.063492,0.000713,0.000001
2024-05-23,constant_corr,minimum_variance,0.004301,0.004726,0.000018,0.000022,5.095880,0.198993,922.264564,6.108826,0.495338,0.063492,0.000713,0.000001
2024-05-23,constant_corr,risk_parity,0.005534,0.004981,0.000031,0.000025,16.000000,0.071515,922.264564,6.108826,0.495338,0.063492,0.000713,0.000001
2024-05-23,constant_corr,hrp,0.005129,0.004698,0.000026,0.000022,14.106414,0.096156,922.264564,6.108826,0.495338,0.063492,0.000713,0.000001
2024-05-23,constant_corr,max_diversification,0.004890,0.005011,0.000024,0.000025,6.742078,0.138059,922.264564,6.108826,0.495338,0.063492,0.000713,0.000001
2024-05-23,rmt_hard,equal_weight,0.006270,0.005254,0.000039,0.000028,14.266135,0.062500,922.264564,6.108826,0.495338,0.063492,0.000713,0.000001
2024-05-23,rmt_hard,inverse_variance,0.005439,0.004802,0.000030,0.000023,14.660623,0.081590,922.264564,6.108826,0.495338,0.063492,0.000713,0.000001
2024-05-23,rmt_hard,minimum_variance,0.004316,0.004737,0.000019,0.000022,5.037437,0.201154,922.264564,6.108826,0.495338,0.063492,0.000713,0.000001
2024-05-23,rmt_hard,risk_parity,0.005546,0.004981,0.000031,0.000025,16.000000,0.071506,922.264564,6.108826,0.495338,0.063492,0.000713,0.000001
2024-05-23,rmt_hard,hrp,0.005122,0.004694,0.000026,0.000022,13.775064,0.095895,922.264564,6.108826,0.495338,0.063492,0.000713,0.000001
2024-05-23,rmt_hard,max_diversification,0.004884,0.004990,0.000024,0.000025,6.176846,0.148081,922.264564,6.108826,0.495338,0.063492,0.000713,0.000001
2024-05-23,rmt_soft,equal_weight,0.006271,0.005254,0.000039,0.000028,14.265485,0.062500,922.264564,6.108826,0.495338,0.063492,0.000713,0.000001
2024-05-23,rmt_soft,inverse_variance,0.005424,0.004797,0.000029,0.000023,14.634182,0.082354,922.264564,6.108826,0.495338,0.063492,0.000713,0.000001
2024-05-23,rmt_soft,minimum_variance,0.004323,0.004741,0.000019,0.000022,5.075717,0.199839,922.264564,6.108826,0.495338,0.063492,0.000713,0.000001
2024-05-23,rmt_soft,risk_parity,0.005546,0.004981,0.000031,0.000025,16.000000,0.071518,922.264564,6.108826,0.495338,0.063492,0.000713,0.000001
2024-05-23,rmt_soft,hrp,0.005120,0.004716,0.000026,0.000022,13.670147,0.096576,922.264564,6.108826,0.495338,0.063492,0.000713,0.000001
2024-05-23,rmt_soft,max_diversification,0.004893,0.004986,0.000024,0.000025,6.601395,0.141506,922.264564,6.108826,0.495338,0.063492,0.000713,0.000001
2024-05-23,rmt_rie,equal_weight,0.005884,0.005254,0.000035,0.000028,14.266684,0.062500,922.264564,6.108826,0.495338,0.063492,0.000713,0.000001
2024-05-23,rmt_rie,inverse_variance,0.005084,0.004761,0.000026,0.000023,14.428104,0.084147,922.264564,6.108826,0.495338,0.063492,0.000713,0.000001
2024-05-23,rmt_rie,minimum_variance,0.004099,0.004690,0.000017,0.000022,5.231580,0.194486,922.264564,6.108826,0.495338,0.063492,0.000713,0.000001
2024-05-23,rmt_rie,risk_parity,0.005211,0.004980,0.000027,0.000025,16.000000,0.071432,922.264564,6.108826,0.495338,0.063492,0.000713,0.000001
2024-05-23,rmt_rie,hrp,0.004816,0.004665,0.000023,0.000022,13.920200,0.098852,922.264564,6.108826,0.495338,0.063492,0.000713,0.000001
2024-05-23,rmt_rie,max_diversification,0.004664,0.005008,0.000022,0.000025,7.007934,0.132352,922.264564,6.108826,0.495338,0.063492,0.000713,0.000001
2024-05-23,factor_model,equal_weight,0.006361,0.005254,0.000040,0.000028,14.167600,0.062500,922.264564,6.108826,0.495338,0.063492,0.000713,0.000001
2024-05-23,factor_model,inverse_variance,0.005460,0.004772,0.000030,0.000023,14.590083,0.083663,922.264564,6.108826,0.495338,0.063492,0.000713,0.000001
2024-05-23,factor_model,minimum_variance,0.004297,0.004726,0.000018,0.000022,5.516964,0.186876,922.264564,6.108826,0.495338,0.063492,0.000713,0.000001
2024-05-23,factor_model,risk_parity,0.005566,0.004962,0.000031,0.000025,16.000000,0.072339,922.264564,6.108826,0.495338,0.063492,0.000713,0.000001
2024-05-23,factor_model,hrp,0.005140,0.004714,0.000026,0.000022,13.864699,0.098552,922.264564,6.108826,0.495338,0.063492,0.000713,0.000001
2024-05-23,factor_model,max_diversification,0.004842,0.005308,0.000023,0.000028,4.872167,0.194924,922.264564,6.108826,0.495338,0.063492,0.000713,0.000001
2024-06-25,sample,equal_weight,0.006214,0.006025,0.000039,0.000036,14.384538,0.062500,754.251973,6.169183,0.493755,0.063492,0.000693,0.000001
2024-06-25,sample,inverse_variance,0.005417,0.005353,0.000029,0.000029,14.447413,0.083171,754.251973,6.169183,0.493755,0.063492,0.000693,0.000001
2024-06-25,sample,minimum_variance,0.004332,0.004378,0.000019,0.000019,5.108234,0.198710,754.251973,6.169183,0.493755,0.063492,0.000693,0.000001
2024-06-25,sample,risk_parity,0.005559,0.005438,0.000031,0.000030,16.000000,0.070432,754.251973,6.169183,0.493755,0.063492,0.000693,0.000001
2024-06-25,sample,hrp,0.005161,0.005103,0.000027,0.000026,14.066230,0.095265,754.251973,6.169183,0.493755,0.063492,0.000693,0.000001
2024-06-25,sample,max_diversification,0.005052,0.004876,0.000026,0.000024,6.712722,0.135592,754.251973,6.169183,0.493755,0.063492,0.000693,0.000001
2024-06-25,ledoit_wolf,equal_weight,0.006125,0.006025,0.000038,0.000036,14.396631,0.062500,754.251973,6.169183,0.493755,0.063492,0.000693,0.000001
2024-06-25,ledoit_wolf,inverse_variance,0.005383,0.005388,0.000029,0.000029,14.549186,0.081003,754.251973,6.169183,0.493755,0.063492,0.000693,0.000001
2024-06-25,ledoit_wolf,minimum_variance,0.004319,0.004361,0.000019,0.000019,5.218123,0.195511,754.251973,6.169183,0.493755,0.063492,0.000693,0.000001
2024-06-25,ledoit_wolf,risk_parity,0.005492,0.005445,0.000030,0.000030,16.000000,0.070193,754.251973,6.169183,0.493755,0.063492,0.000693,0.000001
2024-06-25,ledoit_wolf,hrp,0.005134,0.005133,0.000026,0.000026,14.300963,0.091906,754.251973,6.169183,0.493755,0.063492,0.000693,0.000001
2024-06-25,ledoit_wolf,max_diversification,0.004846,0.004669,0.000023,0.000022,6.940956,0.137487,754.251973,6.169183,0.493755,0.063492,0.000693,0.000001
2024-06-25,constant_corr,equal_weight,0.006201,0.006025,0.000038,0.000036,14.384538,0.062500,754.251973,6.169183,0.493755,0.063492,0.000693,0.000001
2024-06-25,constant_corr,inverse_variance,0.005406,0.005353,0.000029,0.000029,14.447413,0.083171,754.251973,6.169183,0.493755,0.063492,0.000693,0.000001
2024-06-25,constant_corr,minimum_variance,0.004323,0.004378,0.000019,0.000019,5.108319,0.198707,754.251973,6.169183,0.493755,0.063492,0.000693,0.000001
2024-06-25,constant_corr,risk_parity,0.005548,0.005438,0.000031,0.000030,16.000000,0.070432,754.251973,6.169183,0.493755,0.063492,0.000693,0.000001
2024-06-25,constant_corr,hrp,0.005150,0.005103,0.000027,0.000026,14.066231,0.095265,754.251973,6.169183,0.493755,0.063492,0.000693,0.000001
2024-06-25,constant_corr,max_diversification,0.005042,0.004876,0.000025,0.000024,6.712722,0.135592,754.251973,6.169183,0.493755,0.063492,0.000693,0.000001
2024-06-25,rmt_hard,equal_weight,0.006215,0.006025,0.000039,0.000036,14.384609,0.062500,754.251973,6.169183,0.493755,0.063492,0.000693,0.000001
2024-06-25,rmt_hard,inverse_variance,0.005448,0.005362,0.000030,0.000029,14.586403,0.081016,754.251973,6.169183,0.493755,0.063492,0.000693,0.000001
2024-06-25,rmt_hard,minimum_variance,0.004342,0.004369,0.000019,0.000019,5.057473,0.200629,754.251973,6.169183,0.493755,0.063492,0.000693,0.000001
2024-06-25,rmt_hard,risk_parity,0.005560,0.005437,0.000031,0.000030,16.000000,0.070424,754.251973,6.169183,0.493755,0.063492,0.000693,0.000001
2024-06-25,rmt_hard,hrp,0.005156,0.005083,0.000027,0.000026,13.951430,0.094160,754.251973,6.169183,0.493755,0.063492,0.000693,0.000001
2024-06-25,rmt_hard,max_diversification,0.004930,0.004796,0.000024,0.000023,6.134946,0.149395,754.251973,6.169183,0.493755,0.063492,0.000693,0.000001
2024-06-25,rmt_soft,equal_weight,0.006216,0.006025,0.000039,0.000036,14.383311,0.062500,754.251973,6.169183,0.493755,0.063492,0.000693,0.000001
2024-06-25,rmt_soft,inverse_variance,0.005434,0.005365,0.000030,0.000029,14.546612,0.081818,754.251973,6.169183,0.493755,0.063492,0.000693,0.000001
2024-06-25,rmt_soft,minimum_variance,0.004348,0.004394,0.000019,0.000019,5.088759,0.199524,754.251973,6.169183,0.493755,0.063492,0.000693,0.000001
2024-06-25,rmt_soft,risk_parity,0.005560,0.005438,0.000031,0.000030,16.000000,0.070436,754.251973,6.169183,0.493755,0.063492,0.000693,0.000001
2024-06-25,rmt_soft,hrp,0.005162,0.005098,0.000027,0.000026,14.116197,0.093518,754.251973,6.169183,0.493755,0.063492,0.000693,0.000001
2024-06-25,rmt_soft,max_diversification,0.004958,0.004760,0.000025,0.000023,6.655301,0.140121,754.251973,6.169183,0.493755,0.063492,0.000693,0.000001
2024-06-25,rmt_rie,equal_weight,0.005833,0.006025,0.000034,0.000036,14.385439,0.062500,754.251973,6.169183,0.493755,0.063492,0.000693,0.000001
2024-06-25,rmt_rie,inverse_variance,0.005090,0.005359,0.000026,0.000029,14.365034,0.083676,754.251973,6.169183,0.493755,0.063492,0.000693,0.000001
2024-06-25,rmt_rie,minimum_variance,0.004109,0.004356,0.000017,0.000019,5.238465,0.194513,754.251973,6.169183,0.493755,0.063492,0.000693,0.000001
2024-06-25,rmt_rie,risk_parity,0.005223,0.005438,0.000027,0.000030,16.000000,0.070381,754.251973,6.169183,0.493755,0.063492,0.000693,0.000001
2024-06-25,rmt_rie,hrp,0.004850,0.005064,0.000024,0.000026,14.000525,0.095028,754.251973,6.169183,0.493755,0.063492,0.000693,0.000001
2024-06-25,rmt_rie,max_diversification,0.004746,0.004763,0.000023,0.000023,7.076686,0.130272,754.251973,6.169183,0.493755,0.063492,0.000693,0.000001
2024-06-25,factor_model,equal_weight,0.006310,0.006025,0.000040,0.000036,14.307196,0.062500,754.251973,6.169183,0.493755,0.063492,0.000693,0.000001
2024-06-25,factor_model,inverse_variance,0.005476,0.005353,0.000030,0.000029,14.522130,0.083171,754.251973,6.169183,0.493755,0.063492,0.000693,0.000001
2024-06-25,factor_model,minimum_variance,0.004361,0.004314,0.000019,0.000019,5.548540,0.186080,754.251973,6.169183,0.493755,0.063492,0.000693,0.000001
2024-06-25,factor_model,risk_parity,0.005601,0.005417,0.000031,0.000029,16.000000,0.071027,754.251973,6.169183,0.493755,0.063492,0.000693,0.000001
2024-06-25,factor_model,hrp,0.005173,0.005008,0.000027,0.000025,13.793506,0.097371,754.251973,6.169183,0.493755,0.063492,0.000693,0.000001
2024-06-25,factor_model,max_diversification,0.004931,0.005437,0.000024,0.000030,4.786187,0.198348,754.251973,6.169183,0.493755,0.063492,0.000693,0.000001
2024-07-25,sample,equal_weight,0.006277,0.008608,0.000039,0.000074,14.362272,0.062500,733.071791,6.141426,0.493014,0.063492,0.000709,0.000001
2024-07-25,sample,inverse_variance,0.005451,0.007040,0.000030,0.000050,14.378732,0.085143,733.071791,6.141426,0.493014,0.063492,0.000709,0.000001
2024-07-25,sample,minimum_variance,0.004385,0.005773,0.000019,0.000033,5.244583,0.194380,733.071791,6.141426,0.493014,0.063492,0.000709,0.000001
2024-07-25,sample,risk_parity,0.005618,0.007474,0.000032,0.000056,16.000000,0.070359,733.071791,6.141426,0.493014,0.063492,0.000709,0.000001
2024-07-25,sample,hrp,0.005218,0.006311,0.000027,0.000040,13.891812,0.094936,733.071791,6.141426,0.493014,0.063492,0.000709,0.000001
2024-07-25,sample,max_diversification,0.005033,0.007400,0.000025,0.000055,6.477020,0.139984,733.071791,6.141426,0.493014,0.063492,0.000709,0.000001
2024-07-25,ledoit_wolf,equal_weight,0.006186,0.008608,0.000038,0.000074,14.374823,0.062500,733.071791,6.141426,0.493014,0.063492,0.000709,0.000001
2024-07-25,ledoit_wolf,inverse_variance,0.005421,0.007139,0.000029,0.000051,14.498274,0.082537,733.071791,6.141426,0.493014,0.063492,0.000709,0.000001
2024-07-25,ledoit_wolf,minimum_variance,0.004370,0.005793,0.000019,0.000034,5.343365,0.191691,733.071791,6.141426,0.493014,0.063492,0.000709,0.000001
2024-07-25,ledoit_wolf,risk_parity,0.005549,0.007490,0.000031,0.000056,16.000000,0.070109,733.071791,6.141426,0.493014,0.063492,0.000709,0.000001
2024-07-25,ledoit_wolf,hrp,0.005168,0.006397,0.000027,0.000041,13.962208,0.093593,733.071791,6.141426,0.493014,0.063492,0.000709,0.000001
2024-07-25,ledoit_wolf,max_diversification,0.004861,0.007167,0.000024,0.000051,6.648630,0.142898,733.071791,6.141426,0.493014,0.063492,0.000709,0.000001
2024-07-25,constant_corr,equal_weight,0.006265,0.008608,0.000039,0.000074,14.362272,0.062500,733.071791,6.141426,0.493014,0.063492,0.000709,0.000001
2024-07-25,constant_corr,inverse_variance,0.005440,0.007040,0.000030,0.000050,14.378732,0.085143,733.071791,6.141426,0.493014,0.063492,0.000709,0.000001
2024-07-25,constant_corr,minimum_variance,0.004376,0.005773,0.000019,0.000033,5.244640,0.194378,733.071791,6.141426,0.493014,0.063492,0.000709,0.000001
2024-07-25,constant_corr,risk_parity,0.005607,0.007474,0.000031,0.000056,16.000000,0.070359,733.071791,6.141426,0.493014,0.063492,0.000709,0.000001
2024-07-25,constant_corr,hrp,0.005208,0.006311,0.000027,0.000040,13.891812,0.094936,733.071791,6.141426,0.493014,0.063492,0.000709,0.000001
2024-07-25,constant_corr,max_diversification,0.005023,0.007400,0.000025,0.000055,6.477020,0.139984,733.071791,6.141426,0.493014,0.063492,0.000709,0.000001
2024-07-25,rmt_hard,equal_weight,0.006279,0.008608,0.000039,0.000074,14.359839,0.062500,733.071791,6.141426,0.493014,0.063492,0.000709,0.000001
2024-07-25,rmt_hard,inverse_variance,0.005481,0.007127,0.000030,0.000051,14.483198,0.082851,733.071791,6.141426,0.493014,0.063492,0.000709,0.000001
2024-07-25,rmt_hard,minimum_variance,0.004391,0.005769,0.000019,0.000033,5.232572,0.194973,733.071791,6.141426,0.493014,0.063492,0.000709,0.000001
2024-07-25,rmt_hard,risk_parity,0.005619,0.007474,0.000032,0.000056,16.000000,0.070351,733.071791,6.141426,0.493014,0.063492,0.000709,0.000001
2024-07-25,rmt_hard,hrp,0.005146,0.006380,0.000026,0.000041,13.583052,0.101885,733.071791,6.141426,0.493014,0.063492,0.000709,0.000001
2024-07-25,rmt_hard,max_diversification,0.004990,0.007423,0.000025,0.000055,6.032420,0.148820,733.071791,6.141426,0.493014,0.063492,0.000709,0.000001
2024-07-25,rmt_soft,equal_weight,0.006280,0.008608,0.000039,0.000074,14.360630,0.062500,733.071791,6.141426,0.493014,0.063492,0.000709,0.000001
2024-07-25,rmt_soft,inverse_variance,0.005470,0.007081,0.000030,0.000050,14.460453,0.083616,733.071791,6.141426,0.493014,0.063492,0.000709,0.000001
2024-07-25,rmt_soft,minimum_variance,0.004401,0.005728,0.000019,0.000033,5.228415,0.195053,733.071791,6.141426,0.493014,0.063492,0.000709,0.000001
2024-07-25,rmt_soft,risk_parity,0.005619,0.007471,0.000032,0.000056,16.000000,0.070363,733.071791,6.141426,0.493014,0.063492,0.000709,0.000001
2024-07-25,rmt_soft,hrp,0.005150,0.006298,0.000027,0.000040,13.561782,0.100703,733.071791,6.141426,0.493014,0.063492,0.000709,0.000001
2024-07-25,rmt_soft,max_diversification,0.004998,0.007223,0.000025,0.000052,6.361516,0.144648,733.071791,6.141426,0.493014,0.063492,0.000709,0.000001
2024-07-25,rmt_rie,equal_weight,0.005893,0.008608,0.000035,0.000074,14.365465,0.062500,733.071791,6.141426,0.493014,0.063492,0.000709,0.000001
2024-07-25,rmt_rie,inverse_variance,0.005119,0.007045,0.000026,0.000050,14.310760,0.085662,733.071791,6.141426,0.493014,0.063492,0.000709,0.000001
2024-07-25,rmt_rie,minimum_variance,0.004159,0.005761,0.000017,0.000033,5.315425,0.192169,733.071791,6.141426,0.493014,0.063492,0.000709,0.000001
2024-07-25,rmt_rie,risk_parity,0.005280,0.007472,0.000028,0.000056,16.000000,0.070289,733.071791,6.141426,0.493014,0.063492,0.000709,0.000001
2024-07-25,rmt_rie,hrp,0.004846,0.006229,0.000023,0.000039,13.513787,0.101868,733.071791,6.141426,0.493014,0.063492,0.000709,0.000001
2024-07-25,rmt_rie,max_diversification,0.004781,0.007264,0.000023,0.000053,6.903430,0.132069,733.071791,6.141426,0.493014,0.063492,0.000709,0.000001
2024-07-25,factor_model,equal_weight,0.006372,0.008608,0.000041,0.000074,14.266929,0.062500,733.071791,6.141426,0.493014,0.063492,0.000709,0.000001
2024-07-25,factor_model,inverse_variance,0.005505,0.007040,0.000030,0.000050,14.443327,0.085143,733.071791,6.141426,0.493014,0.063492,0.000709,0.000001
2024-07-25,factor_model,minimum_variance,0.004394,0.005812,0.000019,0.000034,5.651715,0.183166,733.071791,6.141426,0.493014,0.063492,0.000709,0.000001
2024-07-25,factor_model,risk_parity,0.005646,0.007425,0.000032,0.000055,16.000000,0.071153,733.071791,6.141426,0.493014,0.063492,0.000709,0.000001
2024-07-25,factor_model,hrp,0.005002,0.005833,0.000025,0.000034,12.064095,0.123951,733.071791,6.141426,0.493014,0.063492,0.000709,0.000001
2024-07-25,factor_model,max_diversification,0.004899,0.007581,0.000024,0.000057,4.659101,0.202476,733.071791,6.141426,0.493014,0.063492,0.000709,0.000001
2024-08-23,sample,equal_weight,0.006548,0.006162,0.000043,0.000038,14.191837,0.062500,776.618782,5.969680,0.502897,0.063492,0.000784,0.000001
2024-08-23,sample,inverse_variance,0.005568,0.004739,0.000031,0.000022,14.477361,0.088038,776.618782,5.969680,0.502897,0.063492,0.000784,0.000001
2024-08-23,sample,minimum_variance,0.004517,0.003617,0.000020,0.000013,5.100589,0.198420,776.618782,5.969680,0.502897,0.063492,0.000784,0.000001
2024-08-23,sample,risk_parity,0.005759,0.005140,0.000033,0.000026,16.000000,0.072432,776.618782,5.969680,0.502897,0.063492,0.000784,0.000001
2024-08-23,sample,hrp,0.005193,0.004174,0.000027,0.000017,13.345987,0.110812,776.618782,5.969680,0.502897,0.063492,0.000784,0.000001
2024-08-23,sample,max_diversification,0.005332,0.005000,0.000028,0.000025,6.437080,0.139289,776.618782,5.969680,0.502897,0.063492,0.000784,0.000001
2024-08-23,ledoit_wolf,equal_weight,0.006450,0.006162,0.000042,0.000038,14.205804,0.062500,776.618782,5.969680,0.502897,0.063492,0.000784,0.000001
2024-08-23,ledoit_wolf,inverse_variance,0.005549,0.004822,0.000031,0.000023,14.591175,0.084710,776.618782,5.969680,0.502897,0.063492,0.000784,0.000001
2024-08-23,ledoit_wolf,minimum_variance,0.004504,0.003634,0.000020,0.000013,5.226626,0.194798,776.618782,5.969680,0.502897,0.063492,0.000784,0.000001
2024-08-23,ledoit_wolf,risk_parity,0.005691,0.005156,0.000032,0.000027,16.000000,0.072035,776.618782,5.969680,0.502897,0.063492,0.000784,0.000001
2024-08-23,ledoit_wolf,hrp,0.005184,0.004256,0.000027,0.000018,13.613761,0.105101,776.618782,5.969680,0.502897,0.063492,0.000784,0.000001
2024-08-23,ledoit_wolf,max_diversification,0.005040,0.004736,0.000025,0.000022,6.825596,0.140966,776.618782,5.969680,0.502897,0.063492,0.000784,0.000001
2024-08-23,constant_corr,equal_weight,0.006535,0.006162,0.000043,0.000038,14.191837,0.062500,776.618782,5.969680,0.502897,0.063492,0.000784,0.000001
2024-08-23,constant_corr,inverse_variance,0.005557,0.004739,0.000031,0.000022,14.477361,0.088038,776.618782,5.969680,0.502897,0.063492,0.000784,0.000001
2024-08-23,constant_corr,minimum_variance,0.004508,0.003617,0.000020,0.000013,5.100629,0.198419,776.618782,5.969680,0.502897,0.063492,0.000784,0.000001
2024-08-23,constant_corr,risk_parity,0.005748,0.005140,0.000033,0.000026,16.000000,0.072432,776.618782,5.969680,0.502897,0.063492,0.000784,0.000001
2024-08-23,constant_corr,hrp,0.005183,0.004174,0.000027,0.000017,13.345987,0.110812,776.618782,5.969680,0.502897,0.063492,0.000784,0.000001
2024-08-23,constant_corr,max_diversification,0.005322,0.005000,0.000028,0.000025,6.437080,0.139289,776.618782,5.969680,0.502897,0.063492,0.000784,0.000001
2024-08-23,rmt_hard,equal_weight,0.006550,0.006162,0.000043,0.000038,14.189598,0.062500,776.618782,5.969680,0.502897,0.063492,0.000784,0.000001
2024-08-23,rmt_hard,inverse_variance,0.005604,0.004779,0.000031,0.000023,14.532418,0.085559,776.618782,5.969680,0.502897,0.063492,0.000784,0.000001
2024-08-23,rmt_hard,minimum_variance,0.004523,0.003609,0.000020,0.000013,5.146023,0.197996,776.618782,5.969680,0.502897,0.063492,0.000784,0.000001
2024-08-23,rmt_hard,risk_parity,0.005759,0.005139,0.000033,0.000026,16.000000,0.072441,776.618782,5.969680,0.502897,0.063492,0.000784,0.000001
2024-08-23,rmt_hard,hrp,0.005314,0.004270,0.000028,0.000018,14.014307,0.098844,776.618782,5.969680,0.502897,0.063492,0.000784,0.000001
2024-08-23,rmt_hard,max_diversification,0.005095,0.004752,0.000026,0.000023,6.157116,0.152313,776.618782,5.969680,0.502897,0.063492,0.000784,0.000001
2024-08-23,rmt_soft,equal_weight,0.006550,0.006162,0.000043,0.000038,14.189768,0.062500,776.618782,5.969680,0.502897,0.063492,0.000784,0.000001
2024-08-23,rmt_soft,inverse_variance,0.005590,0.004760,0.000031,0.000023,14.530050,0.086427,776.618782,5.969680,0.502897,0.063492,0.000784,0.000001
2024-08-23,rmt_soft,minimum_variance,0.004530,0.003599,0.000021,0.000013,5.171868,0.196675,776.618782,5.969680,0.502897,0.063492,0.000784,0.000001
2024-08-23,rmt_soft,risk_parity,0.005760,0.005139,0.000033,0.000026,16.000000,0.072446,776.618782,5.969680,0.502897,0.063492,0.000784,0.000001
2024-08-23,rmt_soft,hrp,0.005232,0.004234,0.000027,0.000018,13.562559,0.107238,776.618782,5.969680,0.502897,0.063492,0.000784,0.000001
2024-08-23,rmt_soft,max_diversification,0.005111,0.004712,0.000026,0.000022,6.540436,0.146482,776.618782,5.969680,0.502897,0.063492,0.000784,0.000001
2024-08-23,rmt_rie,equal_weight,0.006147,0.006162,0.000038,0.000038,14.194210,0.062500,776.618782,5.969680,0.502897,0.063492,0.000784,0.000001
2024-08-23,rmt_rie,inverse_variance,0.005219,0.004719,0.000027,0.000022,14.388333,0.089441,776.618782,5.969680,0.502897,0.063492,0.000784,0.000001
2024-08-23,rmt_rie,minimum_variance,0.004289,0.003612,0.000018,0.000013,5.298648,0.192201,776.618782,5.969680,0.502897,0.063492,0.000784,0.000001
2024-08-23,rmt_rie,risk_parity,0.005412,0.005136,0.000029,0.000026,16.000000,0.072379,776.618782,5.969680,0.502897,0.063492,0.000784,0.000001
2024-08-23,rmt_rie,hrp,0.004886,0.004158,0.000024,0.000017,13.285096,0.111288,776.618782,5.969680,0.502897,0.063492,0.000784,0.000001
2024-08-23,rmt_rie,max_diversification,0.005042,0.004915,0.000025,0.000024,6.834805,0.132751,776.618782,5.969680,0.502897,0.063492,0.000784,0.000001
2024-08-23,factor_model,equal_weight,0.006643,0.006162,0.000044,0.000038,14.113173,0.062500,776.618782,5.969680,0.502897,0.063492,0.000784,0.000001
2024-08-23,factor_model,inverse_variance,0.005627,0.004739,0.000032,0.000022,14.511655,0.088038,776.618782,5.969680,0.502897,0.063492,0.000784,0.000001
2024-08-23,factor_model,minimum_variance,0.004516,0.003612,0.000020,0.000013,5.660817,0.182642,776.618782,5.969680,0.502897,0.063492,0.000784,0.000001
2024-08-23,factor_model,risk_parity,0.005780,0.005121,0.000033,0.000026,16.000000,0.073479,776.618782,5.969680,0.502897,0.063492,0.000784,0.000001
2024-08-23,factor_model,hrp,0.005166,0.004041,0.000027,0.000016,12.478537,0.112608,776.618782,5.969680,0.502897,0.063492,0.000784,0.000001
2024-08-23,factor_model,max_diversification,0.004999,0.005302,0.000025,0.000028,4.643597,0.203303,776.618782,5.969680,0.502897,0.063492,0.000784,0.000001
2024-09-24,sample,equal_weight,0.006480,0.004291,0.000042,0.000018,14.048263,0.062500,763.780514,6.026609,0.497267,0.063492,0.000779,0.000001
2024-09-24,sample,inverse_variance,0.005426,0.003900,0.000029,0.000015,14.512256,0.090067,763.780514,6.026609,0.497267,0.063492,0.000779,0.000001
2024-09-24,sample,minimum_variance,0.004431,0.003220,0.000020,0.000010,5.253551,0.194407,763.780514,6.026609,0.497267,0.063492,0.000779,0.000001
2024-09-24,sample,risk_parity,0.005631,0.003784,0.000032,0.000014,16.000000,0.073734,763.780514,6.026609,0.497267,0.063492,0.000779,0.000001
2024-09-24,sample,hrp,0.005196,0.003711,0.000027,0.000014,14.025638,0.097285,763.780514,6.026609,0.497267,0.063492,0.000779,0.000001
2024-09-24,sample,max_diversification,0.005211,0.003143,0.000027,0.000010,6.199686,0.146700,763.780514,6.026609,0.497267,0.063492,0.000779,0.000001
2024-09-24,ledoit_wolf,equal_weight,0.006382,0.004291,0.000041,0.000018,14.064060,0.062500,763.780514,6.026609,0.497267,0.063492,0.000779,0.000001
2024-09-24,ledoit_wolf,inverse_variance,0.005417,0.003933,0.000029,0.000015,14.627072,0.086184,763.780514,6.026609,0.497267,0.063492,0.000779,0.000001
2024-09-24,ledoit_wolf,minimum_variance,0.004420,0.003207,0.000020,0.000010,5.471778,0.188655,763.780514,6.026609,0.497267,0.063492,0.000779,0.000001
2024-09-24,ledoit_wolf,risk_parity,0.005566,0.003793,0.000031,0.000014,16.000000,0.073216,763.780514,6.026609,0.497267,0.063492,0.000779,0.000001
2024-09-24,ledoit_wolf,hrp,0.005126,0.003747,0.000026,0.000014,14.033826,0.098502,763.780514,6.026609,0.497267,0.063492,0.000779,0.000001
2024-09-24,ledoit_wolf,max_diversification,0.004915,0.003027,0.000024,0.000009,6.702379,0.145478,763.780514,6.026609,0.497267,0.063492,0.000779,0.000001
2024-09-24,constant_corr,equal_weight,0.006467,0.004291,0.000042,0.000018,14.048263,0.062500,763.780514,6.026609,0.497267,0.063492,0.000779,0.000001
2024-09-24,constant_corr,inverse_variance,0.005415,0.003900,0.000029,0.000015,14.512256,0.090067,763.780514,6.026609,0.497267,0.063492,0.000779,0.000001
2024-09-24,constant_corr,minimum_variance,0.004423,0.003220,0.000020,0.000010,5.253628,0.194405,763.780514,6.026609,0.497267,0.063492,0.000779,0.000001
2024-09-24,constant_corr,risk_parity,0.005620,0.003784,0.000032,0.000014,16.000000,0.073734,763.780514,6.026609,0.497267,0.063492,0.000779,0.000001
2024-09-24,constant_corr,hrp,0.005186,0.003711,0.000027,0.000014,14.025638,0.097285,763.780514,6.026609,0.497267,0.063492,0.000779,0.000001
2024-09-24,constant_corr,max_diversification,0.005200,0.003143,0.000027,0.000010,6.199688,0.146700,763.780514,6.026609,0.497267,0.063492,0.000779,0.000001
2024-09-24,rmt_hard,equal_weight,0.006482,0.004291,0.000042,0.000018,14.044926,0.062500,763.780514,6.026609,0.497267,0.063492,0.000779,0.000001
2024-09-24,rmt_hard,inverse_variance,0.005466,0.003948,0.000030,0.000016,14.570499,0.087260,763.780514,6.026609,0.497267,0.063492,0.000779,0.000001
2024-09-24,rmt_hard,minimum_variance,0.004431,0.003180,0.000020,0.000010,5.423213,0.190786,763.780514,6.026609,0.497267,0.063492,0.000779,0.000001
2024-09-24,rmt_hard,risk_parity,0.005631,0.003783,0.000032,0.000014,16.000000,0.073751,763.780514,6.026609,0.497267,0.063492,0.000779,0.000001
2024-09-24,rmt_hard,hrp,0.005199,0.003731,0.000027,0.000014,13.938247,0.098733,763.780514,6.026609,0.497267,0.063492,0.000779,0.000001
2024-09-24,rmt_hard,max_diversification,0.004918,0.002977,0.000024,0.000009,6.020712,0.160473,763.780514,6.026609,0.497267,0.063492,0.000779,0.000001
2024-09-24,rmt_soft,equal_weight,0.006483,0.004291,0.000042,0.000018,14.045566,0.062500,763.780514,6.026609,0.497267,0.063492,0.000779,0.000001
2024-09-24,rmt_soft,inverse_variance,0.005451,0.003929,0.000030,0.000015,14.562664,0.088232,763.780514,6.026609,0.497267,0.063492,0.000779,0.000001
2024-09-24,rmt_soft,minimum_variance,0.004441,0.003213,0.000020,0.000010,5.478240,0.188795,763.780514,6.026609,0.497267,0.063492,0.000779,0.000001
2024-09-24,rmt_soft,risk_parity,0.005632,0.003784,0.000032,0.000014,16.000000,0.073751,763.780514,6.026609,0.497267,0.063492,0.000779,0.000001
2024-09-24,rmt_soft,hrp,0.005108,0.003612,0.000026,0.000013,14.082078,0.104291,763.780514,6.026609,0.497267,0.063492,0.000779,0.000001
2024-09-24,rmt_soft,max_diversification,0.004950,0.002981,0.000025,0.000009,6.337392,0.154757,763.780514,6.026609,0.497267,0.063492,0.000779,0.000001
2024-09-24,rmt_rie,equal_weight,0.006083,0.004291,0.000037,0.000018,14.049805,0.062500,763.780514,6.026609,0.497267,0.063492,0.000779,0.000001
2024-09-24,rmt_rie,inverse_variance,0.005080,0.003885,0.000026,0.000015,14.429914,0.091789,763.780514,6.026609,0.497267,0.063492,0.000779,0.000001
2024-09-24,rmt_rie,minimum_variance,0.004201,0.003239,0.000018,0.000010,5.527793,0.186876,763.780514,6.026609,0.497267,0.063492,0.000779,0.000001
2024-09-24,rmt_rie,risk_parity,0.005291,0.003792,0.000028,0.000014,16.000000,0.073694,763.780514,6.026609,0.497267,0.063492,0.000779,0.000001
2024-09-24,rmt_rie,hrp,0.004876,0.003713,0.000024,0.000014,13.997521,0.098229,763.780514,6.026609,0.497267,0.063492,0.000779,0.000001
2024-09-24,rmt_rie,max_diversification,0.004909,0.003190,0.000024,0.000010,6.658011,0.138407,763.780514,6.026609,0.497267,0.063492,0.000779,0.000001
2024-09-24,factor_model,equal_weight,0.006577,0.004291,0.000043,0.000018,13.976213,0.062500,763.780514,6.026609,0.497267,0.063492,0.000779,0.000001
2024-09-24,factor_model,inverse_variance,0.005486,0.003900,0.000030,0.000015,14.548328,0.090067,763.780514,6.026609,0.497267,0.063492,0.000779,0.000001
2024-09-24,factor_model,minimum_variance,0.004421,0.003222,0.000020,0.000010,5.882043,0.177752,763.780514,6.026609,0.497267,0.063492,0.000779,0.000001
2024-09-24,factor_model,risk_parity,0.005654,0.003744,0.000032,0.000014,16.000000,0.074857,763.780514,6.026609,0.497267,0.063492,0.000779,0.000001
2024-09-24,factor_model,hrp,0.004992,0.003482,0.000025,0.000012,13.042203,0.114690,763.780514,6.026609,0.497267,0.063492,0.000779,0.000001
2024-09-24,factor_model,max_diversification,0.004920,0.003492,0.000024,0.000012,4.597172,0.201470,763.780514,6.026609,0.497267,0.063492,0.000779,0.000001
2024-10-23,sample,equal_weight,0.006226,0.005741,0.000039,0.000033,13.975838,0.062500,699.736687,6.147313,0.490236,0.063492,0.000723,0.000001
2024-10-23,sample,inverse_variance,0.005184,0.004560,0.000027,0.000021,14.510790,0.091530,699.736687,6.147313,0.490236,0.063492,0.000723,0.000001
2024-10-23,sample,minimum_variance,0.004262,0.004376,0.000018,0.000019,5.693996,0.184472,699.736687,6.147313,0.490236,0.063492,0.000723,0.000001
2024-10-23,sample,risk_parity,0.005389,0.004714,0.000029,0.000022,16.000000,0.074074,699.736687,6.147313,0.490236,0.063492,0.000723,0.000001
2024-10-23,sample,hrp,0.004827,0.004147,0.000023,0.000017,13.072024,0.117768,699.736687,6.147313,0.490236,0.063492,0.000723,0.000001
2024-10-23,sample,max_diversification,0.005244,0.005129,0.000027,0.000026,5.208635,0.185147,699.736687,6.147313,0.490236,0.063492,0.000723,0.000001
2024-10-23,ledoit_wolf,equal_weight,0.006125,0.005741,0.000038,0.000033,13.993881,0.062500,699.736687,6.147313,0.490236,0.063492,0.000723,0.000001
2024-10-23,ledoit_wolf,inverse_variance,0.005180,0.004641,0.000027,0.000022,14.643521,0.086887,699.736687,6.147313,0.490236,0.063492,0.000723,0.000001
2024-10-23,ledoit_wolf,minimum_variance,0.004248,0.004318,0.000018,0.000019,5.889539,0.179397,699.736687,6.147313,0.490236,0.063492,0.000723,0.000001
2024-10-23,ledoit_wolf,risk_parity,0.005324,0.004730,0.000028,0.000022,16.000000,0.073468,699.736687,6.147313,0.490236,0.063492,0.000723,0.000001
2024-10-23,ledoit_wolf,hrp,0.004840,0.004220,0.000023,0.000018,13.458484,0.109975,699.736687,6.147313,0.490236,0.063492,0.000723,0.000001
2024-10-23,ledoit_wolf,max_diversification,0.004748,0.004605,0.000023,0.000021,6.291908,0.149592,699.736687,6.147313,0.490236,0.063492,0.000723,0.000001
2024-10-23,constant_corr,equal_weight,0.006214,0.005741,0.000039,0.000033,13.975838,0.062500,699.736687,6.147313,0.490236,0.063492,0.000723,0.000001
2024-10-23,constant_corr,inverse_variance,0.005174,0.004560,0.000027,0.000021,14.510790,0.091530,699.736687,6.147313,0.490236,0.063492,0.000723,0.000001
2024-10-23,constant_corr,minimum_variance,0.004253,0.004376,0.000018,0.000019,5.694078,0.184470,699.736687,6.147313,0.490236,0.063492,0.000723,0.000001
2024-10-23,constant_corr,risk_parity,0.005379,0.004714,0.000029,0.000022,16.000000,0.074074,699.736687,6.147313,0.490236,0.063492,0.000723,0.000001
2024-10-23,constant_corr,hrp,0.004817,0.004147,0.000023,0.000017,13.072024,0.117768,699.736687,6.147313,0.490236,0.063492,0.000723,0.000001
2024-10-23,constant_corr,max_diversification,0.005234,0.005129,0.000027,0.000026,5.208636,0.185147,699.736687,6.147313,0.490236,0.063492,0.000723,0.000001
2024-10-23,rmt_hard,equal_weight,0.006228,0.005741,0.000039,0.000033,13.970953,0.062500,699.736687,6.147313,0.490236,0.063492,0.000723,0.000001
2024-10-23,rmt_hard,inverse_variance,0.005225,0.004594,0.000027,0.000021,14.541063,0.088421,699.736687,6.147313,0.490236,0.063492,0.000723,0.000001
2024-10-23,rmt_hard,minimum_variance,0.004253,0.004364,0.000018,0.000019,5.883272,0.181109,699.736687,6.147313,0.490236,0.063492,0.000723,0.000001
2024-10-23,rmt_hard,risk_parity,0.005388,0.004713,0.000029,0.000022,16.000000,0.074127,699.736687,6.147313,0.490236,0.063492,0.000723,0.000001
2024-10-23,rmt_hard,hrp,0.004889,0.004217,0.000024,0.000018,13.285582,0.108235,699.736687,6.147313,0.490236,0.063492,0.000723,0.000001
2024-10-23,rmt_hard,max_diversification,0.004692,0.004525,0.000022,0.000020,5.683468,0.171729,699.736687,6.147313,0.490236,0.063492,0.000723,0.000001
2024-10-23,rmt_soft,equal_weight,0.006229,0.005741,0.000039,0.000033,13.972033,0.062500,699.736687,6.147313,0.490236,0.063492,0.000723,0.000001
2024-10-23,rmt_soft,inverse_variance,0.005212,0.004583,0.000027,0.000021,14.562601,0.089317,699.736687,6.147313,0.490236,0.063492,0.000723,0.000001
2024-10-23,rmt_soft,minimum_variance,0.004265,0.004356,0.000018,0.000019,5.851179,0.181026,699.736687,6.147313,0.490236,0.063492,0.000723,0.000001
2024-10-23,rmt_soft,risk_parity,0.005389,0.004713,0.000029,0.000022,16.000000,0.074114,699.736687,6.147313,0.490236,0.063492,0.000723,0.000001
2024-10-23,rmt_soft,hrp,0.004877,0.004187,0.000024,0.000018,13.159859,0.109362,699.736687,6.147313,0.490236,0.063492,0.000723,0.000001
2024-10-23,rmt_soft,max_diversification,0.004730,0.004553,0.000022,0.000021,5.877127,0.163917,699.736687,6.147313,0.490236,0.063492,0.000723,0.000001
2024-10-23,rmt_rie,equal_weight,0.005844,0.005741,0.000034,0.000033,13.974928,0.062500,699.736687,6.147313,0.490236,0.063492,0.000723,0.000001
2024-10-23,rmt_rie,inverse_variance,0.004855,0.004546,0.000024,0.000021,14.433048,0.093316,699.736687,6.147313,0.490236,0.063492,0.000723,0.000001
2024-10-23,rmt_rie,minimum_variance,0.004039,0.004269,0.000016,0.000018,5.984325,0.177377,699.736687,6.147313,0.490236,0.063492,0.000723,0.000001
2024-10-23,rmt_rie,risk_parity,0.005063,0.004717,0.000026,0.000022,16.000000,0.074007,699.736687,6.147313,0.490236,0.063492,0.000723,0.000001
2024-10-23,rmt_rie,hrp,0.004537,0.004145,0.000021,0.000017,12.984315,0.118702,699.736687,6.147313,0.490236,0.063492,0.000723,0.000001
2024-10-23,rmt_rie,max_diversification,0.004890,0.004983,0.000024,0.000025,5.836056,0.163621,699.736687,6.147313,0.490236,0.063492,0.000723,0.000001
2024-10-23,factor_model,equal_weight,0.006323,0.005741,0.000040,0.000033,13.905898,0.062500,699.736687,6.147313,0.490236,0.063492,0.000723,0.000001
2024-10-23,factor_model,inverse_variance,0.005246,0.004560,0.000028,0.000021,14.535510,0.091530,699.736687,6.147313,0.490236,0.063492,0.000723,0.000001
2024-10-23,factor_model,minimum_variance,0.004262,0.004140,0.000018,0.000017,6.256416,0.169518,699.736687,6.147313,0.490236,0.063492,0.000723,0.000001
2024-10-23,factor_model,risk_parity,0.005414,0.004687,0.000029,0.000022,16.000000,0.075291,699.736687,6.147313,0.490236,0.063492,0.000723,0.000001
2024-10-23,factor_model,hrp,0.004945,0.004175,0.000024,0.000017,13.729097,0.099169,699.736687,6.147313,0.490236,0.063492,0.000723,0.000001
2024-10-23,factor_model,max_diversification,0.004679,0.004832,0.000022,0.000023,4.494557,0.205919,699.736687,6.147313,0.490236,0.063492,0.000723,0.000001
2024-11-21,sample,equal_weight,0.005935,0.007413,0.000035,0.000055,13.789526,0.062500,617.053537,6.479446,0.465924,0.063492,0.000676,0.000001
2024-11-21,sample,inverse_variance,0.004873,0.006325,0.000024,0.000040,14.483348,0.095818,617.053537,6.479446,0.465924,0.063492,0.000676,0.000001
2024-11-21,sample,minimum_variance,0.004158,0.005305,0.000017,0.000028,6.564970,0.164795,617.053537,6.479446,0.465924,0.063492,0.000676,0.000001
2024-11-21,sample,risk_parity,0.005102,0.006577,0.000026,0.000043,16.000000,0.075151,617.053537,6.479446,0.465924,0.063492,0.000676,0.000001
2024-11-21,sample,hrp,0.004595,0.006010,0.000021,0.000036,12.965172,0.114926,617.053537,6.479446,0.465924,0.063492,0.000676,0.000001
2024-11-21,sample,max_diversification,0.005167,0.006504,0.000027,0.000042,5.790786,0.164461,617.053537,6.479446,0.465924,0.063492,0.000676,0.000001
2024-11-21,ledoit_wolf,equal_weight,0.005823,0.007413,0.000034,0.000055,13.814972,0.062500,617.053537,6.479446,0.465924,0.063492,0.000676,0.000001
2024-11-21,ledoit_wolf,inverse_variance,0.004885,0.006419,0.000024,0.000041,14.663195,0.088907,617.053537,6.479446,0.465924,0.063492,0.000676,0.000001
2024-11-21,ledoit_wolf,minimum_variance,0.004139,0.005320,0.000017,0.000028,6.669269,0.161836,617.053537,6.479446,0.465924,0.063492,0.000676,0.000001
2024-11-21,ledoit_wolf,risk_parity,0.005036,0.006599,0.000025,0.000044,16.000000,0.074207,617.053537,6.479446,0.465924,0.063492,0.000676,0.000001
2024-11-21,ledoit_wolf,hrp,0.004666,0.006123,0.000022,0.000037,13.271895,0.103894,617.053537,6.479446,0.465924,0.063492,0.000676,0.000001
2024-11-21,ledoit_wolf,max_diversification,0.004667,0.006000,0.000022,0.000036,7.126199,0.129251,617.053537,6.479446,0.465924,0.063492,0.000676,0.000001
2024-11-21,constant_corr,equal_weight,0.005923,0.007413,0.000035,0.000055,13.789526,0.062500,617.053537,6.479446,0.465924,0.063492,0.000676,0.000001
2024-11-21,constant_corr,inverse_variance,0.004863,0.006325,0.000024,0.000040,14.483348,0.095818,617.053537,6.479446,0.465924,0.063492,0.000676,0.000001
2024-11-21,constant_corr,minimum_variance,0.004150,0.005305,0.000017,0.000028,6.565028,0.164795,617.053537,6.479446,0.465924,0.063492,0.000676,0.000001
2024-11-21,constant_corr,risk_parity,0.005092,0.006577,0.000026,0.000043,16.000000,0.075151,617.053537,6.479446,0.465924,0.063492,0.000676,0.000001
2024-11-21,constant_corr,hrp,0.004586,0.006010,0.000021,0.000036,12.965173,0.114926,617.053537,6.479446,0.465924,0.063492,0.000676,0.000001
2024-11-21,constant_corr,max_diversification,0.005157,0.006504,0.000027,0.000042,5.790786,0.164461,617.053537,6.479446,0.465924,0.063492,0.000676,0.000001
2024-11-21,rmt_hard,equal_weight,0.005938,0.007413,0.000035,0.000055,13.781705,0.062500,617.053537,6.479446,0.465924,0.063492,0.000676,0.000001
2024-11-21,rmt_hard,inverse_variance,0.004912,0.006360,0.000024,0.000040,14.562901,0.091516,617.053537,6.479446,0.465924,0.063492,0.000676,0.000001
2024-11-21,rmt_hard,minimum_variance,0.004076,0.005269,0.000017,0.000028,6.118441,0.173002,617.053537,6.479446,0.465924,0.063492,0.000676,0.000001
2024-11-21,rmt_hard,risk_parity,0.005089,0.006565,0.000026,0.000043,16.000000,0.075472,617.053537,6.479446,0.465924,0.063492,0.000676,0.000001
2024-11-21,rmt_hard,hrp,0.004624,0.006022,0.000021,0.000036,12.796920,0.114294,617.053537,6.479446,0.465924,0.063492,0.000676,0.000001
2024-11-21,rmt_hard,max_diversification,0.004491,0.005700,0.000020,0.000032,5.796654,0.161557,617.053537,6.479446,0.465924,0.063492,0.000676,0.000001
2024-11-21,rmt_soft,equal_weight,0.005938,0.007413,0.000035,0.000055,13.782718,0.062500,617.053537,6.479446,0.465924,0.063492,0.000676,0.000001
2024-11-21,rmt_soft,inverse_variance,0.004905,0.006353,0.000024,0.000040,14.554420,0.092785,617.053537,6.479446,0.465924,0.063492,0.000676,0.000001
2024-11-21,rmt_soft,minimum_variance,0.004160,0.005312,0.000017,0.000028,6.582792,0.164333,617.053537,6.479446,0.465924,0.063492,0.000676,0.000001
2024-11-21,rmt_soft,risk_parity,0.005101,0.006575,0.000026,0.000043,16.000000,0.075238,617.053537,6.479446,0.465924,0.063492,0.000676,0.000001
2024-11-21,rmt_soft,hrp,0.004621,0.006015,0.000021,0.000036,12.759858,0.114955,617.053537,6.479446,0.465924,0.063492,0.000676,0.000001
2024-11-21,rmt_soft,max_diversification,0.004674,0.005894,0.000022,0.000035,6.691993,0.140474,617.053537,6.479446,0.465924,0.063492,0.000676,0.000001
2024-11-21,rmt_rie,equal_weight,0.005567,0.007413,0.000031,0.000055,13.791888,0.062500,617.053537,6.479446,0.465924,0.063492,0.000676,0.000001
2024-11-21,rmt_rie,inverse_variance,0.004555,0.006310,0.000021,0.000040,14.397273,0.097656,617.053537,6.479446,0.465924,0.063492,0.000676,0.000001
2024-11-21,rmt_rie,minimum_variance,0.003931,0.005320,0.000015,0.000028,6.608621,0.163282,617.053537,6.479446,0.465924,0.063492,0.000676,0.000001
2024-11-21,rmt_rie,risk_parity,0.004790,0.006581,0.000023,0.000043,16.000000,0.075089,617.053537,6.479446,0.465924,0.063492,0.000676,0.000001
2024-11-21,rmt_rie,hrp,0.004343,0.006045,0.000019,0.000037,12.985083,0.112087,617.053537,6.479446,0.465924,0.063492,0.000676,0.000001
2024-11-21,rmt_rie,max_diversification,0.004855,0.006474,0.000024,0.000042,6.292460,0.152835,617.053537,6.479446,0.465924,0.063492,0.000676,0.000001
2024-11-21,factor_model,equal_weight,0.006047,0.007413,0.000037,0.000055,13.782814,0.062500,617.053537,6.479446,0.465924,0.063492,0.000676,0.000001
2024-11-21,factor_model,inverse_variance,0.004955,0.006325,0.000025,0.000040,14.509209,0.095818,617.053537,6.479446,0.465924,0.063492,0.000676,0.000001
2024-11-21,factor_model,minimum_variance,0.004143,0.005321,0.000017,0.000028,6.346757,0.167629,617.053537,6.479446,0.465924,0.063492,0.000676,0.000001
2024-11-21,factor_model,risk_parity,0.005156,0.006551,0.000027,0.000043,16.000000,0.076412,617.053537,6.479446,0.465924,0.063492,0.000676,0.000001
2024-11-21,factor_model,hrp,0.004780,0.006070,0.000023,0.000037,13.082098,0.111395,617.053537,6.479446,0.465924,0.063492,0.000676,0.000001
2024-11-21,factor_model,max_diversification,0.004525,0.005906,0.000020,0.000035,4.552598,0.204037,617.053537,6.479446,0.465924,0.063492,0.000676,0.000001
2024-12-23,sample,equal_weight,0.006052,0.006161,0.000037,0.000038,13.798486,0.062500,687.111340,6.373319,0.475241,0.063492,0.000703,0.000001
2024-12-23,sample,inverse_variance,0.004914,0.005166,0.000024,0.000027,14.304233,0.099745,687.111340,6.373319,0.475241,0.063492,0.000703,0.000001
2024-12-23,sample,minimum_variance,0.004214,0.004015,0.000018,0.000016,6.440959,0.168696,687.111340,6.373319,0.475241,0.063492,0.000703,0.000001
2024-12-23,sample,risk_parity,0.005201,0.005313,0.000027,0.000028,16.000000,0.075036,687.111340,6.373319,0.475241,0.063492,0.000703,0.000001
2024-12-23,sample,hrp,0.004761,0.004937,0.000023,0.000024,13.600694,0.106112,687.111340,6.373319,0.475241,0.063492,0.000703,0.000001
2024-12-23,sample,max_diversification,0.005299,0.004855,0.000028,0.000024,6.012934,0.156661,687.111340,6.373319,0.475241,0.063492,0.000703,0.000001
2024-12-23,ledoit_wolf,equal_weight,0.005933,0.006161,0.000035,0.000038,13.824282,0.062500,687.111340,6.373319,0.475241,0.063492,0.000703,0.000001
2024-12-23,ledoit_wolf,inverse_variance,0.004936,0.005267,0.000024,0.000028,14.570407,0.091432,687.111340,6.373319,0.475241,0.063492,0.000703,0.000001
2024-12-23,ledoit_wolf,minimum_variance,0.004194,0.004039,0.000018,0.000016,6.453880,0.166910,687.111340,6.373319,0.475241,0.063492,0.000703,0.000001
2024-12-23,ledoit_wolf,risk_parity,0.005130,0.005334,0.000026,0.000028,16.000000,0.074102,687.111340,6.373319,0.475241,0.063492,0.000703,0.000001
2024-12-23,ledoit_wolf,hrp,0.004646,0.004831,0.000022,0.000023,12.975938,0.112389,687.111340,6.373319,0.475241,0.063492,0.000703,0.000001
2024-12-23,ledoit_wolf,max_diversification,0.004783,0.004496,0.000023,0.000020,7.269501,0.125266,687.111340,6.373319,0.475241,0.063492,0.000703,0.000001
2024-12-23,constant_corr,equal_weight,0.006040,0.006161,0.000036,0.000038,13.798486,0.062500,687.111340,6.373319,0.475241,0.063492,0.000703,0.000001
2024-12-23,constant_corr,inverse_variance,0.004905,0.005166,0.000024,0.000027,14.304233,0.099745,687.111340,6.373319,0.475241,0.063492,0.000703,0.000001
2024-12-23,constant_corr,minimum_variance,0.004205,0.004015,0.000018,0.000016,6.440966,0.168696,687.111340,6.373319,0.475241,0.063492,0.000703,0.000001
2024-12-23,constant_corr,risk_parity,0.005191,0.005313,0.000027,0.000028,16.000000,0.075036,687.111340,6.373319,0.475241,0.063492,0.000703,0.000001
2024-12-23,constant_corr,hrp,0.004751,0.004937,0.000023,0.000024,13.600694,0.106112,687.111340,6.373319,0.475241,0.063492,0.000703,0.000001
2024-12-23,constant_corr,max_diversification,0.005289,0.004855,0.000028,0.000024,6.012934,0.156661,687.111340,6.373319,0.475241,0.063492,0.000703,0.000001
2024-12-23,rmt_hard,equal_weight,0.006054,0.006161,0.000037,0.000038,13.789589,0.062500,687.111340,6.373319,0.475241,0.063492,0.000703,0.000001
2024-12-23,rmt_hard,inverse_variance,0.004961,0.005215,0.000025,0.000027,14.411335,0.095310,687.111340,6.373319,0.475241,0.063492,0.000703,0.000001
2024-12-23,rmt_hard,minimum_variance,0.004216,0.004038,0.000018,0.000016,6.517435,0.167164,687.111340,6.373319,0.475241,0.063492,0.000703,0.000001
2024-12-23,rmt_hard,risk_parity,0.005199,0.005311,0.000027,0.000028,16.000000,0.075120,687.111340,6.373319,0.475241,0.063492,0.000703,0.000001
2024-12-23,rmt_hard,hrp,0.004673,0.004832,0.000022,0.000023,12.640469,0.116856,687.111340,6.373319,0.475241,0.063492,0.000703,0.000001
2024-12-23,rmt_hard,max_diversification,0.004895,0.004364,0.000024,0.000019,6.000522,0.144682,687.111340,6.373319,0.475241,0.063492,0.000703,0.000001
2024-12-23,rmt_soft,equal_weight,0.006055,0.006161,0.000037,0.000038,13.791536,0.062500,687.111340,6.373319,0.475241,0.063492,0.000703,0.000001
2024-12-23,rmt_soft,inverse_variance,0.004946,0.005195,0.000024,0.000027,14.387659,0.096653,687.111340,6.373319,0.475241,0.063492,0.000703,0.000001
2024-12-23,rmt_soft,minimum_variance,0.004218,0.004024,0.000018,0.000016,6.498736,0.167390,687.111340,6.373319,0.475241,0.063492,0.000703,0.000001
2024-12-23,rmt_soft,risk_parity,0.005201,0.005312,0.000027,0.000028,16.000000,0.075103,687.111340,6.373319,0.475241,0.063492,0.000703,0.000001
2024-12-23,rmt_soft,hrp,0.004659,0.004827,0.000022,0.000023,12.619390,0.117905,687.111340,6.373319,0.475241,0.063492,0.000703,0.000001
2024-12-23,rmt_soft,max_diversification,0.004877,0.004485,0.000024,0.000020,6.721586,0.133178,687.111340,6.373319,0.475241,0.063492,0.000703,0.000001
2024-12-23,rmt_rie,equal_weight,0.005676,0.006161,0.000032,0.000038,13.800375,0.062500,687.111340,6.373319,0.475241,0.063492,0.000703,0.000001
2024-12-23,rmt_rie,inverse_variance,0.004596,0.005154,0.000021,0.000027,14.226838,0.101499,687.111340,6.373319,0.475241,0.063492,0.000703,0.000001
2024-12-23,rmt_rie,minimum_variance,0.003987,0.004062,0.000016,0.000016,6.487388,0.167075,687.111340,6.373319,0.475241,0.063492,0.000703,0.000001
2024-12-23,rmt_rie,risk_parity,0.004885,0.005320,0.000024,0.000028,16.000000,0.074950,687.111340,6.373319,0.475241,0.063492,0.000703,0.000001
2024-12-23,rmt_rie,hrp,0.004463,0.004945,0.000020,0.000024,13.556873,0.107058,687.111340,6.373319,0.475241,0.063492,0.000703,0.000001
2024-12-23,rmt_rie,max_diversification,0.004989,0.004864,0.000025,0.000024,6.452235,0.147626,687.111340,6.373319,0.475241,0.063492,0.000703,0.000001
2024-12-23,factor_model,equal_weight,0.006163,0.006161,0.000038,0.000038,13.787252,0.062500,687.111340,6.373319,0.475241,0.063492,0.000703,0.000001
2024-12-23,factor_model,inverse_variance,0.004995,0.005166,0.000025,0.000027,14.318054,0.099745,687.111340,6.373319,0.475241,0.063492,0.000703,0.000001
2024-12-23,factor_model,minimum_variance,0.004184,0.004004,0.000018,0.000016,6.214314,0.170894,687.111340,6.373319,0.475241,0.063492,0.000703,0.000001
2024-12-23,factor_model,risk_parity,0.005252,0.005283,0.000028,0.000028,16.000000,0.076309,687.111340,6.373319,0.475241,0.063492,0.000703,0.000001
2024-12-23,factor_model,hrp,0.004817,0.004903,0.000023,0.000024,12.798675,0.115922,687.111340,6.373319,0.475241,0.063492,0.000703,0.000001
2024-12-23,factor_model,max_diversification,0.004611,0.004384,0.000021,0.000019,4.463270,0.209603,687.111340,6.373319,0.475241,0.063492,0.000703,0.000001
2025-01-27,sample,equal_weight,0.006145,0.005042,0.000038,0.000025,13.829870,0.062500,650.256417,6.332694,0.478445,0.063492,0.000721,0.000001
2025-01-27,sample,inverse_variance,0.004984,0.004088,0.000025,0.000017,14.279300,0.101182,650.256417,6.332694,0.478445,0.063492,0.000721,0.000001
2025-01-27,sample,minimum_variance,0.004242,0.004582,0.000018,0.000021,6.164023,0.173580,650.256417,6.332694,0.478445,0.063492,0.000721,0.000001
2025-01-27,sample,risk_parity,0.005278,0.004382,0.000028,0.000019,16.000000,0.075087,650.256417,6.332694,0.478445,0.063492,0.000721,0.000001
2025-01-27,sample,hrp,0.004720,0.003974,0.000022,0.000016,12.528916,0.122948,650.256417,6.332694,0.478445,0.063492,0.000721,0.000001
2025-01-27,sample,max_diversification,0.005261,0.005623,0.000028,0.000032,5.817740,0.160442,650.256417,6.332694,0.478445,0.063492,0.000721,0.000001
2025-01-27,ledoit_wolf,equal_weight,0.006028,0.005042,0.000036,0.000025,13.854171,0.062500,650.256417,6.332694,0.478445,0.063492,0.000721,0.000001
2025-01-27,ledoit_wolf,inverse_variance,0.005008,0.004152,0.000025,0.000017,14.563558,0.092554,650.256417,6.332694,0.478445,0.063492,0.000721,0.000001
2025-01-27,ledoit_wolf,minimum_variance,0.004225,0.004548,0.000018,0.000021,6.218207,0.171215,650.256417,6.332694,0.478445,0.063492,0.000721,0.000001
2025-01-27,ledoit_wolf,risk_parity,0.005208,0.004398,0.000027,0.000019,16.000000,0.074195,650.256417,6.332694,0.478445,0.063492,0.000721,0.000001
2025-01-27,ledoit_wolf,hrp,0.004749,0.004027,0.000023,0.000016,13.007167,0.111897,650.256417,6.332694,0.478445,0.063492,0.000721,0.000001
2025-01-27,ledoit_wolf,max_diversification,0.004783,0.005040,0.000023,0.000025,6.908904,0.131904,650.256417,6.332694,0.478445,0.063492,0.000721,0.000001
2025-01-27,constant_corr,equal_weight,0.006133,0.005042,0.000038,0.000025,13.829870,0.062500,650.256417,6.332694,0.478445,0.063492,0.000721,0.000001
2025-01-27,constant_corr,inverse_variance,0.004974,0.004088,0.000025,0.000017,14.279300,0.101182,650.256417,6.332694,0.478445,0.063492,0.000721,0.000001
2025-01-27,constant_corr,minimum_variance,0.004233,0.004582,0.000018,0.000021,6.164105,0.173579,650.256417,6.332694,0.478445,0.063492,0.000721,0.000001
2025-01-27,constant_corr,risk_parity,0.005268,0.004382,0.000028,0.000019,16.000000,0.075087,650.256417,6.332694,0.478445,0.063492,0.000721,0.000001
2025-01-27,constant_corr,hrp,0.004710,0.003974,0.000022,0.000016,12.528916,0.122948,650.256417,6.332694,0.478445,0.063492,0.000721,0.000001
2025-01-27,constant_corr,max_diversification,0.005251,0.005623,0.000028,0.000032,5.817741,0.160442,650.256417,6.332694,0.478445,0.063492,0.000721,0.000001
2025-01-27,rmt_hard,equal_weight,0.006148,0.005042,0.000038,0.000025,13.819491,0.062500,650.256417,6.332694,0.478445,0.063492,0.000721,0.000001
2025-01-27,rmt_hard,inverse_variance,0.005024,0.004138,0.000025,0.000017,14.438565,0.096071,650.256417,6.332694,0.478445,0.063492,0.000721,0.000001
2025-01-27,rmt_hard,minimum_variance,0.004159,0.004741,0.000017,0.000022,6.007006,0.176386,650.256417,6.332694,0.478445,0.063492,0.000721,0.000001
2025-01-27,rmt_hard,risk_parity,0.005266,0.004381,0.000028,0.000019,16.000000,0.075359,650.256417,6.332694,0.478445,0.063492,0.000721,0.000001
2025-01-27,rmt_hard,hrp,0.004717,0.004011,0.000022,0.000016,12.704922,0.118557,650.256417,6.332694,0.478445,0.063492,0.000721,0.000001
2025-01-27,rmt_hard,max_diversification,0.004641,0.005249,0.000022,0.000028,5.734251,0.159819,650.256417,6.332694,0.478445,0.063492,0.000721,0.000001
2025-01-27,rmt_soft,equal_weight,0.006148,0.005042,0.000038,0.000025,13.822161,0.062500,650.256417,6.332694,0.478445,0.063492,0.000721,0.000001
2025-01-27,rmt_soft,inverse_variance,0.005018,0.004123,0.000025,0.000017,14.380958,0.097651,650.256417,6.332694,0.478445,0.063492,0.000721,0.000001
2025-01-27,rmt_soft,minimum_variance,0.004246,0.004601,0.000018,0.000021,6.193042,0.172697,650.256417,6.332694,0.478445,0.063492,0.000721,0.000001
2025-01-27,rmt_soft,risk_parity,0.005277,0.004381,0.000028,0.000019,16.000000,0.075160,650.256417,6.332694,0.478445,0.063492,0.000721,0.000001
2025-01-27,rmt_soft,hrp,0.004744,0.003995,0.000023,0.000016,12.708741,0.118528,650.256417,6.332694,0.478445,0.063492,0.000721,0.000001
2025-01-27,rmt_soft,max_diversification,0.004822,0.005138,0.000023,0.000026,6.393183,0.142215,650.256417,6.332694,0.478445,0.063492,0.000721,0.000001
2025-01-27,rmt_rie,equal_weight,0.005764,0.005042,0.000033,0.000025,13.832488,0.062500,650.256417,6.332694,0.478445,0.063492,0.000721,0.000001
2025-01-27,rmt_rie,inverse_variance,0.004659,0.004071,0.000022,0.000017,14.200729,0.103053,650.256417,6.332694,0.478445,0.063492,0.000721,0.000001
2025-01-27,rmt_rie,minimum_variance,0.004012,0.004558,0.000016,0.000021,6.260937,0.170973,650.256417,6.332694,0.478445,0.063492,0.000721,0.000001
2025-01-27,rmt_rie,risk_parity,0.004957,0.004380,0.000025,0.000019,16.000000,0.075010,650.256417,6.332694,0.478445,0.063492,0.000721,0.000001
2025-01-27,rmt_rie,hrp,0.004419,0.003966,0.000020,0.000016,12.381913,0.125139,650.256417,6.332694,0.478445,0.063492,0.000721,0.000001
2025-01-27,rmt_rie,max_diversification,0.004981,0.005399,0.000025,0.000029,6.271984,0.153508,650.256417,6.332694,0.478445,0.063492,0.000721,0.000001
2025-01-27,factor_model,equal_weight,0.006257,0.005042,0.000039,0.000025,13.830064,0.062500,650.256417,6.332694,0.478445,0.063492,0.000721,0.000001
2025-01-27,factor_model,inverse_variance,0.005068,0.004088,0.000026,0.000017,14.282609,0.101182,650.256417,6.332694,0.478445,0.063492,0.000721,0.000001
2025-01-27,factor_model,minimum_variance,0.004227,0.004603,0.000018,0.000021,6.368450,0.167271,650.256417,6.332694,0.478445,0.063492,0.000721,0.000001
2025-01-27,factor_model,risk_parity,0.005336,0.004387,0.000028,0.000019,16.000000,0.076191,650.256417,6.332694,0.478445,0.063492,0.000721,0.000001
2025-01-27,factor_model,hrp,0.004886,0.003969,0.000024,0.000016,12.696305,0.117199,650.256417,6.332694,0.478445,0.063492,0.000721,0.000001
2025-01-27,factor_model,max_diversification,0.004604,0.005967,0.000021,0.000036,4.570295,0.209646,650.256417,6.332694,0.478445,0.063492,0.000721,0.000001
2025-02-26,sample,equal_weight,0.005951,0.008358,0.000035,0.000070,13.704524,0.062500,594.473728,6.566622,0.464313,0.063492,0.000688,0.000001
2025-02-26,sample,inverse_variance,0.004803,0.006093,0.000023,0.000037,14.277560,0.103368,594.473728,6.566622,0.464313,0.063492,0.000688,0.000001
2025-02-26,sample,minimum_variance,0.004162,0.004866,0.000017,0.000024,6.440068,0.167894,594.473728,6.566622,0.464313,0.063492,0.000688,0.000001
2025-02-26,sample,risk_parity,0.005078,0.006542,0.000026,0.000043,16.000000,0.075783,594.473728,6.566622,0.464313,0.063492,0.000688,0.000001
2025-02-26,sample,hrp,0.004642,0.005598,0.000022,0.000031,13.429404,0.110962,594.473728,6.566622,0.464313,0.063492,0.000688,0.000001
2025-02-26,sample,max_diversification,0.005092,0.006181,0.000026,0.000038,6.024315,0.163979,594.473728,6.566622,0.464313,0.063492,0.000688,0.000001
2025-02-26,ledoit_wolf,equal_weight,0.005830,0.008358,0.000034,0.000070,13.733652,0.062500,594.473728,6.566622,0.464313,0.063492,0.000688,0.000001
2025-02-26,ledoit_wolf,inverse_variance,0.004838,0.006347,0.000023,0.000040,14.587574,0.092978,594.473728,6.566622,0.464313,0.063492,0.000688,0.000001
2025-02-26,ledoit_wolf,minimum_variance,0.004144,0.004868,0.000017,0.000024,6.497435,0.165147,594.473728,6.566622,0.464313,0.063492,0.000688,0.000001
2025-02-26,ledoit_wolf,risk_parity,0.005010,0.006592,0.000025,0.000043,16.000000,0.074685,594.473728,6.566622,0.464313,0.063492,0.000688,0.000001
2025-02-26,ledoit_wolf,hrp,0.004625,0.005762,0.000021,0.000033,13.588842,0.102511,594.473728,6.566622,0.464313,0.063492,0.000688,0.000001
2025-02-26,ledoit_wolf,max_diversification,0.004634,0.005567,0.000021,0.000031,7.259944,0.129329,594.473728,6.566622,0.464313,0.063492,0.000688,0.000001
2025-02-26,constant_corr,equal_weight,0.005938,0.008358,0.000035,0.000070,13.723698,0.062500,594.473728,6.566622,0.464313,0.063492,0.000688,0.000001
2025-02-26,constant_corr,inverse_variance,0.004795,0.006093,0.000023,0.000037,14.280295,0.103368,594.473728,6.566622,0.464313,0.063492,0.000688,0.000001
2025-02-26,constant_corr,minimum_variance,0.004161,0.004869,0.000017,0.000024,6.443255,0.167832,594.473728,6.566622,0.464313,0.063492,0.000688,0.000001
2025-02-26,constant_corr,risk_parity,0.005074,0.006549,0.000026,0.000043,16.000000,0.075703,594.473728,6.566622,0.464313,0.063492,0.000688,0.000001
2025-02-26,constant_corr,hrp,0.004636,0.005601,0.000021,0.000031,13.439187,0.110944,594.473728,6.566622,0.464313,0.063492,0.000688,0.000001
2025-02-26,constant_corr,max_diversification,0.005097,0.006180,0.000026,0.000038,6.060199,0.162848,594.473728,6.566622,0.464313,0.063492,0.000688,0.000001
2025-02-26,rmt_hard,equal_weight,0.005954,0.008358,0.000035,0.000070,13.693377,0.062500,594.473728,6.566622,0.464313,0.063492,0.000688,0.000001
2025-02-26,rmt_hard,inverse_variance,0.004852,0.006205,0.000024,0.000039,14.415755,0.097913,594.473728,6.566622,0.464313,0.063492,0.000688,0.000001
2025-02-26,rmt_hard,minimum_variance,0.004148,0.004904,0.000017,0.000024,6.447497,0.167868,594.473728,6.566622,0.464313,0.063492,0.000688,0.000001
2025-02-26,rmt_hard,risk_parity,0.005074,0.006539,0.000026,0.000043,16.000000,0.075910,594.473728,6.566622,0.464313,0.063492,0.000688,0.000001
2025-02-26,rmt_hard,hrp,0.004700,0.005732,0.000022,0.000033,13.766934,0.107409,594.473728,6.566622,0.464313,0.063492,0.000688,0.000001
2025-02-26,rmt_hard,max_diversification,0.004685,0.005705,0.000022,0.000033,5.860544,0.154916,594.473728,6.566622,0.464313,0.063492,0.000688,0.000001
2025-02-26,rmt_soft,equal_weight,0.005954,0.008358,0.000035,0.000070,13.696150,0.062500,594.473728,6.566622,0.464313,0.063492,0.000688,0.000001
2025-02-26,rmt_soft,inverse_variance,0.004837,0.006159,0.000023,0.000038,14.387558,0.099621,594.473728,6.566622,0.464313,0.063492,0.000688,0.000001
2025-02-26,rmt_soft,minimum_variance,0.004165,0.004851,0.000017,0.000024,6.502706,0.166458,594.473728,6.566622,0.464313,0.063492,0.000688,0.000001
2025-02-26,rmt_soft,risk_parity,0.005077,0.006539,0.000026,0.000043,16.000000,0.075865,594.473728,6.566622,0.464313,0.063492,0.000688,0.000001
2025-02-26,rmt_soft,hrp,0.004636,0.005599,0.000021,0.000031,13.483188,0.111178,594.473728,6.566622,0.464313,0.063492,0.000688,0.000001
2025-02-26,rmt_soft,max_diversification,0.004729,0.005546,0.000022,0.000031,6.606520,0.140243,594.473728,6.566622,0.464313,0.063492,0.000688,0.000001
2025-02-26,rmt_rie,equal_weight,0.005581,0.008358,0.000031,0.000070,13.711991,0.062500,594.473728,6.566622,0.464313,0.063492,0.000688,0.000001
2025-02-26,rmt_rie,inverse_variance,0.004488,0.006054,0.000020,0.000037,14.158745,0.105841,594.473728,6.566622,0.464313,0.063492,0.000688,0.000001
2025-02-26,rmt_rie,minimum_variance,0.003945,0.004899,0.000016,0.000024,6.456384,0.166244,594.473728,6.566622,0.464313,0.063492,0.000688,0.000001
2025-02-26,rmt_rie,risk_parity,0.004770,0.006554,0.000023,0.000043,16.000000,0.075692,594.473728,6.566622,0.464313,0.063492,0.000688,0.000001
2025-02-26,rmt_rie,hrp,0.004351,0.005598,0.000019,0.000031,13.354426,0.112316,594.473728,6.566622,0.464313,0.063492,0.000688,0.000001
2025-02-26,rmt_rie,max_diversification,0.004804,0.006158,0.000023,0.000038,6.571499,0.150403,594.473728,6.566622,0.464313,0.063492,0.000688,0.000001
2025-02-26,factor_model,equal_weight,0.006072,0.008358,0.000037,0.000070,13.733169,0.062500,594.473728,6.566622,0.464313,0.063492,0.000688,0.000001
2025-02-26,factor_model,inverse_variance,0.004897,0.006093,0.000024,0.000037,14.280536,0.103368,594.473728,6.566622,0.464313,0.063492,0.000688,0.000001
2025-02-26,factor_model,minimum_variance,0.004106,0.005019,0.000017,0.000025,6.646561,0.162095,594.473728,6.566622,0.464313,0.063492,0.000688,0.000001
2025-02-26,factor_model,risk_parity,0.005136,0.006509,0.000026,0.000042,16.000000,0.077397,594.473728,6.566622,0.464313,0.063492,0.000688,0.000001
2025-02-26,factor_model,hrp,0.004663,0.005343,0.000022,0.000029,12.578096,0.118648,594.473728,6.566622,0.464313,0.063492,0.000688,0.000001
2025-02-26,factor_model,max_diversification,0.004424,0.005516,0.000020,0.000030,4.543110,0.206673,594.473728,6.566622,0.464313,0.063492,0.000688,0.000001
2025-03-27,sample,equal_weight,0.006317,0.022870,0.000040,0.000523,13.450068,0.062500,661.991324,6.216343,0.489668,0.063492,0.000793,0.000001
2025-03-27,sample,inverse_variance,0.004951,0.016427,0.000025,0.000270,14.336891,0.109299,661.991324,6.216343,0.489668,0.063492,0.000793,0.000001
2025-03-27,sample,minimum_variance,0.004292,0.013362,0.000018,0.000179,6.431078,0.165862,661.991324,6.216343,0.489668,0.063492,0.000793,0.000001
2025-03-27,sample,risk_parity,0.005239,0.018016,0.000027,0.000325,16.000000,0.079151,661.991324,6.216343,0.489668,0.063492,0.000793,0.000001
2025-03-27,sample,hrp,0.004589,0.013701,0.000021,0.000188,11.735514,0.139291,661.991324,6.216343,0.489668,0.063492,0.000793,0.000001
2025-03-27,sample,max_diversification,0.005127,0.017345,0.000026,0.000301,5.690673,0.172034,661.991324,6.216343,0.489668,0.063492,0.000793,0.000001
2025-03-27,ledoit_wolf,equal_weight,0.006207,0.022870,0.000039,0.000523,13.475676,0.062500,661.991324,6.216343,0.489668,0.063492,0.000793,0.000001
2025-03-27,ledoit_wolf,inverse_variance,0.005005,0.017116,0.000025,0.000293,14.617714,0.098142,661.991324,6.216343,0.489668,0.063492,0.000793,0.000001
2025-03-27,ledoit_wolf,minimum_variance,0.004276,0.013391,0.000018,0.000179,6.739102,0.160522,661.991324,6.216343,0.489668,0.063492,0.000793,0.000001
2025-03-27,ledoit_wolf,risk_parity,0.005186,0.018157,0.000027,0.000330,16.000000,0.077829,661.991324,6.216343,0.489668,0.063492,0.000793,0.000001
2025-03-27,ledoit_wolf,hrp,0.004738,0.015611,0.000022,0.000244,13.320593,0.110655,661.991324,6.216343,0.489668,0.063492,0.000793,0.000001
2025-03-27,ledoit_wolf,max_diversification,0.004621,0.015405,0.000021,0.000237,6.824121,0.146679,661.991324,6.216343,0.489668,0.063492,0.000793,0.000001
2025-03-27,constant_corr,equal_weight,0.006305,0.022870,0.000040,0.000523,13.450493,0.062500,661.991324,6.216343,0.489668,0.063492,0.000793,0.000001
2025-03-27,constant_corr,inverse_variance,0.004941,0.016427,0.000024,0.000270,14.336925,0.109299,661.991324,6.216343,0.489668,0.063492,0.000793,0.000001
2025-03-27,constant_corr,minimum_variance,0.004284,0.013362,0.000018,0.000179,6.431211,0.165860,661.991324,6.216343,0.489668,0.063492,0.000793,0.000001
2025-03-27,constant_corr,risk_parity,0.005228,0.018017,0.000027,0.000325,16.000000,0.079148,661.991324,6.216343,0.489668,0.063492,0.000793,0.000001
2025-03-27,constant_corr,hrp,0.004580,0.013702,0.000021,0.000188,11.735959,0.139288,661.991324,6.216343,0.489668,0.063492,0.000793,0.000001
2025-03-27,constant_corr,max_diversification,0.005116,0.017338,0.000026,0.000301,5.695174,0.171799,661.991324,6.216343,0.489668,0.063492,0.000793,0.000001
2025-03-27,rmt_hard,equal_weight,0.006320,0.022870,0.000040,0.000523,13.442988,0.062500,661.991324,6.216343,0.489668,0.063492,0.000793,0.000001
2025-03-27,rmt_hard,inverse_variance,0.005005,0.016765,0.000025,0.000281,14.430415,0.103482,661.991324,6.216343,0.489668,0.063492,0.000793,0.000001
2025-03-27,rmt_hard,minimum_variance,0.004280,0.013436,0.000018,0.000181,6.493518,0.164797,661.991324,6.216343,0.489668,0.063492,0.000793,0.000001
2025-03-27,rmt_hard,risk_parity,0.005236,0.018016,0.000027,0.000325,16.000000,0.079220,661.991324,6.216343,0.489668,0.063492,0.000793,0.000001
2025-03-27,rmt_hard,hrp,0.004807,0.015306,0.000023,0.000234,13.566945,0.115933,661.991324,6.216343,0.489668,0.063492,0.000793,0.000001
2025-03-27,rmt_hard,max_diversification,0.004658,0.015576,0.000022,0.000243,5.717390,0.169881,661.991324,6.216343,0.489668,0.063492,0.000793,0.000001
2025-03-27,rmt_soft,equal_weight,0.006320,0.022870,0.000040,0.000523,13.443272,0.062500,661.991324,6.216343,0.489668,0.063492,0.000793,0.000001
2025-03-27,rmt_soft,inverse_variance,0.004985,0.016618,0.000025,0.000276,14.426116,0.105408,661.991324,6.216343,0.489668,0.063492,0.000793,0.000001
2025-03-27,rmt_soft,minimum_variance,0.004293,0.013294,0.000018,0.000177,6.497651,0.164724,661.991324,6.216343,0.489668,0.063492,0.000793,0.000001
2025-03-27,rmt_soft,risk_parity,0.005238,0.018012,0.000027,0.000324,16.000000,0.079195,661.991324,6.216343,0.489668,0.063492,0.000793,0.000001
2025-03-27,rmt_soft,hrp,0.004789,0.015314,0.000023,0.000235,13.302790,0.115148,661.991324,6.216343,0.489668,0.063492,0.000793,0.000001
2025-03-27,rmt_soft,max_diversification,0.004687,0.015316,0.000022,0.000235,6.217956,0.158832,661.991324,6.216343,0.489668,0.063492,0.000793,0.000001
2025-03-27,rmt_rie,equal_weight,0.005926,0.022870,0.000035,0.000523,13.459319,0.062500,661.991324,6.216343,0.489668,0.063492,0.000793,0.000001
2025-03-27,rmt_rie,inverse_variance,0.004627,0.016311,0.000021,0.000266,14.210024,0.112144,661.991324,6.216343,0.489668,0.063492,0.000793,0.000001
2025-03-27,rmt_rie,minimum_variance,0.004070,0.013412,0.000017,0.000180,6.734793,0.160513,661.991324,6.216343,0.489668,0.063492,0.000793,0.000001
2025-03-27,rmt_rie,risk_parity,0.004922,0.018032,0.000024,0.000325,16.000000,0.079075,661.991324,6.216343,0.489668,0.063492,0.000793,0.000001
2025-03-27,rmt_rie,hrp,0.004446,0.015082,0.000020,0.000227,13.046158,0.122222,661.991324,6.216343,0.489668,0.063492,0.000793,0.000001
2025-03-27,rmt_rie,max_diversification,0.004703,0.016733,0.000022,0.000280,6.751174,0.140108,661.991324,6.216343,0.489668,0.063492,0.000793,0.000001
2025-03-27,factor_model,equal_weight,0.006434,0.022870,0.000041,0.000523,13.500629,0.062500,661.991324,6.216343,0.489668,0.063492,0.000793,0.000001
2025-03-27,factor_model,inverse_variance,0.005047,0.016427,0.000025,0.000270,14.309774,0.109299,661.991324,6.216343,0.489668,0.063492,0.000793,0.000001
2025-03-27,factor_model,minimum_variance,0.004249,0.013746,0.000018,0.000189,6.899129,0.157772,661.991324,6.216343,0.489668,0.063492,0.000793,0.000001
2025-03-27,factor_model,risk_parity,0.005288,0.017946,0.000028,0.000322,16.000000,0.081271,661.991324,6.216343,0.489668,0.063492,0.000793,0.000001
2025-03-27,factor_model,hrp,0.004647,0.013772,0.000022,0.000190,11.446784,0.149042,661.991324,6.216343,0.489668,0.063492,0.000793,0.000001
2025-03-27,factor_model,max_diversification,0.004493,0.015486,0.000020,0.000240,4.671886,0.202766,661.991324,6.216343,0.489668,0.063492,0.000793,0.000001
2025-04-28,sample,equal_weight,0.008849,0.007133,0.000078,0.000051,13.071673,0.062500,1063.807777,4.337987,0.636199,0.063492,0.001575,0.000001
2025-04-28,sample,inverse_variance,0.005831,0.005328,0.000034,0.000028,14.585559,0.149671,1063.807777,4.337987,0.636199,0.063492,0.001575,0.000001
2025-04-28,sample,minimum_variance,0.005201,0.005976,0.000027,0.000036,5.472718,0.185365,1063.807777,4.337987,0.636199,0.063492,0.001575,0.000001
2025-04-28,sample,risk_parity,0.006383,0.005324,0.000041,0.000028,16.000000,0.104560,1063.807777,4.337987,0.636199,0.063492,0.001575,0.000001
2025-04-28,sample,hrp,0.005292,0.005153,0.000028,0.000027,11.151493,0.188090,1063.807777,4.337987,0.636199,0.063492,0.001575,0.000001
2025-04-28,sample,max_diversification,0.005610,0.004832,0.000031,0.000023,6.270735,0.174478,1063.807777,4.337987,0.636199,0.063492,0.001575,0.000001
2025-04-28,ledoit_wolf,equal_weight,0.008458,0.007133,0.000072,0.000051,13.132306,0.062500,1063.807777,4.337987,0.636199,0.063492,0.001575,0.000001
2025-04-28,ledoit_wolf,inverse_variance,0.006354,0.005794,0.000040,0.000034,15.236564,0.099575,1063.807777,4.337987,0.636199,0.063492,0.001575,0.000001
2025-04-28,ledoit_wolf,minimum_variance,0.005199,0.005886,0.000027,0.000035,5.971693,0.175241,1063.807777,4.337987,0.636199,0.063492,0.001575,0.000001
2025-04-28,ledoit_wolf,risk_parity,0.006391,0.005478,0.000041,0.000030,16.000000,0.092543,1063.807777,4.337987,0.636199,0.063492,0.001575,0.000001
2025-04-28,ledoit_wolf,hrp,0.005719,0.005648,0.000033,0.000032,12.685335,0.127696,1063.807777,4.337987,0.636199,0.063492,0.001575,0.000001
2025-04-28,ledoit_wolf,max_diversification,0.005521,0.004901,0.000030,0.000024,6.912634,0.163931,1063.807777,4.337987,0.636199,0.063492,0.001575,0.000001
2025-04-28,constant_corr,equal_weight,0.008811,0.007133,0.000078,0.000051,13.152949,0.062500,1063.807777,4.337987,0.636199,0.063492,0.001575,0.000001
2025-04-28,constant_corr,inverse_variance,0.005840,0.005328,0.000034,0.000028,14.542787,0.149671,1063.807777,4.337987,0.636199,0.063492,0.001575,0.000001
2025-04-28,constant_corr,minimum_variance,0.005236,0.006037,0.000027,0.000036,5.431401,0.186404,1063.807777,4.337987,0.636199,0.063492,0.001575,0.000001
2025-04-28,constant_corr,risk_parity,0.006436,0.005360,0.000041,0.000029,16.000000,0.102677,1063.807777,4.337987,0.636199,0.063492,0.001575,0.000001
2025-04-28,constant_corr,hrp,0.005320,0.005153,0.000028,0.000027,11.219955,0.187197,1063.807777,4.337987,0.636199,0.063492,0.001575,0.000001
2025-04-28,constant_corr,max_diversification,0.005669,0.004829,0.000032,0.000023,6.323987,0.173750,1063.807777,4.337987,0.636199,0.063492,0.001575,0.000001
2025-04-28,rmt_hard,equal_weight,0.008849,0.007133,0.000078,0.000051,13.071794,0.062500,1063.807777,4.337987,0.636199,0.063492,0.001575,0.000001
2025-04-28,rmt_hard,inverse_variance,0.005877,0.005363,0.000035,0.000029,14.624877,0.145780,1063.807777,4.337987,0.636199,0.063492,0.001575,0.000001
2025-04-28,rmt_hard,minimum_variance,0.005193,0.006008,0.000027,0.000036,5.451716,0.185772,1063.807777,4.337987,0.636199,0.063492,0.001575,0.000001
2025-04-28,rmt_hard,risk_parity,0.006383,0.005324,0.000041,0.000028,16.000000,0.104487,1063.807777,4.337987,0.636199,0.063492,0.001575,0.000001
2025-04-28,rmt_hard,hrp,0.005326,0.005160,0.000028,0.000027,11.326351,0.185467,1063.807777,4.337987,0.636199,0.063492,0.001575,0.000001
2025-04-28,rmt_hard,max_diversification,0.005625,0.004805,0.000032,0.000023,5.897694,0.180240,1063.807777,4.337987,0.636199,0.063492,0.001575,0.000001
2025-04-28,rmt_soft,equal_weight,0.008849,0.007133,0.000078,0.000051,13.070404,0.062500,1063.807777,4.337987,0.636199,0.063492,0.001575,0.000001
2025-04-28,rmt_soft,inverse_variance,0.005847,0.005345,0.000034,0.000029,14.588365,0.147840,1063.807777,4.337987,0.636199,0.063492,0.001575,0.000001
2025-04-28,rmt_soft,minimum_variance,0.005201,0.005990,0.000027,0.000036,5.457323,0.185666,1063.807777,4.337987,0.636199,0.063492,0.001575,0.000001
2025-04-28,rmt_soft,risk_parity,0.006384,0.005324,0.000041,0.000028,16.000000,0.104481,1063.807777,4.337987,0.636199,0.063492,0.001575,0.000001
2025-04-28,rmt_soft,hrp,0.005308,0.005144,0.000028,0.000026,11.338991,0.186208,1063.807777,4.337987,0.636199,0.063492,0.001575,0.000001
2025-04-28,rmt_soft,max_diversification,0.005614,0.004834,0.000032,0.000023,6.238208,0.175058,1063.807777,4.337987,0.636199,0.063492,0.001575,0.000001
2025-04-28,rmt_rie,equal_weight,0.008309,0.007133,0.000069,0.000051,13.076781,0.062500,1063.807777,4.337987,0.636199,0.063492,0.001575,0.000001
2025-04-28,rmt_rie,inverse_variance,0.005452,0.005324,0.000030,0.000028,14.447807,0.153846,1063.807777,4.337987,0.636199,0.063492,0.001575,0.000001
2025-04-28,rmt_rie,minimum_variance,0.004922,0.005903,0.000024,0.000035,5.586311,0.182563,1063.807777,4.337987,0.636199,0.063492,0.001575,0.000001
2025-04-28,rmt_rie,risk_parity,0.005999,0.005335,0.000036,0.000028,16.000000,0.104658,1063.807777,4.337987,0.636199,0.063492,0.001575,0.000001
2025-04-28,rmt_rie,hrp,0.004958,0.005155,0.000025,0.000027,10.961088,0.192001,1063.807777,4.337987,0.636199,0.063492,0.001575,0.000001
2025-04-28,rmt_rie,max_diversification,0.005302,0.004830,0.000028,0.000023,6.353330,0.172995,1063.807777,4.337987,0.636199,0.063492,0.001575,0.000001
2025-04-28,factor_model,equal_weight,0.008949,0.007133,0.000080,0.000051,13.169212,0.062500,1063.807777,4.337987,0.636199,0.063492,0.001575,0.000001
2025-04-28,factor_model,inverse_variance,0.005928,0.005328,0.000035,0.000028,14.528020,0.149671,1063.807777,4.337987,0.636199,0.063492,0.001575,0.000001
2025-04-28,factor_model,minimum_variance,0.005343,0.005340,0.000029,0.000029,5.548124,0.181746,1063.807777,4.337987,0.636199,0.063492,0.001575,0.000001
2025-04-28,factor_model,risk_parity,0.006431,0.005299,0.000041,0.000028,16.000000,0.108779,1063.807777,4.337987,0.636199,0.063492,0.001575,0.000001
2025-04-28,factor_model,hrp,0.005321,0.005123,0.000028,0.000026,11.111636,0.197182,1063.807777,4.337987,0.636199,0.063492,0.001575,0.000001
2025-04-28,factor_model,max_diversification,0.005755,0.005051,0.000033,0.000026,4.627161,0.204814,1063.807777,4.337987,0.636199,0.063492,0.001575,0.000001
2025-05-28,sample,equal_weight,0.008935,0.004414,0.000080,0.000019,12.950666,0.062500,1096.745445,4.318713,0.634569,0.063492,0.001628,0.000001
2025-05-28,sample,inverse_variance,0.005892,0.003344,0.000035,0.000011,14.547038,0.151376,1096.745445,4.318713,0.634569,0.063492,0.001628,0.000001
2025-05-28,sample,minimum_variance,0.005307,0.003203,0.000028,0.000010,5.523701,0.184185,1096.745445,4.318713,0.634569,0.063492,0.001628,0.000001
2025-05-28,sample,risk_parity,0.006373,0.003271,0.000041,0.000011,16.000000,0.106183,1096.745445,4.318713,0.634569,0.063492,0.001628,0.000001
2025-05-28,sample,hrp,0.005074,0.003175,0.000026,0.000010,9.429944,0.226796,1096.745445,4.318713,0.634569,0.063492,0.001628,0.000001
2025-05-28,sample,max_diversification,0.005673,0.003267,0.000032,0.000011,6.168228,0.172323,1096.745445,4.318713,0.634569,0.063492,0.001628,0.000001
2025-05-28,ledoit_wolf,equal_weight,0.008564,0.004414,0.000073,0.000019,13.010329,0.062500,1096.745445,4.318713,0.634569,0.063492,0.001628,0.000001
2025-05-28,ledoit_wolf,inverse_variance,0.006418,0.003563,0.000041,0.000013,15.131667,0.101460,1096.745445,4.318713,0.634569,0.063492,0.001628,0.000001
2025-05-28,ledoit_wolf,minimum_variance,0.005299,0.003154,0.000028,0.000010,6.124252,0.171985,1096.745445,4.318713,0.634569,0.063492,0.001628,0.000001
2025-05-28,ledoit_wolf,risk_parity,0.006399,0.003348,0.000041,0.000011,16.000000,0.093928,1096.745445,4.318713,0.634569,0.063492,0.001628,0.000001
2025-05-28,ledoit_wolf,hrp,0.005768,0.003366,0.000033,0.000011,12.485003,0.130714,1096.745445,4.318713,0.634569,0.063492,0.001628,0.000001
2025-05-28,ledoit_wolf,max_diversification,0.005586,0.003218,0.000031,0.000010,6.862420,0.162785,1096.745445,4.318713,0.634569,0.063492,0.001628,0.000001
2025-05-28,constant_corr,equal_weight,0.008899,0.004414,0.000079,0.000019,13.035170,0.062500,1096.745445,4.318713,0.634569,0.063492,0.001628,0.000001
2025-05-28,constant_corr,inverse_variance,0.005900,0.003344,0.000035,0.000011,14.515119,0.151376,1096.745445,4.318713,0.634569,0.063492,0.001628,0.000001
2025-05-28,constant_corr,minimum_variance,0.005345,0.003214,0.000029,0.000010,5.504137,0.184670,1096.745445,4.318713,0.634569,0.063492,0.001628,0.000001
2025-05-28,constant_corr,risk_parity,0.006428,0.003291,0.000041,0.000011,16.000000,0.104342,1096.745445,4.318713,0.634569,0.063492,0.001628,0.000001
2025-05-28,constant_corr,hrp,0.005108,0.003175,0.000026,0.000010,9.548335,0.224753,1096.745445,4.318713,0.634569,0.063492,0.001628,0.000001
2025-05-28,constant_corr,max_diversification,0.005732,0.003256,0.000033,0.000011,6.312792,0.170076,1096.745445,4.318713,0.634569,0.063492,0.001628,0.000001
2025-05-28,rmt_hard,equal_weight,0.008936,0.004414,0.000080,0.000019,12.950307,0.062500,1096.745445,4.318713,0.634569,0.063492,0.001628,0.000001
2025-05-28,rmt_hard,inverse_variance,0.005930,0.003355,0.000035,0.000011,14.554381,0.148203,1096.745445,4.318713,0.634569,0.063492,0.001628,0.000001
2025-05-28,rmt_hard,minimum_variance,0.005303,0.003230,0.000028,0.000010,5.559536,0.183176,1096.745445,4.318713,0.634569,0.063492,0.001628,0.000001
2025-05-28,rmt_hard,risk_parity,0.006372,0.003271,0.000041,0.000011,16.000000,0.106144,1096.745445,4.318713,0.634569,0.063492,0.001628,0.000001
2025-05-28,rmt_hard,hrp,0.005106,0.003193,0.000026,0.000010,9.697346,0.224039,1096.745445,4.318713,0.634569,0.063492,0.001628,0.000001
2025-05-28,rmt_hard,max_diversification,0.005689,0.003321,0.000032,0.000011,5.855169,0.177275,1096.745445,4.318713,0.634569,0.063492,0.001628,0.000001
2025-05-28,rmt_soft,equal_weight,0.008936,0.004414,0.000080,0.000019,12.949498,0.062500,1096.745445,4.318713,0.634569,0.063492,0.001628,0.000001
2025-05-28,rmt_soft,inverse_variance,0.005901,0.003346,0.000035,0.000011,14.535949,0.150116,1096.745445,4.318713,0.634569,0.063492,0.001628,0.000001
2025-05-28,rmt_soft,minimum_variance,0.005308,0.003205,0.000028,0.000010,5.520327,0.184177,1096.745445,4.318713,0.634569,0.063492,0.001628,0.000001
2025-05-28,rmt_soft,risk_parity,0.006374,0.003271,0.000041,0.000011,16.000000,0.106116,1096.745445,4.318713,0.634569,0.063492,0.001628,0.000001
2025-05-28,rmt_soft,hrp,0.005067,0.003196,0.000026,0.000010,9.377944,0.228275,1096.745445,4.318713,0.634569,0.063492,0.001628,0.000001
2025-05-28,rmt_soft,max_diversification,0.005678,0.003274,0.000032,0.000011,6.134719,0.172993,1096.745445,4.318713,0.634569,0.063492,0.001628,0.000001
2025-05-28,rmt_rie,equal_weight,0.008392,0.004414,0.000070,0.000019,12.960735,0.062500,1096.745445,4.318713,0.634569,0.063492,0.001628,0.000001
2025-05-28,rmt_rie,inverse_variance,0.005511,0.003359,0.000030,0.000011,14.403028,0.155782,1096.745445,4.318713,0.634569,0.063492,0.001628,0.000001
2025-05-28,rmt_rie,minimum_variance,0.005024,0.003208,0.000025,0.000010,5.643313,0.181290,1096.745445,4.318713,0.634569,0.063492,0.001628,0.000001
2025-05-28,rmt_rie,risk_parity,0.005996,0.003283,0.000036,0.000011,16.000000,0.106315,1096.745445,4.318713,0.634569,0.063492,0.001628,0.000001
2025-05-28,rmt_rie,hrp,0.004915,0.003194,0.000024,0.000010,10.276461,0.213756,1096.745445,4.318713,0.634569,0.063492,0.001628,0.000001
2025-05-28,rmt_rie,max_diversification,0.005373,0.003241,0.000029,0.000011,6.637789,0.164936,1096.745445,4.318713,0.634569,0.063492,0.001628,0.000001
2025-05-28,factor_model,equal_weight,0.009038,0.004414,0.000082,0.000019,13.074199,0.062500,1096.745445,4.318713,0.634569,0.063492,0.001628,0.000001
2025-05-28,factor_model,inverse_variance,0.005986,0.003344,0.000036,0.000011,14.546296,0.151376,1096.745445,4.318713,0.634569,0.063492,0.001628,0.000001
2025-05-28,factor_model,minimum_variance,0.005416,0.003232,0.000029,0.000010,5.201911,0.190357,1096.745445,4.318713,0.634569,0.063492,0.001628,0.000001
2025-05-28,factor_model,risk_parity,0.006427,0.003264,0.000041,0.000011,16.000000,0.111214,1096.745445,4.318713,0.634569,0.063492,0.001628,0.000001
2025-05-28,factor_model,hrp,0.005172,0.003170,0.000027,0.000010,9.863028,0.225938,1096.745445,4.318713,0.634569,0.063492,0.001628,0.000001
2025-05-28,factor_model,max_diversification,0.005840,0.003994,0.000034,0.000016,4.353290,0.214689,1096.745445,4.318713,0.634569,0.063492,0.001628,0.000001
2025-06-27,sample,equal_weight,0.008900,0.004468,0.000079,0.000020,12.830635,0.062500,1175.705372,4.311828,0.637322,0.063492,0.001630,0.000001
2025-06-27,sample,inverse_variance,0.005778,0.003809,0.000033,0.000015,14.528056,0.153881,1175.705372,4.311828,0.637322,0.063492,0.001630,0.000001
2025-06-27,sample,minimum_variance,0.005164,0.003987,0.000027,0.000016,5.503393,0.184647,1175.705372,4.311828,0.637322,0.063492,0.001630,0.000001
2025-06-27,sample,risk_parity,0.006214,0.003847,0.000039,0.000015,16.000000,0.109105,1175.705372,4.311828,0.637322,0.063492,0.001630,0.000001
2025-06-27,sample,hrp,0.004929,0.003635,0.000024,0.000013,9.129741,0.233184,1175.705372,4.311828,0.637322,0.063492,0.001630,0.000001
2025-06-27,sample,max_diversification,0.005518,0.003478,0.000030,0.000012,6.261445,0.172881,1175.705372,4.311828,0.637322,0.063492,0.001630,0.000001
2025-06-27,ledoit_wolf,equal_weight,0.008531,0.004468,0.000073,0.000020,12.892218,0.062500,1175.705372,4.311828,0.637322,0.063492,0.001630,0.000001
2025-06-27,ledoit_wolf,inverse_variance,0.006328,0.004079,0.000040,0.000017,15.088131,0.102233,1175.705372,4.311828,0.637322,0.063492,0.001630,0.000001
2025-06-27,ledoit_wolf,minimum_variance,0.005169,0.004015,0.000027,0.000016,6.075347,0.173006,1175.705372,4.311828,0.637322,0.063492,0.001630,0.000001
2025-06-27,ledoit_wolf,risk_parity,0.006267,0.003943,0.000039,0.000016,16.000000,0.095645,1175.705372,4.311828,0.637322,0.063492,0.001630,0.000001
2025-06-27,ledoit_wolf,hrp,0.005401,0.003876,0.000029,0.000015,11.233367,0.156035,1175.705372,4.311828,0.637322,0.063492,0.001630,0.000001
2025-06-27,ledoit_wolf,max_diversification,0.005452,0.003525,0.000030,0.000012,6.927869,0.163741,1175.705372,4.311828,0.637322,0.063492,0.001630,0.000001
2025-06-27,constant_corr,equal_weight,0.008860,0.004468,0.000079,0.000020,12.924920,0.062500,1175.705372,4.311828,0.637322,0.063492,0.001630,0.000001
2025-06-27,constant_corr,inverse_variance,0.005788,0.003809,0.000034,0.000015,14.495993,0.153881,1175.705372,4.311828,0.637322,0.063492,0.001630,0.000001
2025-06-27,constant_corr,minimum_variance,0.005211,0.004011,0.000027,0.000016,5.489016,0.185011,1175.705372,4.311828,0.637322,0.063492,0.001630,0.000001
2025-06-27,constant_corr,risk_parity,0.006280,0.003863,0.000039,0.000015,16.000000,0.106932,1175.705372,4.311828,0.637322,0.063492,0.001630,0.000001
2025-06-27,constant_corr,hrp,0.004969,0.003638,0.000025,0.000013,9.269015,0.230822,1175.705372,4.311828,0.637322,0.063492,0.001630,0.000001
2025-06-27,constant_corr,max_diversification,0.005587,0.003496,0.000031,0.000012,6.464107,0.170102,1175.705372,4.311828,0.637322,0.063492,0.001630,0.000001
2025-06-27,rmt_hard,equal_weight,0.008900,0.004468,0.000079,0.000020,12.830366,0.062500,1175.705372,4.311828,0.637322,0.063492,0.001630,0.000001
2025-06-27,rmt_hard,inverse_variance,0.005814,0.003838,0.000034,0.000015,14.529119,0.150859,1175.705372,4.311828,0.637322,0.063492,0.001630,0.000001
2025-06-27,rmt_hard,minimum_variance,0.005159,0.004058,0.000027,0.000016,5.552339,0.183288,1175.705372,4.311828,0.637322,0.063492,0.001630,0.000001
2025-06-27,rmt_hard,risk_parity,0.006213,0.003848,0.000039,0.000015,16.000000,0.109098,1175.705372,4.311828,0.637322,0.063492,0.001630,0.000001
2025-06-27,rmt_hard,hrp,0.004937,0.003637,0.000024,0.000013,9.158008,0.234658,1175.705372,4.311828,0.637322,0.063492,0.001630,0.000001
2025-06-27,rmt_hard,max_diversification,0.005535,0.003423,0.000031,0.000012,6.156435,0.174648,1175.705372,4.311828,0.637322,0.063492,0.001630,0.000001
2025-06-27,rmt_soft,equal_weight,0.008900,0.004468,0.000079,0.000020,12.829524,0.062500,1175.705372,4.311828,0.637322,0.063492,0.001630,0.000001
2025-06-27,rmt_soft,inverse_variance,0.005785,0.003823,0.000033,0.000015,14.514407,0.152712,1175.705372,4.311828,0.637322,0.063492,0.001630,0.000001
2025-06-27,rmt_soft,minimum_variance,0.005165,0.003995,0.000027,0.000016,5.510786,0.184364,1175.705372,4.311828,0.637322,0.063492,0.001630,0.000001
2025-06-27,rmt_soft,risk_parity,0.006215,0.003848,0.000039,0.000015,16.000000,0.109040,1175.705372,4.311828,0.637322,0.063492,0.001630,0.000001
2025-06-27,rmt_soft,hrp,0.004924,0.003638,0.000024,0.000013,9.081590,0.234761,1175.705372,4.311828,0.637322,0.063492,0.001630,0.000001
2025-06-27,rmt_soft,max_diversification,0.005524,0.003474,0.000031,0.000012,6.249268,0.173226,1175.705372,4.311828,0.637322,0.063492,0.001630,0.000001
2025-06-27,rmt_rie,equal_weight,0.008359,0.004468,0.000070,0.000020,12.841799,0.062500,1175.705372,4.311828,0.637322,0.063492,0.001630,0.000001
2025-06-27,rmt_rie,inverse_variance,0.005409,0.003796,0.000029,0.000014,14.398783,0.158252,1175.705372,4.311828,0.637322,0.063492,0.001630,0.000001
2025-06-27,rmt_rie,minimum_variance,0.004898,0.004000,0.000024,0.000016,5.637499,0.181390,1175.705372,4.311828,0.637322,0.063492,0.001630,0.000001
2025-06-27,rmt_rie,risk_parity,0.005855,0.003852,0.000034,0.000015,16.000000,0.109026,1175.705372,4.311828,0.637322,0.063492,0.001630,0.000001
2025-06-27,rmt_rie,hrp,0.004617,0.003622,0.000021,0.000013,8.817296,0.240012,1175.705372,4.311828,0.637322,0.063492,0.001630,0.000001
2025-06-27,rmt_rie,max_diversification,0.005232,0.003531,0.000027,0.000012,6.721097,0.165001,1175.705372,4.311828,0.637322,0.063492,0.001630,0.000001
2025-06-27,factor_model,equal_weight,0.008998,0.004468,0.000081,0.000020,12.935091,0.062500,1175.705372,4.311828,0.637322,0.063492,0.001630,0.000001
2025-06-27,factor_model,inverse_variance,0.005860,0.003809,0.000034,0.000015,14.481583,0.153881,1175.705372,4.311828,0.637322,0.063492,0.001630,0.000001
2025-06-27,factor_model,minimum_variance,0.005179,0.003705,0.000027,0.000014,5.194586,0.190635,1175.705372,4.311828,0.637322,0.063492,0.001630,0.000001
2025-06-27,factor_model,risk_parity,0.006190,0.003783,0.000038,0.000014,16.000000,0.116557,1175.705372,4.311828,0.637322,0.063492,0.001630,0.000001
2025-06-27,factor_model,hrp,0.004922,0.003602,0.000024,0.000013,9.216347,0.244233,1175.705372,4.311828,0.637322,0.063492,0.001630,0.000001
2025-06-27,factor_model,max_diversification,0.005550,0.003552,0.000031,0.000013,4.538005,0.208199,1175.705372,4.311828,0.637322,0.063492,0.001630,0.000001
2025-07-29,sample,equal_weight,0.008828,0.005739,0.000078,0.000033,12.805617,0.062500,1186.176991,4.277068,0.640825,0.063492,0.001606,0.000001
2025-07-29,sample,inverse_variance,0.005671,0.004113,0.000032,0.000017,14.544150,0.157177,1186.176991,4.277068,0.640825,0.063492,0.001606,0.000001
2025-07-29,sample,minimum_variance,0.005054,0.004201,0.000026,0.000018,5.343143,0.188634,1186.176991,4.277068,0.640825,0.063492,0.001606,0.000001
2025-07-29,sample,risk_parity,0.006061,0.004331,0.000037,0.000019,16.000000,0.112390,1186.176991,4.277068,0.640825,0.063492,0.001606,0.000001
2025-07-29,sample,hrp,0.004785,0.003824,0.000023,0.000015,8.714675,0.245179,1186.176991,4.277068,0.640825,0.063492,0.001606,0.000001
2025-07-29,sample,max_diversification,0.005397,0.004182,0.000029,0.000017,6.325302,0.174073,1186.176991,4.277068,0.640825,0.063492,0.001606,0.000001
2025-07-29,ledoit_wolf,equal_weight,0.008453,0.005739,0.000071,0.000033,12.868964,0.062500,1186.176991,4.277068,0.640825,0.063492,0.001606,0.000001
2025-07-29,ledoit_wolf,inverse_variance,0.006255,0.004497,0.000039,0.000020,15.063463,0.102494,1186.176991,4.277068,0.640825,0.063492,0.001606,0.000001
2025-07-29,ledoit_wolf,minimum_variance,0.005069,0.004122,0.000026,0.000017,5.993054,0.174728,1186.176991,4.277068,0.640825,0.063492,0.001606,0.000001
2025-07-29,ledoit_wolf,risk_parity,0.006139,0.004462,0.000038,0.000020,16.000000,0.097304,1186.176991,4.277068,0.640825,0.063492,0.001606,0.000001
2025-07-29,ledoit_wolf,hrp,0.005297,0.004059,0.000028,0.000016,11.060726,0.158994,1186.176991,4.277068,0.640825,0.063492,0.001606,0.000001
2025-07-29,ledoit_wolf,max_diversification,0.005341,0.004144,0.000029,0.000017,6.895848,0.165650,1186.176991,4.277068,0.640825,0.063492,0.001606,0.000001
2025-07-29,constant_corr,equal_weight,0.008788,0.005739,0.000077,0.000033,12.903859,0.062500,1186.176991,4.277068,0.640825,0.063492,0.001606,0.000001
2025-07-29,constant_corr,inverse_variance,0.005683,0.004113,0.000032,0.000017,14.513607,0.157177,1186.176991,4.277068,0.640825,0.063492,0.001606,0.000001
2025-07-29,constant_corr,minimum_variance,0.005105,0.004204,0.000026,0.000018,5.337417,0.188784,1186.176991,4.277068,0.640825,0.063492,0.001606,0.000001
2025-07-29,constant_corr,risk_parity,0.006134,0.004354,0.000038,0.000019,16.000000,0.109966,1186.176991,4.277068,0.640825,0.063492,0.001606,0.000001
2025-07-29,constant_corr,hrp,0.004828,0.003828,0.000023,0.000015,8.872064,0.242482,1186.176991,4.277068,0.640825,0.063492,0.001606,0.000001
2025-07-29,constant_corr,max_diversification,0.005470,0.004175,0.000030,0.000017,6.474170,0.171754,1186.176991,4.277068,0.640825,0.063492,0.001606,0.000001
2025-07-29,rmt_hard,equal_weight,0.008829,0.005739,0.000078,0.000033,12.804125,0.062500,1186.176991,4.277068,0.640825,0.063492,0.001606,0.000001
2025-07-29,rmt_hard,inverse_variance,0.005717,0.004143,0.000033,0.000017,14.537841,0.152979,1186.176991,4.277068,0.640825,0.063492,0.001606,0.000001
2025-07-29,rmt_hard,minimum_variance,0.005029,0.004155,0.000025,0.000017,5.136552,0.193914,1186.176991,4.277068,0.640825,0.063492,0.001606,0.000001
2025-07-29,rmt_hard,risk_parity,0.006059,0.004330,0.000037,0.000019,16.000000,0.112353,1186.176991,4.277068,0.640825,0.063492,0.001606,0.000001
2025-07-29,rmt_hard,hrp,0.004808,0.003834,0.000023,0.000015,8.898957,0.241801,1186.176991,4.277068,0.640825,0.063492,0.001606,0.000001
2025-07-29,rmt_hard,max_diversification,0.005392,0.004223,0.000029,0.000018,6.013619,0.178689,1186.176991,4.277068,0.640825,0.063492,0.001606,0.000001
2025-07-29,rmt_soft,equal_weight,0.008829,0.005739,0.000078,0.000033,12.804329,0.062500,1186.176991,4.277068,0.640825,0.063492,0.001606,0.000001
2025-07-29,rmt_soft,inverse_variance,0.005678,0.004124,0.000032,0.000017,14.520404,0.155840,1186.176991,4.277068,0.640825,0.063492,0.001606,0.000001
2025-07-29,rmt_soft,minimum_variance,0.005058,0.004192,0.000026,0.000018,5.364016,0.187930,1186.176991,4.277068,0.640825,0.063492,0.001606,0.000001
2025-07-29,rmt_soft,risk_parity,0.006062,0.004332,0.000037,0.000019,16.000000,0.112291,1186.176991,4.277068,0.640825,0.063492,0.001606,0.000001
2025-07-29,rmt_soft,hrp,0.004802,0.003834,0.000023,0.000015,8.829582,0.242922,1186.176991,4.277068,0.640825,0.063492,0.001606,0.000001
2025-07-29,rmt_soft,max_diversification,0.005403,0.004187,0.000029,0.000018,6.311985,0.174474,1186.176991,4.277068,0.640825,0.063492,0.001606,0.000001
2025-07-29,rmt_rie,equal_weight,0.008294,0.005739,0.000069,0.000033,12.815657,0.062500,1186.176991,4.277068,0.640825,0.063492,0.001606,0.000001
2025-07-29,rmt_rie,inverse_variance,0.005298,0.004090,0.000028,0.000017,14.411792,0.162193,1186.176991,4.277068,0.640825,0.063492,0.001606,0.000001
2025-07-29,rmt_rie,minimum_variance,0.004795,0.004177,0.000023,0.000017,5.389218,0.187373,1186.176991,4.277068,0.640825,0.063492,0.001606,0.000001
2025-07-29,rmt_rie,risk_parity,0.005721,0.004335,0.000033,0.000019,16.000000,0.111945,1186.176991,4.277068,0.640825,0.063492,0.001606,0.000001
2025-07-29,rmt_rie,hrp,0.004492,0.003814,0.000020,0.000015,8.419200,0.250968,1186.176991,4.277068,0.640825,0.063492,0.001606,0.000001
2025-07-29,rmt_rie,max_diversification,0.005123,0.004144,0.000026,0.000017,6.711662,0.166788,1186.176991,4.277068,0.640825,0.063492,0.001606,0.000001
2025-07-29,factor_model,equal_weight,0.008923,0.005739,0.000080,0.000033,12.908446,0.062500,1186.176991,4.277068,0.640825,0.063492,0.001606,0.000001
2025-07-29,factor_model,inverse_variance,0.005742,0.004113,0.000033,0.000017,14.509192,0.157177,1186.176991,4.277068,0.640825,0.063492,0.001606,0.000001
2025-07-29,factor_model,minimum_variance,0.005067,0.004101,0.000026,0.000017,5.225697,0.190732,1186.176991,4.277068,0.640825,0.063492,0.001606,0.000001
2025-07-29,factor_model,risk_parity,0.006004,0.004266,0.000036,0.000018,16.000000,0.121397,1186.176991,4.277068,0.640825,0.063492,0.001606,0.000001
2025-07-29,factor_model,hrp,0.004746,0.003747,0.000023,0.000014,8.927303,0.255312,1186.176991,4.277068,0.640825,0.063492,0.001606,0.000001
2025-07-29,factor_model,max_diversification,0.005402,0.004356,0.000029,0.000019,4.532343,0.207622,1186.176991,4.277068,0.640825,0.063492,0.001606,0.000001
2025-08-27,sample,equal_weight,0.008635,0.003421,0.000075,0.000012,12.912012,0.062500,1183.950503,4.376945,0.633835,0.063492,0.001523,0.000001
2025-08-27,sample,inverse_variance,0.005528,0.003004,0.000031,0.000009,14.355862,0.164878,1183.950503,4.376945,0.633835,0.063492,0.001523,0.000001
2025-08-27,sample,minimum_variance,0.004985,0.003214,0.000025,0.000010,5.463518,0.185561,1183.950503,4.376945,0.633835,0.063492,0.001523,0.000001
2025-08-27,sample,risk_parity,0.006005,0.002804,0.000036,0.000008,16.000000,0.110290,1183.950503,4.376945,0.633835,0.063492,0.001523,0.000001
2025-08-27,sample,hrp,0.004689,0.002878,0.000022,0.000008,8.434615,0.254373,1183.950503,4.376945,0.633835,0.063492,0.001523,0.000001
2025-08-27,sample,max_diversification,0.005328,0.002625,0.000028,0.000007,6.363028,0.170256,1183.950503,4.376945,0.633835,0.063492,0.001523,0.000001
2025-08-27,ledoit_wolf,equal_weight,0.008232,0.003421,0.000068,0.000012,12.980783,0.062500,1183.950503,4.376945,0.633835,0.063492,0.001523,0.000001
2025-08-27,ledoit_wolf,inverse_variance,0.006165,0.003115,0.000038,0.000010,15.137139,0.101605,1183.950503,4.376945,0.633835,0.063492,0.001523,0.000001
2025-08-27,ledoit_wolf,minimum_variance,0.004996,0.003126,0.000025,0.000010,6.045831,0.173659,1183.950503,4.376945,0.633835,0.063492,0.001523,0.000001
2025-08-27,ledoit_wolf,risk_parity,0.006066,0.002843,0.000037,0.000008,16.000000,0.095176,1183.950503,4.376945,0.633835,0.063492,0.001523,0.000001
2025-08-27,ledoit_wolf,hrp,0.005237,0.002907,0.000027,0.000008,11.019892,0.159238,1183.950503,4.376945,0.633835,0.063492,0.001523,0.000001
2025-08-27,ledoit_wolf,max_diversification,0.005245,0.002594,0.000028,0.000007,7.151849,0.160467,1183.950503,4.376945,0.633835,0.063492,0.001523,0.000001
2025-08-27,constant_corr,equal_weight,0.008593,0.003421,0.000074,0.000012,13.027466,0.062500,1183.950503,4.376945,0.633835,0.063492,0.001523,0.000001
2025-08-27,constant_corr,inverse_variance,0.005543,0.003004,0.000031,0.000009,14.303638,0.164878,1183.950503,4.376945,0.633835,0.063492,0.001523,0.000001
2025-08-27,constant_corr,minimum_variance,0.005044,0.003243,0.000025,0.000011,5.444038,0.186045,1183.950503,4.376945,0.633835,0.063492,0.001523,0.000001
2025-08-27,constant_corr,risk_parity,0.006087,0.002824,0.000037,0.000008,16.000000,0.107702,1183.950503,4.376945,0.633835,0.063492,0.001523,0.000001
2025-08-27,constant_corr,hrp,0.004736,0.002880,0.000022,0.000008,8.613409,0.251264,1183.950503,4.376945,0.633835,0.063492,0.001523,0.000001
2025-08-27,constant_corr,max_diversification,0.005413,0.002621,0.000029,0.000007,6.549427,0.167899,1183.950503,4.376945,0.633835,0.063492,0.001523,0.000001
2025-08-27,rmt_hard,equal_weight,0.008635,0.003421,0.000075,0.000012,12.911561,0.062500,1183.950503,4.376945,0.633835,0.063492,0.001523,0.000001
2025-08-27,rmt_hard,inverse_variance,0.005544,0.003011,0.000031,0.000009,14.375221,0.163321,1183.950503,4.376945,0.633835,0.063492,0.001523,0.000001
2025-08-27,rmt_hard,minimum_variance,0.004988,0.003209,0.000025,0.000010,5.452589,0.185731,1183.950503,4.376945,0.633835,0.063492,0.001523,0.000001
2025-08-27,rmt_hard,risk_parity,0.006004,0.002804,0.000036,0.000008,16.000000,0.110288,1183.950503,4.376945,0.633835,0.063492,0.001523,0.000001
2025-08-27,rmt_hard,hrp,0.004700,0.002866,0.000022,0.000008,8.535909,0.252950,1183.950503,4.376945,0.633835,0.063492,0.001523,0.000001
2025-08-27,rmt_hard,max_diversification,0.005318,0.002620,0.000028,0.000007,6.098922,0.173131,1183.950503,4.376945,0.633835,0.063492,0.001523,0.000001
2025-08-27,rmt_soft,equal_weight,0.008636,0.003421,0.000075,0.000012,12.911310,0.062500,1183.950503,4.376945,0.633835,0.063492,0.001523,0.000001
2025-08-27,rmt_soft,inverse_variance,0.005530,0.003006,0.000031,0.000009,14.345014,0.164443,1183.950503,4.376945,0.633835,0.063492,0.001523,0.000001
2025-08-27,rmt_soft,minimum_variance,0.004988,0.003210,0.000025,0.000010,5.456141,0.185669,1183.950503,4.376945,0.633835,0.063492,0.001523,0.000001
2025-08-27,rmt_soft,risk_parity,0.006005,0.002804,0.000036,0.000008,16.000000,0.110288,1183.950503,4.376945,0.633835,0.063492,0.001523,0.000001
2025-08-27,rmt_soft,hrp,0.004697,0.002867,0.000022,0.000008,8.513010,0.253462,1183.950503,4.376945,0.633835,0.063492,0.001523,0.000001
2025-08-27,rmt_soft,max_diversification,0.005328,0.002623,0.000028,0.000007,6.273728,0.171231,1183.950503,4.376945,0.633835,0.063492,0.001523,0.000001
2025-08-27,rmt_rie,equal_weight,0.008111,0.003421,0.000066,0.000012,12.918560,0.062500,1183.950503,4.376945,0.633835,0.063492,0.001523,0.000001
2025-08-27,rmt_rie,inverse_variance,0.005164,0.003021,0.000027,0.000009,14.201177,0.169632,1183.950503,4.376945,0.633835,0.063492,0.001523,0.000001
2025-08-27,rmt_rie,minimum_variance,0.004727,0.003207,0.000022,0.000010,5.549679,0.183418,1183.950503,4.376945,0.633835,0.063492,0.001523,0.000001
2025-08-27,rmt_rie,risk_parity,0.005669,0.002819,0.000032,0.000008,16.000000,0.109555,1183.950503,4.376945,0.633835,0.063492,0.001523,0.000001
2025-08-27,rmt_rie,hrp,0.004365,0.002821,0.000019,0.000008,8.034803,0.266592,1183.950503,4.376945,0.633835,0.063492,0.001523,0.000001
2025-08-27,rmt_rie,max_diversification,0.005048,0.002545,0.000025,0.000006,6.746109,0.163856,1183.950503,4.376945,0.633835,0.063492,0.001523,0.000001
2025-08-27,factor_model,equal_weight,0.008732,0.003421,0.000076,0.000012,13.012266,0.062500,1183.950503,4.376945,0.633835,0.063492,0.001523,0.000001
2025-08-27,factor_model,inverse_variance,0.005593,0.003004,0.000031,0.000009,14.402551,0.164878,1183.950503,4.376945,0.633835,0.063492,0.001523,0.000001
2025-08-27,factor_model,minimum_variance,0.004988,0.003353,0.000025,0.000011,5.039481,0.195188,1183.950503,4.376945,0.633835,0.063492,0.001523,0.000001
2025-08-27,factor_model,risk_parity,0.005970,0.002838,0.000036,0.000008,16.000000,0.118165,1183.950503,4.376945,0.633835,0.063492,0.001523,0.000001
2025-08-27,factor_model,hrp,0.004619,0.002844,0.000021,0.000008,8.471740,0.269298,1183.950503,4.376945,0.633835,0.063492,0.001523,0.000001
2025-08-27,factor_model,max_diversification,0.005340,0.003328,0.000029,0.000011,4.550390,0.207972,1183.950503,4.376945,0.633835,0.063492,0.001523,0.000001
2025-09-26,sample,equal_weight,0.008508,0.005803,0.000072,0.000034,12.962828,0.062500,1164.841307,4.512599,0.623775,0.063492,0.001471,0.000001
2025-09-26,sample,inverse_variance,0.005536,0.002972,0.000031,0.000009,14.313278,0.162736,1164.841307,4.512599,0.623775,0.063492,0.001471,0.000001
2025-09-26,sample,minimum_variance,0.004963,0.004371,0.000025,0.000019,5.472060,0.185281,1164.841307,4.512599,0.623775,0.063492,0.001471,0.000001
2025-09-26,sample,risk_parity,0.005968,0.004121,0.000036,0.000017,16.000000,0.108150,1164.841307,4.512599,0.623775,0.063492,0.001471,0.000001
2025-09-26,sample,hrp,0.004622,0.002438,0.000021,0.000006,8.058036,0.265462,1164.841307,4.512599,0.623775,0.063492,0.001471,0.000001
2025-09-26,sample,max_diversification,0.005286,0.005101,0.000028,0.000026,6.440766,0.168965,1164.841307,4.512599,0.623775,0.063492,0.001471,0.000001
2025-09-26,ledoit_wolf,equal_weight,0.008083,0.005803,0.000065,0.000034,13.036936,0.062500,1164.841307,4.512599,0.623775,0.063492,0.001471,0.000001
2025-09-26,ledoit_wolf,inverse_variance,0.006163,0.003773,0.000038,0.000014,15.085036,0.098984,1164.841307,4.512599,0.623775,0.063492,0.001471,0.000001
2025-09-26,ledoit_wolf,minimum_variance,0.004969,0.004312,0.000025,0.000019,6.256032,0.169397,1164.841307,4.512599,0.623775,0.063492,0.001471,0.000001
2025-09-26,ledoit_wolf,risk_parity,0.006012,0.004339,0.000036,0.000019,16.000000,0.093509,1164.841307,4.512599,0.623775,0.063492,0.001471,0.000001
2025-09-26,ledoit_wolf,hrp,0.005229,0.003085,0.000027,0.000010,11.046599,0.155737,1164.841307,4.512599,0.623775,0.063492,0.001471,0.000001
2025-09-26,ledoit_wolf,max_diversification,0.005197,0.004850,0.000027,0.000024,7.339549,0.157114,1164.841307,4.512599,0.623775,0.063492,0.001471,0.000001
2025-09-26,constant_corr,equal_weight,0.008464,0.005803,0.000072,0.000034,13.097887,0.062500,1164.841307,4.512599,0.623775,0.063492,0.001471,0.000001
2025-09-26,constant_corr,inverse_variance,0.005552,0.002972,0.000031,0.000009,14.263807,0.162736,1164.841307,4.512599,0.623775,0.063492,0.001471,0.000001
2025-09-26,constant_corr,minimum_variance,0.005034,0.004287,0.000025,0.000018,5.455184,0.185709,1164.841307,4.512599,0.623775,0.063492,0.001471,0.000001
2025-09-26,constant_corr,risk_parity,0.006064,0.004112,0.000037,0.000017,16.000000,0.105364,1164.841307,4.512599,0.623775,0.063492,0.001471,0.000001
2025-09-26,constant_corr,hrp,0.004685,0.002448,0.000022,0.000006,8.319342,0.260805,1164.841307,4.512599,0.623775,0.063492,0.001471,0.000001
2025-09-26,constant_corr,max_diversification,0.005386,0.005057,0.000029,0.000026,6.607907,0.166652,1164.841307,4.512599,0.623775,0.063492,0.001471,0.000001
2025-09-26,rmt_hard,equal_weight,0.008508,0.005803,0.000072,0.000034,12.962303,0.062500,1164.841307,4.512599,0.623775,0.063492,0.001471,0.000001
2025-09-26,rmt_hard,inverse_variance,0.005561,0.002999,0.000031,0.000009,14.325362,0.160386,1164.841307,4.512599,0.623775,0.063492,0.001471,0.000001
2025-09-26,rmt_hard,minimum_variance,0.004957,0.004467,0.000025,0.000020,5.522184,0.183833,1164.841307,4.512599,0.623775,0.063492,0.001471,0.000001
2025-09-26,rmt_hard,risk_parity,0.005963,0.004122,0.000036,0.000017,16.000000,0.108312,1164.841307,4.512599,0.623775,0.063492,0.001471,0.000001
2025-09-26,rmt_hard,hrp,0.004698,0.002462,0.000022,0.000006,8.506046,0.251405,1164.841307,4.512599,0.623775,0.063492,0.001471,0.000001
2025-09-26,rmt_hard,max_diversification,0.005286,0.005048,0.000028,0.000025,6.329827,0.170618,1164.841307,4.512599,0.623775,0.063492,0.001471,0.000001
2025-09-26,rmt_soft,equal_weight,0.008508,0.005803,0.000072,0.000034,12.962001,0.062500,1164.841307,4.512599,0.623775,0.063492,0.001471,0.000001
2025-09-26,rmt_soft,inverse_variance,0.005538,0.002979,0.000031,0.000009,14.302329,0.161941,1164.841307,4.512599,0.623775,0.063492,0.001471,0.000001
2025-09-26,rmt_soft,minimum_variance,0.004966,0.004387,0.000025,0.000019,5.478342,0.185011,1164.841307,4.512599,0.623775,0.063492,0.001471,0.000001
2025-09-26,rmt_soft,risk_parity,0.005968,0.004122,0.000036,0.000017,16.000000,0.108128,1164.841307,4.512599,0.623775,0.063492,0.001471,0.000001
2025-09-26,rmt_soft,hrp,0.004576,0.002424,0.000021,0.000006,7.486767,0.274091,1164.841307,4.512599,0.623775,0.063492,0.001471,0.000001
2025-09-26,rmt_soft,max_diversification,0.005287,0.005082,0.000028,0.000026,6.409606,0.169483,1164.841307,4.512599,0.623775,0.063492,0.001471,0.000001
2025-09-26,rmt_rie,equal_weight,0.007992,0.005803,0.000064,0.000034,12.972624,0.062500,1164.841307,4.512599,0.623775,0.063492,0.001471,0.000001
2025-09-26,rmt_rie,inverse_variance,0.005172,0.002910,0.000027,0.000008,14.143002,0.167813,1164.841307,4.512599,0.623775,0.063492,0.001471,0.000001
2025-09-26,rmt_rie,minimum_variance,0.004710,0.004133,0.000022,0.000017,5.589089,0.182423,1164.841307,4.512599,0.623775,0.063492,0.001471,0.000001
2025-09-26,rmt_rie,risk_parity,0.005635,0.004070,0.000032,0.000017,16.000000,0.107589,1164.841307,4.512599,0.623775,0.063492,0.001471,0.000001
2025-09-26,rmt_rie,hrp,0.004367,0.002352,0.000019,0.000006,8.304256,0.255910,1164.841307,4.512599,0.623775,0.063492,0.001471,0.000001
2025-09-26,rmt_rie,max_diversification,0.005019,0.004883,0.000025,0.000024,6.876434,0.160989,1164.841307,4.512599,0.623775,0.063492,0.001471,0.000001
2025-09-26,factor_model,equal_weight,0.008606,0.005803,0.000074,0.000034,13.063830,0.062500,1164.841307,4.512599,0.623775,0.063492,0.001471,0.000001
2025-09-26,factor_model,inverse_variance,0.005599,0.002972,0.000031,0.000009,14.388453,0.162736,1164.841307,4.512599,0.623775,0.063492,0.001471,0.000001
2025-09-26,factor_model,minimum_variance,0.004967,0.004318,0.000025,0.000019,5.122790,0.192450,1164.841307,4.512599,0.623775,0.063492,0.001471,0.000001
2025-09-26,factor_model,risk_parity,0.005945,0.003931,0.000035,0.000015,16.000000,0.115481,1164.841307,4.512599,0.623775,0.063492,0.001471,0.000001
2025-09-26,factor_model,hrp,0.004610,0.002433,0.000021,0.000006,8.452843,0.267444,1164.841307,4.512599,0.623775,0.063492,0.001471,0.000001
2025-09-26,factor_model,max_diversification,0.005271,0.005426,0.000028,0.000029,4.652709,0.207180,1164.841307,4.512599,0.623775,0.063492,0.001471,0.000001
2025-10-27,sample,equal_weight,0.008583,0.006321,0.000074,0.000040,12.904642,0.062500,1220.505632,4.521169,0.623117,0.063492,0.001506,0.000001
2025-10-27,sample,inverse_variance,0.005433,0.004099,0.000030,0.000017,14.247347,0.174260,1220.505632,4.521169,0.623117,0.063492,0.001506,0.000001
2025-10-27,sample,minimum_variance,0.004977,0.004107,0.000025,0.000017,5.284124,0.189862,1220.505632,4.521169,0.623117,0.063492,0.001506,0.000001
2025-10-27,sample,risk_parity,0.005931,0.004569,0.000035,0.000021,16.000000,0.113029,1220.505632,4.521169,0.623117,0.063492,0.001506,0.000001
2025-10-27,sample,hrp,0.004885,0.003724,0.000024,0.000014,10.338667,0.221861,1220.505632,4.521169,0.623117,0.063492,0.001506,0.000001
2025-10-27,sample,max_diversification,0.005336,0.004328,0.000028,0.000019,6.693559,0.163581,1220.505632,4.521169,0.623117,0.063492,0.001506,0.000001
2025-10-27,ledoit_wolf,equal_weight,0.008173,0.006321,0.000067,0.000040,12.976935,0.062500,1220.505632,4.521169,0.623117,0.063492,0.001506,0.000001
2025-10-27,ledoit_wolf,inverse_variance,0.006148,0.004738,0.000038,0.000022,15.071124,0.102976,1220.505632,4.521169,0.623117,0.063492,0.001506,0.000001
2025-10-27,ledoit_wolf,minimum_variance,0.004992,0.004114,0.000025,0.000017,6.179693,0.170840,1220.505632,4.521169,0.623117,0.063492,0.001506,0.000001
2025-10-27,ledoit_wolf,risk_parity,0.006020,0.004789,0.000036,0.000023,16.000000,0.095722,1220.505632,4.521169,0.623117,0.063492,0.001506,0.000001
2025-10-27,ledoit_wolf,hrp,0.005428,0.004162,0.000029,0.000017,12.467949,0.138439,1220.505632,4.521169,0.623117,0.063492,0.001506,0.000001
2025-10-27,ledoit_wolf,max_diversification,0.005238,0.004289,0.000027,0.000018,7.468431,0.154308,1220.505632,4.521169,0.623117,0.063492,0.001506,0.000001
2025-10-27,constant_corr,equal_weight,0.008542,0.006321,0.000073,0.000040,13.028155,0.062500,1220.505632,4.521169,0.623117,0.063492,0.001506,0.000001
2025-10-27,constant_corr,inverse_variance,0.005447,0.004099,0.000030,0.000017,14.188500,0.174260,1220.505632,4.521169,0.623117,0.063492,0.001506,0.000001
2025-10-27,constant_corr,minimum_variance,0.005040,0.004108,0.000025,0.000017,5.275027,0.190129,1220.505632,4.521169,0.623117,0.063492,0.001506,0.000001
2025-10-27,constant_corr,risk_parity,0.006016,0.004600,0.000036,0.000021,16.000000,0.110342,1220.505632,4.521169,0.623117,0.063492,0.001506,0.000001
2025-10-27,constant_corr,hrp,0.004921,0.003732,0.000024,0.000014,10.423305,0.220781,1220.505632,4.521169,0.623117,0.063492,0.001506,0.000001
2025-10-27,constant_corr,max_diversification,0.005414,0.004324,0.000029,0.000019,6.870429,0.161109,1220.505632,4.521169,0.623117,0.063492,0.001506,0.000001
2025-10-27,rmt_hard,equal_weight,0.008584,0.006321,0.000074,0.000040,12.903819,0.062500,1220.505632,4.521169,0.623117,0.063492,0.001506,0.000001
2025-10-27,rmt_hard,inverse_variance,0.005460,0.004130,0.000030,0.000017,14.252229,0.171642,1220.505632,4.521169,0.623117,0.063492,0.001506,0.000001
2025-10-27,rmt_hard,minimum_variance,0.004973,0.004177,0.000025,0.000017,5.369930,0.187404,1220.505632,4.521169,0.623117,0.063492,0.001506,0.000001
2025-10-27,rmt_hard,risk_parity,0.005925,0.004566,0.000035,0.000021,16.000000,0.113241,1220.505632,4.521169,0.623117,0.063492,0.001506,0.000001
2025-10-27,rmt_hard,hrp,0.004580,0.003516,0.000021,0.000012,8.001660,0.270810,1220.505632,4.521169,0.623117,0.063492,0.001506,0.000001
2025-10-27,rmt_hard,max_diversification,0.005337,0.004304,0.000028,0.000019,6.563990,0.165541,1220.505632,4.521169,0.623117,0.063492,0.001506,0.000001
2025-10-27,rmt_soft,equal_weight,0.008584,0.006321,0.000074,0.000040,12.903832,0.062500,1220.505632,4.521169,0.623117,0.063492,0.001506,0.000001
2025-10-27,rmt_soft,inverse_variance,0.005436,0.004109,0.000030,0.000017,14.235096,0.173387,1220.505632,4.521169,0.623117,0.063492,0.001506,0.000001
2025-10-27,rmt_soft,minimum_variance,0.004982,0.004127,0.000025,0.000017,5.302810,0.189261,1220.505632,4.521169,0.623117,0.063492,0.001506,0.000001
2025-10-27,rmt_soft,risk_parity,0.005931,0.004569,0.000035,0.000021,16.000000,0.113008,1220.505632,4.521169,0.623117,0.063492,0.001506,0.000001
2025-10-27,rmt_soft,hrp,0.004890,0.003726,0.000024,0.000014,10.382281,0.220958,1220.505632,4.521169,0.623117,0.063492,0.001506,0.000001
2025-10-27,rmt_soft,max_diversification,0.005343,0.004320,0.000029,0.000019,6.630664,0.164667,1220.505632,4.521169,0.623117,0.063492,0.001506,0.000001
2025-10-27,rmt_rie,equal_weight,0.008063,0.006321,0.000065,0.000040,12.918411,0.062500,1220.505632,4.521169,0.623117,0.063492,0.001506,0.000001
2025-10-27,rmt_rie,inverse_variance,0.005075,0.004069,0.000026,0.000017,14.079532,0.179200,1220.505632,4.521169,0.623117,0.063492,0.001506,0.000001
2025-10-27,rmt_rie,minimum_variance,0.004719,0.004091,0.000022,0.000017,5.440646,0.185816,1220.505632,4.521169,0.623117,0.063492,0.001506,0.000001
2025-10-27,rmt_rie,risk_parity,0.005596,0.004564,0.000031,0.000021,16.000000,0.112716,1220.505632,4.521169,0.623117,0.063492,0.001506,0.000001
2025-10-27,rmt_rie,hrp,0.004290,0.003513,0.000018,0.000012,7.678048,0.277357,1220.505632,4.521169,0.623117,0.063492,0.001506,0.000001
2025-10-27,rmt_rie,max_diversification,0.005053,0.004311,0.000026,0.000019,6.986375,0.158261,1220.505632,4.521169,0.623117,0.063492,0.001506,0.000001
2025-10-27,factor_model,equal_weight,0.008687,0.006321,0.000075,0.000040,12.917544,0.062500,1220.505632,4.521169,0.623117,0.063492,0.001506,0.000001
2025-10-27,factor_model,inverse_variance,0.005406,0.004099,0.000029,0.000017,14.553043,0.174260,1220.505632,4.521169,0.623117,0.063492,0.001506,0.000001
2025-10-27,factor_model,minimum_variance,0.004755,0.004205,0.000023,0.000018,4.473254,0.209616,1220.505632,4.521169,0.623117,0.063492,0.001506,0.000001
2025-10-27,factor_model,risk_parity,0.005730,0.004425,0.000033,0.000020,16.000000,0.125344,1220.505632,4.521169,0.623117,0.063492,0.001506,0.000001
2025-10-27,factor_model,hrp,0.004287,0.003379,0.000018,0.000011,7.477423,0.300312,1220.505632,4.521169,0.623117,0.063492,0.001506,0.000001
2025-10-27,factor_model,max_diversification,0.005033,0.004482,0.000025,0.000020,5.685504,0.180622,1220.505632,4.521169,0.623117,0.063492,0.001506,0.000001
2025-11-25,sample,equal_weight,0.008622,0.004625,0.000074,0.000021,12.965854,0.062500,1204.444593,4.405027,0.630543,0.063492,0.001506,0.000001
2025-11-25,sample,inverse_variance,0.005375,0.003666,0.000029,0.000013,14.123141,0.180773,1204.444593,4.405027,0.630543,0.063492,0.001506,0.000001
2025-11-25,sample,minimum_variance,0.004876,0.003050,0.000024,0.000009,4.987615,0.198846,1204.444593,4.405027,0.630543,0.063492,0.001506,0.000001
2025-11-25,sample,risk_parity,0.005888,0.003676,0.000035,0.000014,16.000000,0.116175,1204.444593,4.405027,0.630543,0.063492,0.001506,0.000001
2025-11-25,sample,hrp,0.004746,0.003414,0.000023,0.000012,9.691819,0.236356,1204.444593,4.405027,0.630543,0.063492,0.001506,0.000001
2025-11-25,sample,max_diversification,0.005196,0.002910,0.000027,0.000008,6.041449,0.175000,1204.444593,4.405027,0.630543,0.063492,0.001506,0.000001
2025-11-25,ledoit_wolf,equal_weight,0.008216,0.004625,0.000067,0.000021,13.034247,0.062500,1204.444593,4.405027,0.630543,0.063492,0.001506,0.000001
2025-11-25,ledoit_wolf,inverse_variance,0.006134,0.004005,0.000038,0.000016,15.045001,0.104985,1204.444593,4.405027,0.630543,0.063492,0.001506,0.000001
2025-11-25,ledoit_wolf,minimum_variance,0.004911,0.003193,0.000024,0.000010,5.824884,0.178485,1204.444593,4.405027,0.630543,0.063492,0.001506,0.000001
2025-11-25,ledoit_wolf,risk_parity,0.006000,0.003801,0.000036,0.000014,16.000000,0.097580,1204.444593,4.405027,0.630543,0.063492,0.001506,0.000001
2025-11-25,ledoit_wolf,hrp,0.005404,0.003775,0.000029,0.000014,12.404756,0.141994,1204.444593,4.405027,0.630543,0.063492,0.001506,0.000001
2025-11-25,ledoit_wolf,max_diversification,0.005152,0.002950,0.000027,0.000009,6.767826,0.165399,1204.444593,4.405027,0.630543,0.063492,0.001506,0.000001
2025-11-25,constant_corr,equal_weight,0.008586,0.004625,0.000074,0.000021,13.064511,0.062500,1204.444593,4.405027,0.630543,0.063492,0.001506,0.000001
2025-11-25,constant_corr,inverse_variance,0.005386,0.003666,0.000029,0.000013,14.072850,0.180773,1204.444593,4.405027,0.630543,0.063492,0.001506,0.000001
2025-11-25,constant_corr,minimum_variance,0.004933,0.003115,0.000024,0.000010,5.061235,0.196905,1204.444593,4.405027,0.630543,0.063492,0.001506,0.000001
2025-11-25,constant_corr,risk_parity,0.005962,0.003702,0.000036,0.000014,16.000000,0.113698,1204.444593,4.405027,0.630543,0.063492,0.001506,0.000001
2025-11-25,constant_corr,hrp,0.004777,0.003419,0.000023,0.000012,9.769592,0.235364,1204.444593,4.405027,0.630543,0.063492,0.001506,0.000001
2025-11-25,constant_corr,max_diversification,0.005280,0.002931,0.000028,0.000009,6.174467,0.172968,1204.444593,4.405027,0.630543,0.063492,0.001506,0.000001
2025-11-25,rmt_hard,equal_weight,0.008622,0.004625,0.000074,0.000021,12.965591,0.062500,1204.444593,4.405027,0.630543,0.063492,0.001506,0.000001
2025-11-25,rmt_hard,inverse_variance,0.005404,0.003677,0.000029,0.000014,14.152276,0.177989,1204.444593,4.405027,0.630543,0.063492,0.001506,0.000001
2025-11-25,rmt_hard,minimum_variance,0.004881,0.003035,0.000024,0.000009,4.922379,0.200420,1204.444593,4.405027,0.630543,0.063492,0.001506,0.000001
2025-11-25,rmt_hard,risk_parity,0.005888,0.003677,0.000035,0.000014,16.000000,0.116105,1204.444593,4.405027,0.630543,0.063492,0.001506,0.000001
2025-11-25,rmt_hard,hrp,0.004726,0.003447,0.000022,0.000012,10.003315,0.239087,1204.444593,4.405027,0.630543,0.063492,0.001506,0.000001
2025-11-25,rmt_hard,max_diversification,0.005186,0.002892,0.000027,0.000008,5.937267,0.176811,1204.444593,4.405027,0.630543,0.063492,0.001506,0.000001
2025-11-25,rmt_soft,equal_weight,0.008623,0.004625,0.000074,0.000021,12.965115,0.062500,1204.444593,4.405027,0.630543,0.063492,0.001506,0.000001
2025-11-25,rmt_soft,inverse_variance,0.005382,0.003671,0.000029,0.000013,14.117911,0.179771,1204.444593,4.405027,0.630543,0.063492,0.001506,0.000001
2025-11-25,rmt_soft,minimum_variance,0.004880,0.003045,0.000024,0.000009,4.947662,0.199706,1204.444593,4.405027,0.630543,0.063492,0.001506,0.000001
2025-11-25,rmt_soft,risk_parity,0.005888,0.003676,0.000035,0.000014,16.000000,0.116133,1204.444593,4.405027,0.630543,0.063492,0.001506,0.000001
2025-11-25,rmt_soft,hrp,0.004769,0.003510,0.000023,0.000012,9.940340,0.233074,1204.444593,4.405027,0.630543,0.063492,0.001506,0.000001
2025-11-25,rmt_soft,max_diversification,0.005198,0.002906,0.000027,0.000008,6.010849,0.175631,1204.444593,4.405027,0.630543,0.063492,0.001506,0.000001
2025-11-25,rmt_rie,equal_weight,0.008104,0.004625,0.000066,0.000021,12.989884,0.062500,1204.444593,4.405027,0.630543,0.063492,0.001506,0.000001
2025-11-25,rmt_rie,inverse_variance,0.005032,0.003664,0.000025,0.000013,13.927127,0.186916,1204.444593,4.405027,0.630543,0.063492,0.001506,0.000001
2025-11-25,rmt_rie,minimum_variance,0.004646,0.003212,0.000022,0.000010,5.262100,0.191087,1204.444593,4.405027,0.630543,0.063492,0.001506,0.000001
2025-11-25,rmt_rie,risk_parity,0.005579,0.003701,0.000031,0.000014,16.000000,0.115397,1204.444593,4.405027,0.630543,0.063492,0.001506,0.000001
2025-11-25,rmt_rie,hrp,0.004509,0.003600,0.000020,0.000013,9.864135,0.238196,1204.444593,4.405027,0.630543,0.063492,0.001506,0.000001
2025-11-25,rmt_rie,max_diversification,0.004964,0.003010,0.000025,0.000009,6.394571,0.167506,1204.444593,4.405027,0.630543,0.063492,0.001506,0.000001
2025-11-25,factor_model,equal_weight,0.008713,0.004625,0.000076,0.000021,12.944646,0.062500,1204.444593,4.405027,0.630543,0.063492,0.001506,0.000001
2025-11-25,factor_model,inverse_variance,0.005319,0.003666,0.000028,0.000013,14.424453,0.180773,1204.444593,4.405027,0.630543,0.063492,0.001506,0.000001
2025-11-25,factor_model,minimum_variance,0.004515,0.002974,0.000020,0.000009,4.518995,0.208491,1204.444593,4.405027,0.630543,0.063492,0.001506,0.000001
2025-11-25,factor_model,risk_parity,0.005532,0.003578,0.000031,0.000013,16.000000,0.133088,1204.444593,4.405027,0.630543,0.063492,0.001506,0.000001
2025-11-25,factor_model,hrp,0.004368,0.003427,0.000019,0.000012,9.802812,0.256816,1204.444593,4.405027,0.630543,0.063492,0.001506,0.000001
2025-11-25,factor_model,max_diversification,0.004730,0.003025,0.000022,0.000009,5.144301,0.195256,1204.444593,4.405027,0.630543,0.063492,0.001506,0.000001
